key,input,pic50
BFUUJUGQJUTPAF-UHFFFAOYSA-N,CCCOc1ccc(C(=O)OCCN(CC)CC)cc1N.Cl,5.263640880584717
DEBNUQDKUXAUQG-ZDUSSCGKSA-N,O=[N+]([O-])c1cn2c(n1)OC[C@@H](OCc1ccc(N3CCSCC3)c(F)c1)C2,5.106864929199219
CIKWSIPNUVMDQN-UHFFFAOYSA-N,Nc1ccccc1Sc1ccc(CNc2ccccc2C(=O)O)cc1[N+](=O)[O-],2.644237518310547
NSJSZWWHLTXYLL-GOSISDBHSA-N,O=C1O[C@@H](CO)CN1c1cc(F)c(C2=CCN(Cc3ccccc3)CC2)c(F)c1,4.6729326248168945
UDWYZSVDGJRHCH-UHFFFAOYSA-N,Cc1ccc(Cl)cc1NC(=O)Cn1nc2c(N3CCOCC3)nc3ccccc3n2c1=O,5.015015125274658
MKRSYINBCCZGPZ-UHFFFAOYSA-N,COc1ccc(Cl)cc1NC(=O)Cn1ccnn1,5.446356296539307
QZSNYQLWQPAZRL-UHFFFAOYSA-N,COc1ccc(CCNC2CCCCc3ccc(OC)c(c3)Oc3cc(ccc3OC)CC2)cc1OC,5.777218341827393
DIQIGODADKVZEQ-UHFFFAOYSA-N,CC(C)OCCN1CCC(N)CC1,3.8929085731506348
JCJZNPJNXCQPRK-UHFFFAOYSA-N,O=C(CCN1CCCS1(=O)=O)Nc1ccccc1I,5.267870903015137
ABNOVCYQWFZTPI-UHFFFAOYSA-N,OCCCNCC(F)(F)F,3.379323720932007
UPYSDFXFWWJIRF-UHFFFAOYSA-N,O=C(CN1CSCC1=O)NCCc1cccc(Cl)c1,4.780032157897949
JYIUJTXFRRPARW-UHFFFAOYSA-N,NC1CCCN(c2cc(N3CCOCC3)ncn2)C1,3.981747627258301
WJAMFZVSJYMDDT-UHFFFAOYSA-N,O=C(Nc1ncc(Cc2cccc3ccccc23)s1)C1CCCCC1,5.937958240509033
NVPRDRGHQMCFOS-UHFFFAOYSA-N,CC1CCCN(Cc2ccc(CN)cc2)C1,4.670617580413818
POBUZIBMYJLAIL-UHFFFAOYSA-N,Cc1ccc(C(=O)NC2CCN(CC(N)=O)CC2)cc1,4.799999713897705
OCIVARXWZWPHRF-UHFFFAOYSA-N,CC(NNc1ccc([N+](=O)[O-])cc1[N+](=O)[O-])=C1C(=O)N(C)C(=O)N(C)C1=O,4.21419095993042
QKTRIGNWBRHBFV-DUXPYHPUSA-N,CN1CCN(C(=O)/C=C/c2ccc([N+](=O)[O-])o2)CC1,4.14382791519165
YWCYMEPBJYACMO-UHFFFAOYSA-N,Cn1c(=O)c2c(nc(Cc3ccccc3)n2C)n(C)c1=O,4.552199840545654
HVPUNMDSKIFXBN-UHFFFAOYSA-N,O=C(Nc1ccc(Sc2nc3ccccc3s2)c(Cl)c1)c1cc(Br)ccc1O,5.924890518188477
LAYZFZDNUJIZRS-INIZCTEOSA-N,CN(CCc1ccccc1)C(=O)CCNC(=O)[C@H](O)C(C)(C)CO,2.887319564819336
RYAUINPZSNOJEX-UHFFFAOYSA-N,COc1cc(Br)ccc1CCCNC(=O)c1c[nH]nn1,6.394350528717041
JYVJKEFIZHQVHE-UHFFFAOYSA-N,Cc1n[nH]cc1CNCCN1CCCCCC1=O,2.9790072441101074
SJKOQMCAHSJMCS-UHFFFAOYSA-N,COc1ccc(Cn2cnc3c(-c4ccco4)nc(Cl)nc32)cc1,5.707387447357178
CVUNBDGSCPPQJJ-UHFFFAOYSA-N,N=C(N)NCCCCCCCCN(CCCCCCCCN)C(=O)N(CCCCCCCCNC(=N)N)CCCCCCCCNC(=N)N,5.980003356933594
YGOBTBBMSWOIAY-ONNFQVAWSA-N,COc1cc(/C=C/C(=O)c2ccc(Nc3nc4cc(Cl)ccc4o3)cc2)cc(OC)c1OC,5.274487018585205
NPSUMSFXWXSUGQ-UHFFFAOYSA-N,CCOCCCNC(=O)c1ccc(C#N)cc1,5.7701849937438965
UATNWPUVNUITAO-UHFFFAOYSA-N,CCOCc1noc(C(C)N)n1,3.6022496223449707
URZHJXZISJPZBW-UHFFFAOYSA-N,COCc1ccccc1CNS(=O)(=O)N1CCOCC1,4.495223045349121
CQKMDZPRNALSPM-UHFFFAOYSA-N,Cc1ncc(C(=O)NCC(C)CO)c(O)c1Br,4.69633150100708
OUEMOTZROYCTKI-UHFFFAOYSA-N,O=C1CCCN1CC1CCCCN1,4.0247673988342285
QRCTXWDNBSQGNQ-UHFFFAOYSA-N,COc1cc(I)ccc1[As](=O)(O)O,5.187140941619873
BBJZOKHHRARXIG-UHFFFAOYSA-N,O=C1CC2(CCCNC2)CN1,3.712296485900879
PUQUTIRPHMRPJS-IYRCEVNGSA-N,C[C@]12CC(C=O)=C(O)C[C@@H]1CC[C@@H]1[C@@H]2CC[C@@]2(C)[C@H]1CC[C@]2(C)O,4.099715709686279
FEBZTEVSIZSYPI-CHYQFYATSA-N,CC[C@H]1OC(=O)[C@H](C)C(=O)[C@H](C)[C@@H](O[C@@H]2O[C@H](C)C[C@H](N(C)C)[C@H]2O)[C@](C)(OC)C[C@@H](C)CN[C@H](C)[C@@H]2N(CCCCn3cc(-c4cccc(N)c4)nn3)C(=O)O[C@@]21C,4.239838600158691
IWNZDKGBBPAKHP-UHFFFAOYSA-N,Cn1ccc(C2CCCCN2)n1,4.325811862945557
JZDQVVKVQLSBLJ-UHFFFAOYSA-N,CCCCCCCCCCNC(=O)C[N+](C)(CCO)CCCCCCCCCCCC[N+](C)(CCO)CC(=O)NCCCCCCCCCC.[Br-].[Br-],6.882803440093994
ULIMZYAYESNNIP-UHFFFAOYSA-N,CNC(CO)c1ccccc1,3.753075122833252
MLILQWLEIJLQNC-UHFFFAOYSA-N,OC1(C(F)(F)F)CCOCC1,3.672300338745117
OOPVDYMIOCWMPK-UHFFFAOYSA-N,NC1CCN(C(=O)c2cnccn2)CC1,4.053954601287842
IXWDUDOZEMMROX-UHFFFAOYSA-N,O=C1CCC(NC(=O)NCc2ccccc2F)CN1,4.801999568939209
XGZAIBATSFWZLN-UHFFFAOYSA-N,COc1ccc(C2=NCCN2)cc1-c1cn(-c2cccc(C3=NCCN3)c2)nn1.O=C(O)C(F)(F)F.O=C(O)C(F)(F)F,4.56862211227417
JZZVVNQVOVKBRU-UHFFFAOYSA-N,Cc1cc2c(c(C#N)c1C)NC=NC2C,4.447726726531982
NPECCNCQASFSJL-UHFFFAOYSA-N,O=C(NNCc1c[nH]c2ccccc12)c1cccc2ccccc12,5.32019567489624
OHOWIRJWCDAPKI-UHFFFAOYSA-N,CC(c1nc(C2CC2)no1)N1CCn2ccnc2C1,3.2719814777374268
PCZQEWKPCQAYJF-UHFFFAOYSA-N,Cc1ccc(S(=O)(=O)ON2C(=O)CC2Cn2cc(CNC(=O)c3ccccc3)nn2)cc1,4.305965900421143
FBHJVVCFQDEMPF-UHFFFAOYSA-N,Cc1[nH]c(=O)[nH]c(=O)c1CCC(=O)Nc1nccs1,5.129387855529785
DXLZCTVXGGLVDD-UHFFFAOYSA-N,Cc1ccnc(NCCS(=O)(=O)NCC2CCC2)c1,4.747269153594971
PFZIOBCLVVWVJD-UHFFFAOYSA-N,CN(c1cccnc1)c1[nH]cnc2nncc1-2,4.028678894042969
AJZHBGGZBQZLGM-UHFFFAOYSA-N,O=C(NCCC1=CCCCC1)NC1CCS(=O)(=O)C1,4.207486152648926
ITOYOTJXYAOWBL-UHFFFAOYSA-N,CC(C)C(CN)N1CCCC1,2.826904535293579
VGPIBGGRCVEHQZ-UHFFFAOYSA-N,CC(C)(C)C(O)C(Oc1ccc(-c2ccccc2)cc1)n1cncn1,5.42847204208374
HUNCHJKHPPTIAN-UHFFFAOYSA-N,Nc1ccc(C(=O)N2CCOCC2)cn1,3.3910739421844482
QVLAQKVWSQJAHJ-UHFFFAOYSA-N,COC(=O)c1ccccc1S(=O)(=O)N1CCCCC1,4.913199424743652
IGCIWDGEWNHGOT-UHFFFAOYSA-N,Cc1nnnn1CCC(=O)NCc1csc(C(C)C)n1,4.075831890106201
GYVUGWTVTJMFLI-UHFFFAOYSA-N,c1ccc(Nc2nccs2)nc1,4.539575099945068
AKXYELYOSMQBDD-UHFFFAOYSA-N,CC(=O)Nc1ccc(S(=O)(=O)N=S(C)C)cc1,5.092451572418213
PQBCORDVTXTXRD-UHFFFAOYSA-N,CCc1noc(C2=NNC(=O)CC2)n1,3.7797536849975586
QVBAZDONZWWGKF-BPSAMJOPSA-N,CN1C=C2C[C@@H]3[C@H](C[C@@H](CNC(=O)OCc4ccccc4)CN3C)C3C=CC=C1C23,5.772247791290283
YZRMJEUPVCOVSO-UHFFFAOYSA-N,c1ccc(-c2n[nH]c(C3CCCNC3)n2)cc1,5.345841884613037
RVVBRXJHRPGCKO-UHFFFAOYSA-N,O=C(CCc1cc(Cl)no1)N1CCOC(C(F)(F)F)C1,5.273895740509033
DNFFJEKROCCRAQ-UHFFFAOYSA-N,COc1ccc(NC(=O)c2ccc(S(N)(=O)=O)o2)cc1,4.479687213897705
LIMHOUMNLACEHA-UHFFFAOYSA-N,CCN1CCCN(C(=O)c2ccc(C)c(F)c2)CC1,5.281469821929932
DRVKQPQNVGYTPY-UHFFFAOYSA-N,CC(C)NC(=O)N1CCCC(S(C)(=O)=O)C1,4.128251552581787
PRLIXKCWLKCPPO-UHFFFAOYSA-N,NC(=O)c1ccccc1COC(=O)c1ccsc1,4.685573577880859
UNEWUEVMKXIUMM-UHFFFAOYSA-N,Cc1ccc(NC(=O)NC(C)CS(C)(=O)=O)cc1,4.674265384674072
CNBQSRCBLSQWGQ-UHFFFAOYSA-N,CCC1Oc2c(Cl)cccc2NC1=O,4.9356207847595215
PFAVBKOMTMUFME-UHFFFAOYSA-N,CCCn1c(S)nnc1-c1ccc(S(=O)(=O)c2ccc(Cl)cc2)cc1,5.74802827835083
MQYNTKXVEJQFIZ-UHFFFAOYSA-N,CCS(=O)(=O)NCCNC(=O)c1cc(C)cc(Br)c1,6.4914021492004395
AGXXJKYALCIHTI-UHFFFAOYSA-N,CN(Cc1nc(N)nc(N(C)C)n1)CC1CCCO1,3.091550350189209
GBYJFMCPBNXWPU-UHFFFAOYSA-N,NCCNC(=O)C(CN)(Cc1ccc(C(F)(F)F)cc1)Cc1ccc(C(F)(F)F)cc1,5.301448345184326
FYUOJDFLGWIECB-UHFFFAOYSA-N,CC(C)(C)OC(=O)NCC1CC(C(N)=O)=NO1,4.954915523529053
ULJXJASKIKRWKU-UHFFFAOYSA-N,CCOC(=O)Nc1ccc2nc(N3CCCCCC3)sc2c1,5.65255880355835
DGYSVRZLCNLEMI-UHFFFAOYSA-N,CCCS(=O)(=O)NC1CCN(Cc2nnc(C)o2)CC1,3.922471523284912
BKGVTWAVZQJCGC-UHFFFAOYSA-N,Nc1nc(CCC(=O)NCCc2ccccn2)cs1,3.8993430137634277
BCEPQCVFPISPLY-GHMZBOCLSA-N,Cc1cc(S(=O)(=O)N[C@@H]2COCC[C@H]2O)c(Cl)cc1F,5.035211563110352
XXKPYHLIOBWUHN-UHFFFAOYSA-N,CCOC(=O)C(C)NC(=O)c1cn(C)nc1SC,4.554987907409668
FLOSMHQXBMRNHR-UHFFFAOYSA-N,CC(=O)N=c1sc(S(N)(=O)=O)nn1C,3.7794315814971924
JPCUIDDCFZHAGH-OCKHKDLRSA-N,O=C(/C(=C/c1c[nH]c2ccccc12)n1cnc2cc(Cl)ccc2c1=O)c1nccs1,5.1772894859313965
PHOXXENXILYEBY-KWQFWETISA-N,CC[C@H](C)[C@H](NC(N)=O)C(=O)Nc1ccccc1F,5.218362808227539
KLOLBTMLJFECTI-UHFFFAOYSA-N,CCSCc1ccc(C(=O)NCCNC(C)=O)cc1,4.446486949920654
RTTLDBVIGRAMKR-UHFFFAOYSA-N,CC(C)OCc1cccc(NC(C)C(=O)NC(N)=O)c1,3.8499155044555664
AEQNIXBGGHIRSF-FMQUCBEESA-N,NC(=O)c1ccc(/N=N/c2c(O)c3ccccc3[nH]c2=O)cc1,5.04329252243042
IJZSPBJTRSCDQM-UHFFFAOYSA-N,CC(C)(C)c1noc(CCC(=O)N2CCSCC2)n1,3.97762393951416
CGPYMQNARPEMFO-UHFFFAOYSA-N,Cn1c(CCN)nc2c(F)cccc21,4.143104076385498
LOAYREZAOJSDMO-UHFFFAOYSA-N,O=C(Nc1cc(Cl)ccc1Oc1cccc2c(Br)cccc12)c1cc(Cl)cc(Br)c1O,5.842569828033447
YBVNVPUZIXCWCJ-UHFFFAOYSA-N,Fc1ccc2nc(N3CCCNCC3)oc2c1F,5.1639180183410645
SDBIGTVQLSXETR-RIHPBJNCSA-M,O=C1N2C[C@@H](CC[C@H]2CCl)N1OS(=O)(=O)[O-].[Na+],3.447042942047119
CLJFIEBPGYAULT-UHFFFAOYSA-N,CC(C)=CCN(C)CC1CCN(CCO)CC1,3.7589023113250732
LYPUGHDFPYWKIG-DTWKUNHWSA-N,N[C@H]1CCO[C@@H]1c1cccnc1,3.707440137863159
LGRLHLSVCDZSFS-UHFFFAOYSA-N,COc1ccc(S(=O)(=O)N2CCC(N)CC2)cc1OC,5.180123805999756
YRXVFVOPZRQNMO-RUQJKXHKSA-N,CC(C)CCOc1ccc2ccccc2c1-c1c(OCc2cn([C@H](CCCNC(=N)N)C(=O)NCc3ccccc3)nn2)ccc2ccccc12.Cl,6.225077152252197
VUKAAUYGCNKYCB-UHFFFAOYSA-N,O=C(NCCCn1cccn1)c1ccc2c(c1)OCO2,5.114226818084717
CEMZQQRNKOMQFU-UHFFFAOYSA-N,COc1ccc2c(c1)C(=O)C(=Cc1cccnc1Br)CC2,5.224790096282959
MMZZDXOKTDGOFE-UHFFFAOYSA-N,O=C(CSc1nnc2c3cc(-c4ccc(F)cc4)nn3ccn12)Nc1ccccc1C(F)(F)F,5.803024768829346
MXHVQNLOZBZIEB-LFIBNONCSA-N,C#Cc1cccc(/N=C/c2cccc([N+](=O)[O-])c2)c1,4.94921350479126
MFTSRMJYWLCCSA-LGMDPLHJSA-N,CC1(C)CC2(C)OC2C2(C1)N=N/C(=N/c1ccccc1)O2,5.320958614349365
SIWDDBLVPIKPCG-UHFFFAOYSA-N,CS(=O)(=O)N1CCC(Nc2ncc(Br)cn2)CC1,4.6587910652160645
KUIGYCIIRCNSCQ-UHFFFAOYSA-N,Cn1c(=O)oc2ccc(CC#N)cc21,3.335219621658325
WEBSATYHIRZGFH-UHFFFAOYSA-N,Cc1nn(C)cc1C(C)Nc1ncccc1C#N,4.4721198081970215
JDJZGXKZLWVYDJ-UHFFFAOYSA-N,Cc1cc2ncn(-c3ccnc(NS(=O)(=O)c4ccc(N)cc4)n3)c2cc1C,4.467016696929932
XOCLHGYTLWVXQB-UHFFFAOYSA-N,Sc1nccn1-c1ccccc1Cl,5.133157253265381
GVUNEACACSWRAA-UHFFFAOYSA-N,O=C(CNC(=O)c1cc(F)cc(F)c1)Nc1nccs1,5.22014856338501
PPOWVINCRQGBEG-UHFFFAOYSA-N,NC1CCOC2(CCCC2)C1,3.9662423133850098
VKPZNUNFPPKHON-UHFFFAOYSA-N,O=C(NCCn1cccc1)c1ccc(Cl)cn1,4.725767135620117
LJQIAPYOHBQBKL-UHFFFAOYSA-N,Cc1cc(N2CCC3(CC2)OCCO3)n2ncnc2n1,5.94850492477417
OABJAUBKMJMDSA-UHFFFAOYSA-N,CC(C)n1cnnc1CCNC(=O)CCC(F)(F)F,3.9564433097839355
QJFOKHAAWQUQSN-AMIPVKNESA-N,C[C@]1(C(=O)O)CCC[C@]2(C)c3cc(OC(=O)CCCNCCCCCCCCCCNCCCNC(=O)Oc4ccc5c(c4)[C@@]4(C)CCC[C@](C)(C(=O)O)[C@@H]4CC5)ccc3CC[C@@H]12.O=C(O)C(F)(F)F.O=C(O)C(F)(F)F,4.007083892822266
YQIQHBJQTNUVCL-UHFFFAOYSA-N,NCCc1nc(C2CC2)cs1,3.081885814666748
LUNYKMYXESFSBL-UHFFFAOYSA-N,COc1ccc2cc1Oc1cc(ccc1OC)CCC(NCCc1ccccn1)CCCC2,5.854156970977783
OBDJQQGOWYVQMC-UHFFFAOYSA-N,Cc1nonc1OCCNC(=O)CN1CCOCC1,4.956564903259277
IWQBQVIYTMIQRL-UHFFFAOYSA-N,CN(O)C(=O)CSC(c1ccccc1)P(=O)(O)O,4.024775505065918
WPCXRPVKYJMMLZ-UHFFFAOYSA-N,Cc1ccc(CN(c2ccc(C(C)C)cc2)S(=O)(=O)c2cccn3cnnc23)cc1,5.9568705558776855
RNOKWJBENVQHNF-UHFFFAOYSA-N,NC(=O)C1CCN(CC(=O)NCc2ccc(Cl)s2)CC1,4.280885219573975
MJOBXWLVKBHVSW-UHFFFAOYSA-N,COc1ccc(NC(=O)c2ccc3nn(CC(=O)Nc4ccccc4C(F)(F)F)c(=O)n3c2)cc1,5.54920768737793
CJBKGWQZUXWMQB-UHFFFAOYSA-N,CNC(=O)C(CC(C)C)NC(=O)c1ccc(Br)c(O)c1,4.221951961517334
HJDQGJRNNAVWDA-UHFFFAOYSA-N,NC1CC(=O)N(c2ccccc2Cl)C1,4.073713779449463
NIJGYRAEBCXPKT-UHFFFAOYSA-N,CC1(C)CNC(=O)CN1C(=O)CC(F)(F)F,4.222870349884033
NETUGMPNXICZLU-UHFFFAOYSA-N,O=C(NCc1cn2cc(Br)ccc2n1)C1CC1,4.734058856964111
SRRSIDZFVYCFAD-UHFFFAOYSA-N,NC(=O)c1cccc(NC(=O)N2CC(O)(C3CC3)C2)c1,4.174860000610352
AUFDWCIEGFLXNS-UHFFFAOYSA-N,Cc1ccc(S(=O)(=O)Nc2ccc(N(C)C)nc2)cc1,4.969323635101318
AUCWFMRBIJKWAG-UHFFFAOYSA-N,COCCn1ccnc1C1CCCN(C(=O)CSC)C1,4.7061028480529785
GXYOTELGQMRTLW-YRWFTTLQSA-N,Nc1ncc2cc(-c3c(Cl)cccc3-c3ccncc3)c(N3C[C@@H]4[C@@H](N)[C@@H]4C3)nc2n1,5.5391716957092285
PJEVMIOUSWALSF-UHFFFAOYSA-N,NCC(=O)N1Cc2ccccc2C1,3.919597625732422
WATVRERTCMPDCR-UHFFFAOYSA-N,Cn1nc(N2CCCC2)c(=O)n(C)c1=O,1.6831395626068115
HHBOQPBUTDPPKD-UHFFFAOYSA-N,O=C(Cn1nc2c3cc(-c4ccc(F)cc4)nn3ccn2c1=O)Nc1ccccc1,5.377074718475342
XYGARHFSGFFRCW-IADYIPOJSA-N,CCCCN1C(=O)c2cccc3c(N4CCN(C(=O)/C(=N\OC)c5csc(N)n5)CC4)ccc(c23)C1=O,4.916222095489502
CNMKZYFUQFORAA-UHFFFAOYSA-N,Cc1cccnc1NC(=O)c1csnn1,4.143371105194092
HPCFXMHDAWIIGD-RRABGKBLSA-N,COc1cccc(/C=C/c2ccc(C(=O)Nc3cc(C(=O)Nc4cc(C(=O)NCCN(C)C)n(C)c4)n(C)c3)cc2)c1.O=C(O)C(F)(F)F,5.638510704040527
LXUWIPJZDWPJMM-UHFFFAOYSA-N,O=C(c1ccsc1)N1CCC2(CC1)OCCO2,5.033830165863037
OKWZAYUFKAPLTR-LDCOFTPGSA-N,CC1=CC(=O)[C@@](C)(O)C(=O)/C1=C\Nc1ccc(Br)cc1,5.410163402557373
VFDWSXXAAVKPLY-UHFFFAOYSA-N,Cc1ccccc1-c1noc(Cn2nc3ccc(-c4ccccc4)nn3c2=O)n1,6.0574212074279785
NVKQHQIIHOJJHM-UHFFFAOYSA-N,COc1ccc(Br)c(C(=O)NCCCN)c1,5.4397382736206055
JZPYADBLBDSIJQ-UHFFFAOYSA-N,Cc1csc(C(C)CNC(=O)Nc2ncnn2C)n1,4.127121925354004
OFZWKXGBJGTDIA-UHFFFAOYSA-N,Cn1cnc(S(=O)(=O)NC2(CN)CCCC2)c1,4.627426624298096
KTEXQYRPEHTLTC-UHFFFAOYSA-N,O=C(NCCN1CCCC1)c1csc(-c2ccco2)n1,4.792613506317139
UIQRZGLZDWPCJR-UHFFFAOYSA-N,CCc1ccc2oc(-c3cccc(NC(=O)c4ccc([N+](=O)[O-])o4)c3)nc2c1,4.203363418579102
YROSLMBDLJETCD-UHFFFAOYSA-N,O=C(CCc1ccccc1F)Nc1nnc[nH]1,5.384307861328125
CUWSRQQBDQUPIR-UHFFFAOYSA-N,Cc1c(CNC2CCC(NC(=N)N)CC2)cc(-c2ccc(Cl)cc2)n1-c1ccc(Cl)cc1,4.988501071929932
UBPXPRSVEBKETF-UHFFFAOYSA-N,CCCC1COCCN1Cc1cc(C)n[nH]1,4.579409122467041
FBSYJUVNGAMMOK-UHFFFAOYSA-N,Nc1ccc2ncnc(Nc3ccc(OCc4cccc(F)c4)c(Cl)c3)c2c1,4.958812236785889
NQQLVUQKMJXKJR-MUSPZTJMSA-N,O=C(N/N=C/C[C@@H]1[C@@H](/C=N/NC(=O)c2ccncc2)[C@H](O)C[C@@H]1O)c1ccncc1,5.109167098999023
GMLAKIVNAMDVOA-UHFFFAOYSA-N,COCCNC(=O)CN(C)CCc1ccccc1,4.282968044281006
CGSIYXVNNORFSP-UHFFFAOYSA-N,O=C(c1cc(C2CC2)on1)N1CCN2CCC1CC2,4.825637340545654
XROWYRCXSYKEGG-JHEYCYPBSA-N,C[N+]1(C)CCC[C@@H]1C(=O)N[C@@H](Cc1cc(Br)c(O)c(Br)c1)C(=O)O.O=C([O-])C(F)(F)F,5.030566692352295
HEJRZYXYMWIXCR-UHFFFAOYSA-N,Cc1nn(-c2ccccc2)cc1CN,3.89579439163208
HBEVKPPOXABVBA-BDAKNGLRSA-N,Cc1nc(N)sc1C(=O)N1C[C@H](C2CC2)[C@@H](N)C1,4.6994781494140625
IJHCGDHLODDTRQ-UHFFFAOYSA-N,CCCCCCCCCCN1CCN(c2ccc3c4c(cccc24)C(=O)N(Nc2nccs2)C3=O)CC1,6.363255023956299
QHGMOEAFLAPJQX-UHFFFAOYSA-N,N#CC12CNCC1CN=N2,3.6643197536468506
NPEPLZOMCKGCIS-UHFFFAOYSA-N,CN(Cc1cnn(C)c1)C(=O)Cn1cc(Br)ccc1=O,5.163201808929443
GVAPCKBJQBSSIQ-UHFFFAOYSA-N,Cc1ccccc1C(C)CC(=O)NC(C)(CO)CO,2.9631409645080566
WZOUGKAXQBUEPB-UHFFFAOYSA-N,NS(=O)(=O)N1CCN(Cc2ccccc2)CC1,4.1988091468811035
UYXSBBSVXALBRA-HTRCEHHLSA-N,CC(C)(C)[C@@H]1NC(=O)CC[C@H]1N,4.078381538391113
YPWTXUNAVYAEBS-UHFFFAOYSA-N,CC(C)(C#N)c1ccc(-c2cc(C(N)=O)ccn2)cc1,4.696186065673828
SRXBLLOBCVPXTM-UHFFFAOYSA-N,Nc1nc(CCCNC(=O)c2n[nH]c3c2CCC3)cs1,4.823272228240967
MBYNRSOENPBHSB-UHFFFAOYSA-N,CC(NCCN1CCOCC1)C1CCOCC1,3.8300609588623047
KQPOYRSZVQDXKT-UHFFFAOYSA-N,CN1CCCCC1CC(=O)NCc1ccc(C#N)cc1,4.380183696746826
LZLIHXLKMNDQQM-UHFFFAOYSA-N,CN(C)C(=O)Cn1c(C(F)(F)F)nc2ccccc21,5.754811763763428
IKNUYBDMFLDBAO-UHFFFAOYSA-N,O=C(CCC(=O)Nc1cccc2cccnc12)NCCCNCCCCCCCCNCCCNC(=O)CCC(=O)Nc1cccc2cccnc12.O=C(O)C(F)(F)F.O=C(O)C(F)(F)F,3.818024158477783
CILBGWDTLFTXPJ-UHFFFAOYSA-N,CN(C(=O)c1cc2c(-c3cncnc3)cccc2[nH]1)c1ccccc1,5.1504716873168945
TZCOXLOPBPHUEJ-UHFFFAOYSA-N,N#Cc1cccc(C2CNCCO2)c1,3.5195274353027344
JIHHLJPQLQDZNE-UHFFFAOYSA-N,CC(=O)c1csc(C(=O)N2CCCC2C(C)(C)O)c1,4.682391166687012
KFJLPDJWEVYELI-UHFFFAOYSA-N,CCNC(=O)CN(CC)S(=O)(=O)c1ccc(C)cc1,4.7078166007995605
JWAOKIDGDBNICV-UHFFFAOYSA-N,CCC(NC(=O)c1ccncc1I)C(=O)OC,5.0481977462768555
BMSYXLRQGIFLFO-UHFFFAOYSA-N,CC(C)OCCC#N,1.9206666946411133
BFZBMYJJOCYGNG-UHFFFAOYSA-N,CN(C(=O)c1ccc(Cl)cc1)c1nncs1,4.795559406280518
VBBKHZAXIMSSIE-UHFFFAOYSA-N,CC(=O)NC1CCN(Cc2ccc(F)c(F)c2)CC1,4.5891499519348145
ADIYDABYGSLMNV-UHFFFAOYSA-N,CCOc1ccc(-c2nc3ccc(N4CCN(C)CC4)cc3[nH]2)cc1,5.517414569854736
CUVILBXWILWICY-UHFFFAOYSA-N,COc1ccc(NC(=O)C2CCC(=O)NC2)cn1,4.4321770668029785
VLQWFKWRNFSEBH-UHFFFAOYSA-N,COc1cccc(CCC(=O)NCCCN(C)C)c1,3.871478796005249
NOIKXEMRWUZXKO-UHFFFAOYSA-N,c1cncc(CN2CCC(OC3CCOCC3)CC2)c1,5.343318462371826
IDTDFGYJYBKUPJ-UHFFFAOYSA-N,NC(=O)CN1CCCN(Cc2ccccc2)CC1,4.512760162353516
YHPQPCYKTYBQES-UHFFFAOYSA-N,c1ncn(-c2ccc(NCC3CCOCC3)cc2)n1,4.730412483215332
DFJJUSIKXUQOSH-UHFFFAOYSA-N,Nc1cccnc1NCc1cccnc1,4.3575005531311035
DRMSAZMBCNSZAY-UHFFFAOYSA-N,Cc1ccccc1C(C)NC(=O)c1ccc(O)nc1,4.648240566253662
DBVWPFIMLKPESR-DHDCSXOGSA-N,O=C(/C(=C/c1cccs1)n1cnc2cc(Cl)ccc2c1=O)c1nccs1,5.270330905914307
LDMPIIITGNSUFM-UHFFFAOYSA-N,CCN(CC)S(=O)(=O)CCNC(=O)c1nccnc1N,5.709949016571045
YTCBSTVATICVRI-UHFFFAOYSA-N,CN(C)C(CNC(=O)c1ccncc1)c1ccco1,4.847187519073486
SRFGMIGHZVUART-UHFFFAOYSA-N,O=C(C1CCCCO1)N1CCN(c2ccncc2)CC1,4.806633472442627
MMIYTFPGFUKMNS-UHFFFAOYSA-N,CC(CN)c1nc(-c2ccccc2)no1,2.8349812030792236
YHWZDRHMQKMGCB-UHFFFAOYSA-N,CN(C)c1cccc(NS(=O)(=O)c2cccs2)n1,5.112120151519775
BOZIDALXJMZPHW-UHFFFAOYSA-N,CN(CC(C)(C)O)c1cc(N(C)CC(C)(C)O)ncn1,4.158453464508057
NPPXAGXXIYTYLM-UHFFFAOYSA-N,COCCC1(CO)CCCN(CCCSC)C1,4.554263591766357
SFXBTXYONCDQJY-UHFFFAOYSA-N,Nc1n[nH]c(Nc2ccccc2)n1,4.3769145011901855
VZAGGCCHABVJCQ-VXGBXAGGSA-N,O=C(Cc1ccsc1)N[C@@H]1CCOC[C@H]1OCCO,5.187100887298584
DBPNTRQFKCEOLC-UHFFFAOYSA-N,Cc1nnc(SCC(=O)NCCOc2nonc2C)s1,3.780433177947998
YRFOJOYSNHNJBC-CZEFNJPISA-N,Cn1cc(NC(=O)c2ccc(/C=C/c3ccncc3)cc2)cc1C(=O)Nc1cc(C(=O)NCCN2CCOCC2)n(CCCCl)c1.O=C(O)C(F)(F)F.O=C(O)C(F)(F)F,6.7586493492126465
DINPVBNHISPFQB-UHFFFAOYSA-N,COC(=O)C(C)NC(=O)C1CCCCC1,4.124820232391357
DZYWDHWABIPYAA-UHFFFAOYSA-N,Cc1nnc(CCNC(=O)C(N)c2c(C)n[nH]c2C)s1,3.9845643043518066
CMURXNREBJAFOT-UHFFFAOYSA-N,COCCN1CCN(Cc2nc3ccccc3o2)CC1,4.610684871673584
WWQPGNZHJFFKRW-UHFFFAOYSA-N,O=C1NCCCc2ccccc21,4.594172477722168
LCSKSCUNJVXOLC-UHFFFAOYSA-N,Cn1nccc1C(=O)NC1CCc2ccccc2OC1,4.404204845428467
QZUQFBFSCWAFFB-UHFFFAOYSA-N,Cc1ccc(C)c(NC(=O)Cn2nc3ccc(-c4ccc(C)c(C)c4)nn3c2=O)c1,4.718602180480957
RMCNETIHECSPMZ-ZXFHETKHSA-N,O[C@@H]1[C@H](O)CNC[C@@H]1O,2.5127158164978027
JCPGPXIPUOJEBQ-UHFFFAOYSA-N,O=C1CCCc2sccc2N1,4.431267738342285
DQKIUHLOGFCLQF-UHFFFAOYSA-N,CN(C)CCCNC(=O)c1cc(NC(=O)c2cc(NC(=O)c3cc(NC(=N)c4cnc5ccccc5c4)cn3C)cn2C)cn1C.O=C(O)C(F)(F)F.O=C(O)C(F)(F)F,4.4118170738220215
IMTPCXZHFKCADN-UHFFFAOYSA-N,COc1ccc(C(=O)CSc2nnc3c(=O)n(-c4cccc(OC)c4)ccn23)cc1,5.176924705505371
VAGQTPAPKWZZHK-UHFFFAOYSA-N,N#CCSCC(=O)NCc1ccc(Cl)s1,4.1353325843811035
HAOHQCHUFFWFCJ-UHFFFAOYSA-N,CNC(=O)c1cccc(S(=O)(=O)NC2CCCCC2)c1,4.435893535614014
JSQUJVOOOUXEAK-UHFFFAOYSA-N,CC(=O)NCc1cccc(OCc2ccccn2)c1,5.33465576171875
MJBHGYWPSXCQHB-VXNVDRBHSA-N,CCn1nccc1[C@@H]1OCC[C@H]1N,4.353728771209717
MLNWLWPGESIQCH-UHFFFAOYSA-N,CCC(NCCCC#N)c1noc(C)n1,3.014207363128662
OVQSDQPOOPEZAI-UHFFFAOYSA-N,CC(=O)c1csc(NC(=O)Cc2ccc(C)nc2)n1,4.112780570983887
PCOYXIXKISHCFW-UHFFFAOYSA-N,C[N+](C)(C)CCc1cc(Br)c(O)c(I)c1.O=C([O-])C(F)(F)F,5.321867942810059
MDHGXFDMFITVHH-UHFFFAOYSA-N,NC(=O)Cc1ccccc1NC(=O)OCC(F)(F)F,3.9068751335144043
BVZGYLNHWDYWAA-UHFFFAOYSA-N,Cc1n[nH]cc1CNC(=O)CSCc1c(C)noc1C,3.2944459915161133
HMPXBCUEFNHXBR-UHFFFAOYSA-N,NCC(Cc1ccc(F)c(F)c1)C(N)=O,4.141158580780029
NNVNYKNBSLCWCD-UHFFFAOYSA-N,N#Cc1ccc(CN2CCNCC2=O)cc1,4.101277828216553
OGZHHNQWMSOMMN-UHFFFAOYSA-N,CN(C)C(=O)c1cccc(CC#N)c1,3.065523147583008
CIQVEWICTKSTOM-UHFFFAOYSA-N,CCOC(=O)c1cn(CC)c2c(cc([N+](=O)[O-])c3cccnc32)c1=O,4.821925640106201
URMQVKXQBXWSPJ-UHFFFAOYSA-N,N#Cc1ccc(S(=O)(=O)NCCCN)cc1C(F)(F)F,4.044792652130127
RAOLNPQMPNCOOP-UHFFFAOYSA-N,COc1ncc(N)c(C)c1Br,4.772292613983154
IDCVYCKQZSVOKA-UHFFFAOYSA-N,CC(C(=O)NCc1ccc(Cl)s1)S(C)(=O)=O,3.216055393218994
WIDKRIJAZYWIOI-UHFFFAOYSA-N,Cc1nn(C)c(C)c1NC(=O)N1CCSCC1,3.890988349914551
MUPQNDRRTPPWCW-UHFFFAOYSA-N,FC(F)OC1CCNCC1,3.1104319095611572
GSPZXKMQNZKHKN-JHOUSYSJSA-N,CCCCCCCN1C(=N)N(CCCC[C@H]2CNC(=N)N2CCc2cccc(C(F)(F)F)c2)C[C@H]1Cc1cccc2ccccc12,6.026583194732666
NFBBHCSYYOHZQC-UHFFFAOYSA-N,Cc1ccc(N(C(=O)c2c(C)noc2C)C(C(=O)NC2CCCCC2)c2cccnc2)cc1,5.506349086761475
PYPSGVNKYAOLQT-JLURMUQXSA-N,C=C(C)[C@@H]1CC(=O)[C@H]2[C@H](C1)[C@@H]1C(=O)O[C@@H]3C[C@]4(C)O[C@H]2C(=O)[C@@H]4[C@H]13,4.633126258850098
GPWQHEWVOABUEA-IOLBBIBUSA-N,N=C1NC[C@H](CCCCN2C[C@@H](Cc3cccc4ccccc34)N(CCc3ccc(-c4ccccc4)cc3)C2=N)N1CCc1cccc(C(F)(F)F)c1,6.184371471405029
WMLWBNLVUWPOPZ-UHFFFAOYSA-N,Nc1nc(-c2ccc(C(F)(F)F)cc2)cc(-c2nc3ccccc3c(=O)[nH]2)n1,6.160039901733398
QRTJOKRJPXRETC-UHFFFAOYSA-N,Cn1c(CNC2(C)CCC2)cc2cc3c(cc21)CCCc1c-3[nH]c(=O)c(C(=O)O)c1O,4.870329856872559
YWSPHVSQJGSIGA-UHFFFAOYSA-N,CN(C)CC1CCN(CCC(=O)N2CCOCC2)CC1,4.423837184906006
FQYWJIOFQZLFOC-UHFFFAOYSA-N,CC1Cc2ccccc2N(C(=O)c2csnn2)C1,4.421860694885254
KXGQBOKYHMHNDT-UHFFFAOYSA-N,COc1ccc(-c2cc3c4nnc(SCC(=O)NCc5ccccc5)n4ccn3n2)cc1,5.579590320587158
MWJVDAUSFCHECO-SUQVXASZSA-N,COc1cc(C(=O)N[C@@H](CCN)C(=O)N[C@H](C(=O)N[C@@H](CN)C(=O)N[C@H]2CCNC(=O)[C@H]([C@@H](C)O)NC(=O)[C@H](CCN)NC(=O)[C@H](CCN)NC(=O)[C@H](CC(C)C)NC(=O)[C@@H](Cc3ccccc3)NC(=O)[C@H](CCN)NC2=O)[C@@H](C)O)cc(-c2ccccc2)n1,5.41996955871582
XPYQLYWLQJUQPA-UHFFFAOYSA-N,CC(C)(C)c1ccc(C(=O)N2CCOC23CCCCC3)cc1,4.7773823738098145
RRXFFLMXFZAGCG-UHFFFAOYSA-N,CCNC(=O)CN(c1ccc(Cl)cc1C)S(C)(=O)=O,4.270845890045166
ODKNJVUHOIMIIZ-UHFFFAOYSA-N,O=c1[nH]c(=O)n(C2CC(O)C(CO)O2)cc1F,4.439416408538818
SGTAKPJQDIITAX-UHFFFAOYSA-N,Cc1cccc(NCCCNC(=O)c2cccs2)n1,4.743549823760986
LVULIKYBCVRHJJ-UHFFFAOYSA-N,COC(C(=O)NCC1(C)COC1)c1ccccc1,4.670976161956787
IOIIANBRVPANDA-UHFFFAOYSA-N,COC1CCN(C(=O)Nc2ccccc2)CC1,4.702112674713135
JIUWRISRXUCBHH-UHFFFAOYSA-N,COc1ccc(C(O)CNc2ccccn2)cc1OC,4.802209377288818
TXSFYGWWONOEIP-MRXNPFEDSA-N,NC(=S)Nc1cccc(C#Cc2ccc(N3C[C@H](CO)OC3=O)cc2F)c1,5.0137715339660645
DFCLLRATQLCLDR-GFCCVEGCSA-N,Cc1ccc(S(=O)(=O)N2CCC[C@@H](N)C2)c(C)c1,5.23080587387085
MUISNVNUYNBDOK-UHFFFAOYSA-N,NCCC(=O)NC1CCS(=O)(=O)C1,3.4688591957092285
ZFBAXVDFTYHDLQ-UHFFFAOYSA-N,COCCNS(=O)(=O)c1ccc(C#N)cc1,3.887422561645508
VZAFJALRWKZNQR-UHFFFAOYSA-N,O=C(NC1=NCCS1)c1cc(Br)c[nH]1,5.221785068511963
VGOVVJRVKIMXAH-SFHVURJKSA-N,NC[C@H](Oc1noc2ncc(-c3ccccc3Cl)cc12)c1ccccc1,5.107746601104736
GFKADPKWCIVAPO-UHFFFAOYSA-N,Nc1ncnc(N2CCCCC2)n1,3.803189516067505
FBXMQLGXPQSALD-UHFFFAOYSA-N,COC(=O)CCCCOc1ccc2ncc(F)c(CCC34CCC(NCc5ccc6c(n5)NC(=O)CO6)(CC3)CO4)c2n1,6.2456159591674805
HLPHHAQMAZJXHV-BPWZRWDXSA-N,COc1ccc(/C=C/c2ccc(C(=O)Nc3cc(C(=O)Nc4nc(C(=O)NCCCN(C)C)c(C(C)C)s4)n(C)c3)cn2)cc1.O=C(O)C(F)(F)F.O=C(O)C(F)(F)F,6.289577960968018
VQLGSZQTYIFYCP-UHFFFAOYSA-N,CC(C)(CC(N)=O)NC(=O)CC1CCC1,2.065340995788574
VGLHUWCKNYEHRB-UHFFFAOYSA-N,CCC(c1cccnc1)N(C)C(=O)c1ccc(CO)o1,4.418339729309082
KUDOYCVIYDWSMA-UHFFFAOYSA-N,c1cnc2cc(-c3nc(C4CCOC4)no3)nn2c1,4.550085544586182
JDZSYGVZUGUMSA-UHFFFAOYSA-N,COc1ccc(C(O)CNC(=O)Nc2nncs2)cc1,4.269619464874268
HELQSTMIRUVAEQ-DICXZTSXSA-N,CCn1cc(/C=C(\Oc2ccc3c(CN(CCO)CCO)cc(=O)oc3c2)C(=O)c2nccs2)c2ccccc21,5.132264614105225
NOAWAOQZSQMLMS-UHFFFAOYSA-N,CC(C)(CN)c1nc(-c2ccc(Cl)c(O)c2)c(-c2ccnc(N)n2)[nH]1.O=C(O)C(F)(F)F.O=C(O)C(F)(F)F,4.894205093383789
FEDJCMBDSWURJS-LLVKDONJSA-N,CC(C)c1cc(C(=O)N2CC[C@@H](N)C2)nn1C(C)(C)C,4.386791706085205
KEVPEYDYIGQNAR-FJVAONGCSA-N,CCC(NC(=O)CCc1cccc(O)c1)[C@H]1C[C@H](O)C1,4.067101955413818
ZSNULFDDRAGXTR-UHFFFAOYSA-N,Cc1cnc(NCC(O)CN2CCCCC2)nc1,4.67594575881958
XUEVFQRBADJXLR-UHFFFAOYSA-N,COc1cc(S(N)(=O)=O)c(OC)cc1N,4.344470977783203
ABKTWBMMVOBXFC-USNCVGSQSA-N,COC(=O)[C@]1(C)CCC[C@]2(C)C3=CC(=O)[C@@]4(C(C)C)O[C@H]4[C@]3(O)CC[C@@H]12,4.365879058837891
BKYBBCQYORLQOT-UHFFFAOYSA-N,c1noc(C2CCNCC2)n1,3.629000663757324
KOTNPXFQPWXQAY-XJOWFTPBSA-N,COc1c2c(c(O)c3cc(CN4CCC4)ccc13)C(=O)C1=C(O)[C@]3(O)C(=O)C(C(N)=O)=C(O)[C@@H](N(C)C)[C@@H]3C[C@@H]1C2,4.863757610321045
GVYVEFHMWLBHBQ-UHFFFAOYSA-N,Cc1nc(-c2ccc(-c3ccccc3)cc2)sc1-c1cc(C(=O)Nc2ccc(C(C)(C)C)cc2)n[nH]1,5.487231731414795
BLXPSRWGRSKDGI-UHFFFAOYSA-N,CC(C)Oc1ccc(NC(=O)NCC(=O)N(C)C)cc1,4.650401592254639
TYLZVBPBQBRHLV-UHFFFAOYSA-N,COCCNC(=O)N1CCCN(C(=O)C(C)(C)C)CC1,3.3699371814727783
DMSBORZSAQJOHC-XNTDXEJSSA-N,Cc1ccc(/C=C/C(=O)c2ccc(Nc3nc4ccccc4o3)cc2)cc1,5.520473003387451
OKFCLCXSRLOWBL-UHFFFAOYSA-N,Cc1cc(OCCN2CCOCC2)nc2ccccc12,4.755608081817627
VIWUDIPXIBTLLX-UHFFFAOYSA-N,N#Cc1cc(N2CCNCC2)ccn1,3.9205074310302734
UOMYUIVWFJEXAV-UHFFFAOYSA-N,COc1cc(C2C(C#N)=C(N)Oc3c2ccc2ccccc32)ccc1O,4.531339168548584
CLNCWUFKBSANLW-UHFFFAOYSA-N,COCc1nc(C)c(C(=O)NCC(=O)C(C)C)s1,3.71455454826355
PBPIFPBYNAOWNT-UHFFFAOYSA-N,CCc1nccn1C1CCCNC1,4.145720958709717
KUYZGKBMKINPDM-UHFFFAOYSA-N,CNC(=O)C(C)CN(C)C(=O)Nc1c(C)cccc1Cl,2.3176395893096924
XIVALWSSFFTCTH-UHFFFAOYSA-N,Cc1ccc(CNC(=O)Cn2nc3ccc(SCc4ccc(Cl)cc4)nn3c2=O)cc1,5.36133337020874
FJPYVLNWWICYDW-UHFFFAOYSA-M,O=C1N=C([O-])NC1(c1ccccc1)c1ccccc1.[Na+],3.4849467277526855
LSPAPEDDRRLWRQ-UHFFFAOYSA-N,Cc1ccc(Sc2nccn3c(=O)n(CC(=O)Nc4cccc(Cl)c4)nc23)c(C)c1,5.416907787322998
GEPREKOCBUDLSP-UHFFFAOYSA-N,Cc1n[nH]cc1CNCC(O)COCC(C)C,3.3938241004943848
HBMSWOIWQMPHBE-TXEJJXNPSA-N,CN1C(=O)[C@H]2CN(Cc3cccc(Br)c3)C[C@H]2C1=O,4.941423416137695
UCKOUOQQQRABSM-UHFFFAOYSA-N,CCOC(=O)c1csc(-c2ccc(COC(=O)c3ccccc3)o2)n1,6.1367998123168945
IMLATTFOCKRWBO-UHFFFAOYSA-N,CCN(CC1CCOC1)C(=O)C(C)(C)C,3.502427577972412
LNUWPMFROIHGLW-UHFFFAOYSA-N,COc1ccccc1C1CCN(C(=O)Cc2c(F)cccc2F)C1,5.437230587005615
HGIPWJYTPOHUGK-UHFFFAOYSA-N,Nc1ncc2cc(-c3c(Br)cccc3Br)c(N)nc2n1,5.468259334564209
XZOLFGCGVMNRFS-UHFFFAOYSA-N,CCCCCCCn1c2ccccc2c2c(OCC3CO3)cccc21,6.9896111488342285
FXXFQBJGUQAPNG-UHFFFAOYSA-N,CC(c1cc(F)ccc1F)N(C)C(=O)CCCN,5.6565423011779785
ZDNXAMHDEZYSIQ-UHFFFAOYSA-N,CC(C)(C)OC(=O)N1CCN(C(=S)Nc2cc(C(F)(F)F)cc(C(F)(F)F)c2)C(c2ccccc2)C1,5.679987907409668
OXCMYAYHXIHQOA-UHFFFAOYSA-N,CCCCc1nc(Cl)c(CO)n1Cc1ccc(-c2ccccc2-c2nnn[n-]2)cc1.[K+],4.9553141593933105
JAPKOFRUXWBHRU-UHFFFAOYSA-N,O=C(NCC1(CO)COC1)C1=Cc2ccccc2OC1,5.064376354217529
YIRVBDZTHISHJM-UHFFFAOYSA-N,CC(C)(C(=O)Nc1ccc(F)cc1)n1cc(-c2ccccc2F)cn1,5.487873077392578
UWXSLZFMPDPFHJ-UHFFFAOYSA-N,CC1=CCN(Cc2cccc(OCC(N)=O)c2)CC1,4.438443660736084
KRRIARJVNNSXJD-MNOVXSKESA-N,N[C@@H]1CC[C@@H]1NS(=O)(=O)Cc1ccccc1,4.541575908660889
NQIGASBQMFOZEG-UHFFFAOYSA-N,Cc1ccc(S(=O)(=O)NC2CC2)cc1C(=O)N(C)C,4.889000415802002
UBQUGDRPXGIEDZ-UHFFFAOYSA-N,COc1ccccc1NC(=O)Cn1ccnc1,4.444361686706543
KXLIIUQIICVMFD-LCTOQHDJSA-N,CC(=O)N[C@@H]1CCN[C@H]([C@H](O[C@@H]2O[C@H](CN)[C@@H](O)[C@H]2O)[C@H]2O[C@@H](n3ccc(=O)[nH]c3=O)[C@H](O)[C@@H]2O)C1,4.967532634735107
GVAZRAUSCFPBMN-UHFFFAOYSA-N,CCOC(=O)N1CCC(C(C)N)CC1,3.714637279510498
SFWHADOYILCZHM-UHFFFAOYSA-N,COc1cc(OC)cc(N2CCC(N)C2)c1,4.669945240020752
YTIHWMCQYFAAMQ-UHFFFAOYSA-N,COc1ccc(NC(=O)Cn2nc3ccc(-c4ccc(Cl)cc4)nn3c2=O)cc1OC,5.445517539978027
QZUDBNBUXVUHMW-UHFFFAOYSA-N,CN1CCN(C2=Nc3cc(Cl)ccc3Nc3ccccc32)CC1,5.715721130371094
VZVJJGYABGIWKH-UHFFFAOYSA-N,CSCCC(O)C(=O)NCCc1ccnn1C,3.597668170928955
VQIYDDDTBVIMTB-UHFFFAOYSA-N,Cc1ccc(NCc2cccc(O)c2)cc1S(C)(=O)=O,5.346798419952393
WWJXEWRCIXPMMS-PFEQFJNWSA-N,Cl.N=C(N)NCc1ccc(-c2ccc(N3C[C@H](CO)OC3=O)cc2F)cc1,4.714097499847412
GLMVTGKYGNBWNQ-UHFFFAOYSA-N,O=C(CN1CCCC1=O)NCCc1cscn1,3.707773208618164
RSYMUBMANIUBDQ-UHFFFAOYSA-N,CC(C)COc1ccc2ncc(F)c(CCC34CCC(NCc5ccc6c(n5)NC(=O)CO6)(CC3)CO4)c2n1,6.049639701843262
XGCUJZHZZAXYDW-HYXAFXHYSA-N,C/C=C(/C#N)C(=O)OC,3.512091636657715
SXMTVRPCXXZYMW-UHFFFAOYSA-N,O=C(CSc1nnc2c(=O)n(Cc3ccc(F)cc3)ccn12)NC1CCCC1,6.118261814117432
MHMQWJGMFXNNFU-UHFFFAOYSA-N,Cl.Nc1nc(CCCNC(=O)c2cc(Br)c(Br)n2-c2ccc(Br)cc2)c[nH]1,6.139035701751709
JULGTXCWHHSNDM-UHFFFAOYSA-N,COc1ccc(CNC(=O)Cn2cc(Cc3csc4ccccc34)nn2)cc1,4.8696675300598145
YRKBVEKORAYETC-UHFFFAOYSA-N,CN(C)CCCNCCCNC(=O)c1ccco1,4.324803352355957
WQFAZILWACTDCM-UHFFFAOYSA-N,Cc1nnc2n1CCC(NC(=O)c1cnccn1)CC2,4.900566577911377
KCDLKWWBDBMSJO-STQMWFEESA-N,CCN(C(=O)CCc1cccnc1)[C@H]1COC[C@@H]1O,4.508516311645508
AYOFUIRVMGKDTM-UHFFFAOYSA-N,CC(=O)Nc1cccc(CSC(C)CCO)c1,3.724372386932373
BHTSMGGLFPERHN-UHFFFAOYSA-N,O=C(O)C(F)(F)F.OC(COc1ccc(Cl)cc1Cl)Cn1c(NCCCN2CCOCC2)nc2ccccc21,7.624438762664795
CMNIGQZYMPDTDH-PDKKKNOISA-N,CCCCCCCCCCCCCCOP(=O)(CCN(CCN)CCN)OC[C@H]1O[C@@H](n2ccc(=O)[nH]c2=O)[C@H](O)[C@@H]1O,6.242198467254639
PSGCQCQRKZMWCT-UHFFFAOYSA-N,CN(C)C(=O)CN1CCOC(CCc2ccccc2)C1,4.647375583648682
AYZGINZXVVKWKV-UHFFFAOYSA-N,CCOC(=O)C(=Cc1ccccc1)C(C)=O,4.6290974617004395
GGAWHUCOPILUEE-UHFFFAOYSA-N,COCCNCc1ccc(OC)c(OC)c1OC,4.358789443969727
HNMZGKPDXMKWQS-UHFFFAOYSA-N,CC(C)COCC(C)NC(=O)CCCn1cccn1,3.698220729827881
TWHHABRSVPMMNE-UHFFFAOYSA-N,CC(C1CC1)N(CCC#N)C(=O)N(C)C,3.6053104400634766
WFNQYLYWZJOVRQ-UHFFFAOYSA-N,COc1c(C)cnc(CNC(=O)CSC)c1C,4.948304653167725
NLCSRLLEEMVJKP-UHFFFAOYSA-N,COc1ccc2ncc(F)c(C(CC34CCC(NCc5ccc6c(n5)NC(=O)CO6)(CC3)CO4)C(=O)O)c2n1,6.0618062019348145
OIRKZTVJIVBYIB-UHFFFAOYSA-N,CC(C)Cc1ccc(CS(=O)(=O)CCO)cc1,4.00260591506958
LNTLXTBBTXSOSV-UHFFFAOYSA-N,OC(COc1cccc2ccccc12)CN1CCN(c2ccc(Cl)cc2)CC1,6.547404766082764
UAHQPGJDBUTMHP-UHFFFAOYSA-N,O=C(c1ccccc1F)N1CCCC1c1cccnc1,4.648947238922119
KRRTXVSBTPCDOS-UHFFFAOYSA-N,Nc1cnc(Br)cn1,4.415707111358643
KUMDDXSACSWWBG-UHFFFAOYSA-N,CC(CNC(=O)c1ccncc1)c1ccccc1,4.932871341705322
GHSAJIWVCGSWRT-JTQLQIEISA-N,CSCC[C@@H](CO)NC(=O)c1cc(C(C)C)nn1C,4.005130767822266
SDJQUPRVYCURBW-UHFFFAOYSA-N,CN1C(C(=O)Nc2ccccn2)=C(O)c2ccccc2S1(=O)=O.O,4.67303991317749
ALZNIOIICVJUDR-GJZGRUSLSA-N,COc1ccc(CN2C[C@H](O)[C@@H](N(C)C)C2)c(C)c1C,4.271746635437012
JCQLPDZCNSVBMS-UHFFFAOYSA-N,c1ccc(COc2ccc3[nH]ccc3c2)cc1,4.853701114654541
WEDNHMPCZCGSRY-UHFFFAOYSA-N,Cn1nc2n(c1=O)C(=O)N(c1ccccc1)C2,4.213280200958252
KCZDEYYVIJOTEC-UHFFFAOYSA-N,O=C1CCOc2cc(O)c(F)cc21,3.9475040435791016
WPWOZCWDFCSWEC-UHFFFAOYSA-N,Cl.Nc1nc(CCCNC(=O)Nc2ccccc2)c[nH]1,5.213334560394287
FYKDMAFZBRTULV-UHFFFAOYSA-N,CCN(C)C(=O)CCN(Cc1cnn(C)c1)C(C)C,4.091145038604736
WBTOIQYMXVJPNS-UHFFFAOYSA-N,Cc1ccc(Sc2nccn3c(=O)n(CC(=O)Nc4cccc(Br)c4)nc23)c(C)c1,6.319711208343506
FYQHJLAHOHZTED-UHFFFAOYSA-N,CC(C)NC(=O)C(C)NC(=O)C1CCC1,3.8031177520751953
BWBVUMVOFLZJGX-UHFFFAOYSA-N,CC(C)N(C)S(=O)(=O)NCCc1cccs1,4.578128814697266
PZNUDOSIWMEVEX-UHFFFAOYSA-N,CCOC(=O)c1ccccc1NC(=O)Cn1nc2c(Oc3ccccc3)nccn2c1=O,4.462387561798096
JAQNLAJDJBTNEC-UHFFFAOYSA-N,CCNC(=O)CN(CC)CC(=O)Nc1cc(C)no1,3.8408737182617188
JTTQONDJRQFTDS-UHFFFAOYSA-N,Cc1ccnc(NCCNC(=O)CN2CCOC2=O)c1,4.3269219398498535
OHGMMLDJDFAQME-UHFFFAOYSA-N,CCOC(=O)c1ccc(CNc2nncs2)o1,4.124940872192383
FFAVTICKABAMSV-UHFFFAOYSA-N,Oc1ccc(Nc2ccnc3cc(Cl)ccc23)cc1,5.58956241607666
SGOPNNCWDONEGP-UHFFFAOYSA-N,CCOc1ccccc1CNC(=O)CCc1nnc2ccc(-c3ccc(C)cc3)nn12,4.82813024520874
JOFJCXUVXVWXOC-UHFFFAOYSA-N,CCOCC(=O)NCC1(O)CCCc2ccccc21,3.624152660369873
BRKGLYWFYDXCTQ-UHFFFAOYSA-N,O=C1CC(CBr)N1OS(=O)(=O)c1ccc2ccccc2c1,4.97604513168335
XTTVUOMBYMHPPR-UHFFFAOYSA-N,CCCN(CCN(C)C)C(=O)CCCOC,3.440563201904297
YJFUHTYPVJQZHC-DEOSSOPVSA-N,CCCCCCCN1C(=N)NC[C@@H]1CCCCN1CCN(CCc2cccc(C)c2)C1=N,5.660733699798584
UBLJBBLEYXDQTH-UHFFFAOYSA-N,CN(Cc1ccc(N)nc1)c1ncc(Cl)cn1,4.580962657928467
DORUOQQPRRYUPN-UHFFFAOYSA-N,Cc1cccc(C(=O)NCC(O)c2cccnc2)n1,4.233188152313232
SQTRYJHNDNXTRS-UHFFFAOYSA-N,Cc1nccn1CC(=O)Nc1ccnn1C,4.4082112312316895
AAAZUHJMVWNXOR-UHFFFAOYSA-N,COc1ccc2cc1Oc1cc(ccc1OC)CCC(NCCc1ccc3c(c1)OCO3)CCCC2,5.995789051055908
XDNMRJZPAFTLGK-UHFFFAOYSA-N,COc1cc(CNC2CCCN(C)C2)cc2c1OCO2,4.3575825691223145
RNPIBQHQICBTER-UHFFFAOYSA-N,COc1ccc(C2c3c(nc4c(c3N)CCCC4)Oc3ccc4ccccc4c32)c(OC)c1,5.879257678985596
NLUNVYUQSMFEGM-UHFFFAOYSA-N,O=C(c1cccnc1)N1CCC(N2CC=CC2)CC1,3.8985466957092285
ZOLCWNZDFIUXHL-UHFFFAOYSA-N,NCC1CC(=O)N(C2CCCC2)C1,3.583172082901001
XUDHHTOODAUWNV-UHFFFAOYSA-N,COCCN1CCN(CCS(=O)(=O)C(F)(F)F)CC1,3.59601092338562
BGQCWUAKKQNWFP-UHFFFAOYSA-N,COCCOC1CCN(c2cc(C)ccn2)CC1,5.677311420440674
VCBRVXFVRIXQFC-UHFFFAOYSA-N,CCOc1cccc2c1CCC2N,3.8360087871551514
XLJHHHNNCIGHCN-UHFFFAOYSA-N,CCCCCCNC(=O)C[N+](C)(CCO)CCCCCCCC[N+](C)(CCO)CC(=O)NCCCCCC.O=C([O-])C(F)(F)F.O=C([O-])C(F)(F)F,5.481167793273926
IQVJVRYDOYATIN-UHFFFAOYSA-N,CNC(=O)C(C)(O)CN1Cc2ccccc2C1=O,4.044895648956299
QEQADKMMORGKNM-UHFFFAOYSA-N,c1ccc(CNCCNC2CC2)cc1,4.436300754547119
FGNMSXYFMPZKFK-VXGBXAGGSA-N,O=C(Nc1ccc2cn[nH]c2c1)N[C@@H]1CNCC[C@H]1O,4.59933614730835
NGWRGMCQBLKMRF-UHFFFAOYSA-N,CN(CC(N)=O)S(=O)(=O)c1ccc2c(c1)OCCO2,4.764169216156006
DXLMAWKTIWMTIM-UHFFFAOYSA-N,CC(C(N)=O)N1CCNCC1,3.8316638469696045
WPRYSZMCYIHXTO-UHFFFAOYSA-N,Cc1ccc(-c2cc(-c3nc4ccccc4c(=O)[nH]3)nc(N)n2)cc1,6.005893230438232
UANRKJLPUHONIW-UHFFFAOYSA-N,C#Cc1cccc(NCc2cccc([N+](=O)[O-])c2)c1,4.994988441467285
TUBSORAUYPJTNH-UHFFFAOYSA-N,CCC(CNC(=O)C1=NN(C)C(=O)CC1)N1CCCC1,4.298186779022217
JGOXHZZVBIAYQQ-UHFFFAOYSA-N,CCc1ccccc1Sc1nccn2c(=O)n(CC(=O)Nc3ccc(OC)c(Cl)c3)nc12,5.913265228271484
QDRPYBDLSSAHNL-UHFFFAOYSA-N,N=C(N)NCCCCCCCCNCCCCCCCCNC(=N)NCC1CC1,6.280229091644287
BTVYWSVJQQLGHM-UHFFFAOYSA-N,CN(CCOCc1ccccc1)C(=O)c1cc[nH]n1,4.142196178436279
PEJXDUANXUXOJY-UHFFFAOYSA-N,Nc1ccc(S(=O)(=O)Nc2nccc(-n3ccc4cc([N+](=O)[O-])ccc43)n2)cc1,4.455201625823975
SFWMENRZHPVBBI-UHFFFAOYSA-N,COC(=O)c1cccc(NC(=O)Cn2nc3c(Oc4ccccc4)nccn3c2=O)c1,6.151614665985107
URGFFSLDJYCPSM-GASCZTMLSA-N,Cc1cccc(CN2CCC3(CC2)[C@H](O)C[C@@H]3O)c1,4.188256740570068
ALCSZUCTAIXDEP-UHFFFAOYSA-N,NS(=O)(=O)c1ccc(NC(=O)NC(c2ccccc2)c2ccccc2)cc1,4.747830390930176
BBVLMJNZGIDONQ-UHFFFAOYSA-N,CC(N)c1nc(-c2ccc(Br)cc2)c[nH]1,4.807128429412842
LDIMVBGMKNSSNT-UHFFFAOYSA-N,CCCCn1c(=O)c2sccc2n2c(=O)n(CC(=O)N3CCC(Cc4ccccc4)CC3)nc12,6.080761909484863
XPFVSNVJTBJPIQ-UHFFFAOYSA-N,COc1ccnc(NC(C(N)=O)C(C)C)n1,4.271162509918213
HVAVTSJAEKXQEG-UHFFFAOYSA-N,CC(=O)COC(=O)CNC(=O)c1ccc(Br)cc1,4.260669231414795
FBLYSTMKWOUAQA-UHFFFAOYSA-N,COc1ccc(-c2nc(CSc3nc4ccccc4n4c(C(C)C)nnc34)c(C)o2)cc1,5.564627170562744
YZLZVOIALLRHEJ-UHFFFAOYSA-N,CSc1nc(O)cc(Cl)n1,3.3277945518493652
HDTBTFCEZBMZLO-UHFFFAOYSA-N,CCNC(=O)CNc1ccnc2ccc(Br)cc12,4.583618640899658
ABFKXZHGLYVTGS-UHFFFAOYSA-N,NC1CCCN(CCN2CCOCC2)C1,4.67982816696167
HPAKYKTZPDMSSK-UHFFFAOYSA-N,COc1ccc(-n2ccnc2SCC(=O)N(C)C)cc1,5.199193000793457
QBLLUACBDAWZPY-CQSZACIVSA-N,C[C@@](CCn1cc(-c2ccc(Cl)cc2F)nn1)(C(=O)NO)S(C)(=O)=O,3.3896145820617676
HWVMBXZBMVZSEZ-UHFFFAOYSA-N,CC(C(=O)NC1(C#N)CCCCC1)N1CCC(O)CC1,4.494955539703369
XYCMJBJXBKYRON-UHFFFAOYSA-N,CSCc1nc(CN)cs1,3.207451820373535
ALANUUFGKYEMNI-UHFFFAOYSA-N,O=C(Nc1cccc2ccccc12)c1ccccc1,4.749929904937744
ZICOPWJJZSJEDL-UHFFFAOYSA-N,O=c1[nH]cc(Cl)cc1Cl,3.945164203643799
ROBUXNZPPWMZQE-UHFFFAOYSA-N,Clc1ccnc(N2CCCC2)c1,4.959412097930908
HULZCTKSURLAST-UHFFFAOYSA-N,CCOC(C)C(=O)Nc1ncccc1F,3.4176278114318848
DSLCXKGYTCIWGE-UHFFFAOYSA-N,Cc1ccc(-c2cc3c4nnc(SCC(=O)Nc5cccc(Br)c5)n4ccn3n2)cc1,6.2179694175720215
IZSOHHGCFALDDP-UHFFFAOYSA-N,COc1cc(Cl)c(CNC(C)(CO)CO)cc1Cl,4.66389799118042
POKYTKWTLZUJAI-UHFFFAOYSA-N,CCCCN(CC)c1ccc2nnc(CCc3nc(-c4ccc(Br)cc4)no3)n2n1,4.774499893188477
FJOLUHFMSJCAFU-UHFFFAOYSA-N,CC(C)c1nc(CN2C(=O)COc3cccnc32)no1,4.370774745941162
SRGNXDJXTPZYRH-UHFFFAOYSA-N,CCC(C)(O)CCN,3.254596710205078
MIFKBDZVXBJUFX-UHFFFAOYSA-N,O=C(O)c1ccc(OCCOc2ccccc2)cc1,4.750097751617432
DYYKLCAFLLJKIH-UHFFFAOYSA-N,CN(C)S(=O)(=O)Cc1ccc(Br)cc1,3.9803733825683594
IYQYCWXGRNTWLA-UHFFFAOYSA-N,COc1nc(C)cc(C)c1CN,4.063522815704346
HAJMDADKXYMXCF-UWVGGRQHSA-N,Cc1nc(CN(C)C(=O)[C@H]2CCC[C@H](O)C2)no1,3.5885233879089355
RQQFQIHYFJXNMK-UHFFFAOYSA-N,CCc1ncc2c(n1)CNCC2,3.219451665878296
IHMIRSONGMSZDU-UHFFFAOYSA-N,CCCn1ncc(CN2CCN(S(N)(=O)=O)CC2)c1C,4.162038803100586
QGJGUHQDBKFCQP-UHFFFAOYSA-N,CC(C)N(CC(N)=O)CC(=O)N(C1CCCC1)C1CC1,3.5053646564483643
YKSBVTHTVHRBIY-UHFFFAOYSA-N,NC1CCN(c2ccccc2F)CC1,3.1036033630371094
OZOAOEWBFGKQPO-UHFFFAOYSA-N,O=C1c2cccc(O)c2C(=O)c2c(O)cc(Cn3cnc4cc([N+](=O)[O-])ccc43)cc21,5.306704044342041
FYQMRZRXHKCOTG-VMTUJNLTSA-N,CN(C)[C@@H]1C(O)=C(C(N)=O)C(=O)[C@@]2(O)C(O)=C3C(=O)c4c(O)c(NC(=O)CNc5cccnc5)cc(F)c4C[C@H]3C[C@@H]12,5.105625629425049
BERCHYYAZRCHFY-DHZJSNGESA-N,CN(C)Cc1cccc2c(O)c3c(cc12)C[C@H]1C[C@H]2[C@H](N(C)C)C(O)=C(C(N)=O)C(=O)[C@@]2(O)C(O)=C1C3=O,4.905518054962158
OHZNNJCQQCRJQB-UHFFFAOYSA-N,OC(CNc1ncc(Cl)cc1F)CN1CCOCC1,4.605915546417236
IFAGESVUISMEIX-UHFFFAOYSA-N,Cc1ccc(NC(=O)NCC(=O)N(C)C)cc1,4.770968914031982
FDEBJOQXMMIBCE-UHFFFAOYSA-N,N#Cc1cccc(NC(=O)CCN2CCOC2=O)c1,4.980648994445801
DIBXOTLNMYSIFD-UHFFFAOYSA-N,COc1ncccc1NC(=O)C1CNC(=O)N1,5.137516498565674
XNPVHIQPSAZTLC-WIRSXHRWSA-N,CO[C@@H]1c2cc(C(C)C)c(O)c(O)c2[C@@]23CCCC(C)(C)[C@@H]2[C@@H]1OC3=O,4.8161115646362305
ACHGFLVZBGIAEB-UHFFFAOYSA-N,Cn1c(CNC(=O)NCC(F)(F)F)nnc1C1CCC1,5.109405994415283
RHKQXCFGQFIGNO-UHFFFAOYSA-N,COc1cccc(CN2CCNCC2)c1OC,4.777201175689697
FTFCBGPPKMZIPK-UHFFFAOYSA-N,CC(O)(CNc1ncccc1F)C1CCCC1,4.670506000518799
OLNLSVGXEZKPAK-QFIPXVFZSA-N,NC[C@H](Nc1nccc2ccc(-c3ccccc3Cl)cc12)c1ccccc1,5.28590726852417
APYIVQOKMPJKFX-UHFFFAOYSA-N,CCOC(=O)C1=C(C)NC(=O)CC1c1ccccc1,4.707550525665283
NHTWZVGAPXHDOA-UHFFFAOYSA-N,CC1CN(C)CCN1C(=O)NCc1cccs1,5.7023468017578125
NCBJVUUCXLFNLP-UHFFFAOYSA-N,CCCCc1nc(Cl)c(C2NC(=O)NC(C)=C2C(=O)OCC)n1S(=O)(=O)c1ccc(C(C)(C)C)cc1,4.366496562957764
ZRTXSKGGURBEJX-UHFFFAOYSA-N,COCCN(Cc1ccco1)C(=O)c1cnc(C)cn1,4.176687717437744
TUEMXJXGAZIXQV-UHFFFAOYSA-N,O=C(CN1CCCC1)Nc1nc(-c2ccc(Cl)cc2)cs1,4.657044887542725
INBZVDWUIKZBOZ-UHFFFAOYSA-N,CC(C)(C)NC(=O)N1CCCC1(C)CO,4.201817512512207
BHRDCLCQKRWPDI-UHFFFAOYSA-N,COc1ccc(NS(=O)(=O)c2ccc(Cl)s2)cn1,5.18028450012207
JFMGURMKYQNSRD-UHFFFAOYSA-N,CN(C)Cc1nc(C(=O)N2CCN(C)CC(O)C2)cs1,3.4192001819610596
PKNYJUSBUDGYCU-UHFFFAOYSA-N,CCc1ccc(N(Cc2cccc(OC)c2)S(=O)(=O)c2cccn3cnnc23)cc1,5.764980792999268
HYUDDHSPJFCULQ-UHFFFAOYSA-N,Nc1nc(-c2ccccc2)nc2[nH]nc(Nc3ccc(C(F)(F)F)cc3)c12,5.156710147857666
BUBBNFFNEXUECR-UHFFFAOYSA-N,Cc1n[nH]c(C)c1C(N)C(=O)NCCc1ccnn1C,4.769042491912842
GFDANIJILMSSET-UHFFFAOYSA-N,NC(=O)c1ccc(NC(=O)CSc2ncccn2)cc1,4.460355758666992
NYAHCDIMVFUZBS-UHFFFAOYSA-N,CNCCCNC(=O)c1ccc(C)c(C)c1,4.754939556121826
JTQPRPMXWYGHOD-UHFFFAOYSA-N,Cc1cccc(C)c1OC1CN(C(=O)CC(O)CN)C1,4.239486217498779
MSHDMUWBEBNDPW-UHFFFAOYSA-N,Cc1ccccc1C(C)NC(=O)c1ccc(=O)n(C)n1,5.153238773345947
RNRTXDQLRRSXNM-UHFFFAOYSA-N,OB1OCc2c1ccc(Cl)c2F,3.9613490104675293
WCCDCXOEXYIINP-UHFFFAOYSA-N,Cn1ncc(NCC2CCCO2)c(Cl)c1=O,4.299198627471924
LEZLVQTVACTJDN-UHFFFAOYSA-N,CCOCCN1CCN(CCc2ccncc2)CC1,5.080617427825928
VTWMWOBRQPMYTR-UHFFFAOYSA-N,CCN1CCN(C(=O)CN2CCCCCCC2=O)CC1,4.173079490661621
LHVKUKVODDGOPF-UHFFFAOYSA-N,O=C(c1cccs1)N1CCCN(CCCO)CC1,5.155816555023193
OTWNFFFKPAHVMX-UHFFFAOYSA-N,COc1ccccc1C(=O)N1CCN(C2CC2)C(=O)C1,4.542150020599365
IVKGLOBUHGLLDN-UHFFFAOYSA-N,CCN(CC)CC(=O)Nc1ccn(CCC(N)=O)n1,4.025537014007568
QTDZMVOGEWICAZ-UHFFFAOYSA-N,CC(C)C1C(=O)NCCN1C,4.3496785163879395
WRWFTXVBBKCRQZ-UHFFFAOYSA-N,O=C(Cn1nc2ccc(SCc3ccc(Cl)cc3)nn2c1=O)Nc1ccccc1,5.192865371704102
AHRNKLGCQSQHPQ-UHFFFAOYSA-N,COc1ccc(-c2nc(CN)cs2)cc1,4.416991710662842
BRRUKIYNWOSCHA-UHFFFAOYSA-N,O=[N+]([O-])c1ccc(-c2c(Nc3ccccc3)cccc2-c2ccccc2)cc1,6.426473140716553
BUWPZNOVIHAWHW-UHFFFAOYSA-N,O=C1CCNc2ccccc21,4.375929355621338
MAXXUBNWCPLXDI-VIFPVBQESA-N,O=C(N[C@H]1CCCNC1)c1ccc(F)cc1F,4.874270915985107
XPNXCRIXSPXVTG-UHFFFAOYSA-N,COc1cccc(NC(=O)Cn2c(=O)c3nnc(C(C)C)n3c3ccccc32)c1,5.296781539916992
JFAGEHMQGQGJCQ-UHFFFAOYSA-N,COc1ccc(-c2cc3c4nnc(SCC(=O)NCc5cccc(OC)c5OC)n4ccn3n2)cc1,5.585865020751953
XCMCEIFGBXLIIE-UHFFFAOYSA-N,Cc1ccc(NC(=O)CN2CCN(C)CC2)c(Br)c1,5.249013900756836
CLVVBNMTYMKNAP-UHFFFAOYSA-N,N#Cc1c(N)nc2[nH]nc(N)c2c1-c1ccccc1,5.365364074707031
HSXXLBMYPWOXAQ-UHFFFAOYSA-N,Cc1cc(NC(=O)NC2CCN(C3CC3)C2)no1,4.070835590362549
NEJKLBJNRWKKFV-UHFFFAOYSA-N,CCOc1ncc(Cl)cn1,4.317438125610352
VPDMSRJTNFKAJB-UHFFFAOYSA-N,Cc1ccc(NC(=O)Cn2nc3c4cc(-c5ccc(Cl)cc5)nn4ccn3c2=O)cc1F,5.710472583770752
NOWQQBYVPRSFSI-KBPBESRZSA-N,CN1CCN([C@H]2CN(Cc3ccsc3)C[C@@H]2O)CC1,5.289763927459717
MSKQXIUKYPOXIG-UHFFFAOYSA-N,O=C(Cn1nc2c(SC3CCCCC3)nccn2c1=O)Nc1ccccc1Br,3.8451147079467773
YNJJNWMINLGJEO-RNTNVZGTSA-N,CC(C)CCOc1ccc2ccccc2c1-c1c(OCc2cn(C[C@@H](CCCCN)NC(=O)[C@@H](CCCNC(=N)N)NC(=O)Cc3ccccc3)nn2)ccc2ccccc12.Cl.Cl,6.94219446182251
HYSBMLDBUNHYDO-UHFFFAOYSA-N,Cc1cc(NC(=O)CN(C)C)ccc1OCCO,4.5611138343811035
IXHBXKYOKXXAGF-UHFFFAOYSA-N,Cc1cnccc1CCN,4.339171409606934
QQODLRBHYUPWQQ-UHFFFAOYSA-N,Cn1cc(C2CSCCN2C(=O)c2ccncc2)cn1,4.887539386749268
OAXKQRHHCOGQGY-UHFFFAOYSA-N,O=C(NCc1ccccc1)c1cn(C2CNC2)nn1,4.9839677810668945
ILSXMVZPMPPOEJ-UHFFFAOYSA-N,Cc1cc(C(=O)N2CCn3cccc3C2C)no1,4.736057758331299
MZMKZKULUDWQKT-UHFFFAOYSA-N,CCOC(=O)c1nc(C)n(C)n1,3.609556198120117
FPHFUUHXZRSPCF-KBMIEXCESA-N,CC(C)(O/N=C(\C(=O)N[C@@H]1C(=O)N2C(C(=O)[O-])=C(C[n+]3ccc(NC(=O)c4ccc(O)c(O)c4Cl)cc3)CS[C@H]12)c1csc(N)n1)C(=O)O,4.916726589202881
FSIRRPNAPBSKLC-NFBKMPQASA-N,COc1ccc(-c2cnc(C(=O)Nc3ccc(C(=O)N4CCC(C(=O)[C@@H]5CCNC[C@H]5O)CC4)c(Cl)c3)n2C)c(F)c1F,5.044070720672607
XJNUHVMJVWOYCW-GBNZRNLASA-N,Cl.O[C@@H]1CCCC[C@H]1N1CCC(c2ccccc2)CC1,5.491763591766357
ZBUNKYCGUHTQCM-UHFFFAOYSA-N,CCN(Cc1ccc(Cl)s1)C(=O)COC,4.102416515350342
QDLNCDXRGPFFTQ-UHFFFAOYSA-N,O=C(Nc1ccc(Cl)c(Cl)c1)c1cc(Cl)ccc1NS(=O)(=O)c1ccc(Cl)cc1,5.431585788726807
KAAWBKDWUMKUKD-FXXULWDVSA-N,CC[C@H]1OC(=O)[C@@](C)(F)C(=O)[C@H](C)[C@@H](O[C@@H]2O[C@H](C)C[C@H](N(C)C)[C@H]2O)[C@](C)(OC)C[C@@H](C)C(=O)[C@H](C)[C@H]2N(CCCCn3cc(-c4cc(OC)cc([N+](=O)[O-])c4)nn3)C(=O)O[C@]12C,4.276517868041992
MKKZJLALSXXPJP-UHFFFAOYSA-N,CCc1nc(C)cc(N)n1,3.847062349319458
ZBALAFIAVMIDQY-PHDIDXHHSA-N,NC[C@H](O)C[C@@H](N)CC(=O)NNCC(=O)O,2.7462596893310547
PDPHGCQJDUZZGM-UHFFFAOYSA-N,CC(N)c1c(F)cccc1F,3.5637998580932617
RQCOHCHPGGBNED-UHFFFAOYSA-N,CC1CCS(=O)(=O)CCN1CC(=O)NCC1CCC1,4.103720188140869
HZBPDEAJTXOHLM-UHFFFAOYSA-N,Cc1[nH]c(C(=O)Nc2nc3c(OCc4cccc(F)c4)cc(C(=O)O)cc3s2)c(Cl)c1Cl,4.6511759757995605
XFBGNZWWJMLKMF-UHFFFAOYSA-N,CCN1CCC(NC(C)c2ccc(F)cn2)CC1,4.509520053863525
XJDRFPMFQPWICJ-UHFFFAOYSA-N,Cc1ccc(NC(=O)Cn2nc3c(N4CCOCC4)nccn3c2=O)cc1Cl,4.485480785369873
IVEZPLYLJUBCSG-UHFFFAOYSA-N,CN(C)C(=O)CNC(=O)c1cc2ccccc2cc1O,5.045793533325195
HEZJNTOJEBNUAK-UHFFFAOYSA-N,CCOc1ccc(S(=O)(=O)NC2CC2)cc1C(N)=O,4.324791431427002
MBLVRODWKGTSJI-UHFFFAOYSA-N,CC#CCN.Cl,2.3303489685058594
QVDPRDMFHSTLOH-UHFFFAOYSA-N,NCCc1ccc(-n2cccn2)cc1,3.6711831092834473
SOCBTGBCXHPVIZ-UHFFFAOYSA-N,Cl.Nc1nc(-c2ccc(NC(=O)c3cc(Cl)cc(Cl)c3)cc2)c[nH]1,5.313592910766602
HELKSLAMYBXCSD-UHFFFAOYSA-N,NC1COCC1Oc1ccc2ncc(F)c(CCC34CCC(NCc5ccc6c(n5)NC(=O)CO6)(CC3)CO4)c2n1,5.4822492599487305
WOVUGVCIIGCONV-UHFFFAOYSA-N,Cc1nc(NC(=O)c2ccnn2C)sc1C,4.727240085601807
ZQWVGXFUPWATQQ-UHFFFAOYSA-N,CS(=O)(=O)CCN1CCCC(CO)(CC2CC2)C1,3.455817699432373
QLRVNBDXKFPSQS-UHFFFAOYSA-N,CC(C)(C(=O)NCCOc1ccccc1Cl)S(=O)(=O)c1ccc(C(F)(F)F)cn1,5.379487991333008
BUJAGSGYPOAWEI-UHFFFAOYSA-N,Cc1cccc(C)c1NC(=O)C(C)N,4.3510661125183105
DJKOFRICBSLWRE-UHFFFAOYSA-N,Cc1ccc(S(=O)(=O)CCC(=O)NC(N)=O)cc1,3.760812997817993
YGGFEWQTDGDSIT-UHFFFAOYSA-N,CCC1COCCN1C(=O)CN1Cc2ccccc2C1,4.829595565795898
DECSUJOMETXPTK-UHFFFAOYSA-N,CCOC(=O)c1cccc(-c2ccccc2-c2csc(N)n2)c1,4.626770496368408
XQFMQMXJXWTGON-UHFFFAOYSA-N,CC(N)c1nc(-c2ccccc2)c[nH]1,4.459442138671875
RSPRMRVYZCSKLD-UHFFFAOYSA-N,NS(=O)(=O)CC1CCCN1,3.2871148586273193
QUNLVELMQUZULD-UHFFFAOYSA-N,O=C(NC1CCOCC1)c1cn2ccsc2n1,4.786202430725098
GZTXKWQIXBTMHI-UHFFFAOYSA-N,CNC(=O)c1cc(-c2ccccc2)nc2c1cnn2Cc1ccncc1,5.252658843994141
UNQQNQMZKMGLBJ-QZQOTICOSA-N,O=C(O)Cc1ccc(/N=N/c2c(O)c(C(=O)O)cc3ccccc23)cc1,4.728092670440674
KXTZARTYFRXBLN-UHFFFAOYSA-N,COc1ccc2c(c1)CCC(=Cc1cccnc1Br)C2=O,5.036662578582764
JZSPFJSHAWMZJR-UHFFFAOYSA-N,CSCc1cc(F)ccc1CNC(=O)c1cn[nH]c1C,5.131910800933838
VYAVEETVMVHNGO-UHFFFAOYSA-N,COCC(C)Nc1ccccc1CN1C(=O)CCC1=O,4.545892238616943
PAAPTEADZZMLSS-UHFFFAOYSA-N,CN1CCCN(C(=O)c2cc(C3CC3)on2)CC1,4.7385334968566895
JJGFIWOOXGTBGV-UHFFFAOYSA-N,O=C(c1coc(CN2CCOCC2)c1)N1CCSCC1,4.024708271026611
OLSMTUJIAAFSKH-UHFFFAOYSA-N,CN(Cc1ccc(Br)cc1)C(=O)CSc1nc(N)n[nH]1,4.759297847747803
WAZNRPTWRABZMY-UHFFFAOYSA-N,Cn1cnnc1CCNC(=O)c1cc(F)ccc1F,4.9356279373168945
RVLQAZXWLNOECS-UHFFFAOYSA-N,CCOc1ccccc1CNC(=O)CCc1nnc2ccc(-c3ccccc3)nn12,6.070271015167236
SESYRRHPINNAJZ-UHFFFAOYSA-N,O=C(Cn1cnc2ccccc21)N1CCCC1,5.669874668121338
PWLJZANQJPIZET-UHFFFAOYSA-N,O=C1CC(CNc2ncccn2)c2ccccc2N1,4.866611480712891
PMXDSEVWXFXDOX-UHFFFAOYSA-N,Cc1cnn(CCNC(C)CC(N)=O)c1,4.537539005279541
HQFJVCXTDLGNQU-UHFFFAOYSA-N,CC(=O)NC(C)C(=O)Nc1ccccn1,1.9808306694030762
CGVPVMYGBJPHKH-UHFFFAOYSA-N,CNC(=O)c1cccnc1N1CCSCC1,4.7856245040893555
OXKGFSRQBNPIGU-UHFFFAOYSA-N,CCN(CC)CC(=O)Nc1ncccc1O,3.898563861846924
ZEBSHMKRRLQSPT-UHFFFAOYSA-N,CN(C)CC1(O)CCCN(C(=O)c2n[nH]c(N)c2Cl)C1,4.024292469024658
MKJUVACMILVNTO-UHFFFAOYSA-N,CCOC(=O)Nc1cc(NC(C)CC(C)CN(CC)CC)c2nc(-c3ccccc3)c(-c3ccccc3)nc2n1,4.79424524307251
QHLVNHUKFDSOSA-UHFFFAOYSA-N,CCc1csc(S(N)(=O)=O)n1,4.074060916900635
AEGJDHOUFWSZFS-UHFFFAOYSA-N,Cc1ccc(CN(c2cc(C)cc(C)c2)S(=O)(=O)c2cccn3c(C)nnc23)cc1,5.522637844085693
REMKWVRLCSCAQL-UHFFFAOYSA-N,COc1cccc2c1CCC(=Cc1ccco1)C2=O,5.748651504516602
UBXGWOCNXGWGFI-UHFFFAOYSA-N,CCCCNC(=O)Cn1nc2n(Cc3ccco3)c(=O)c3sccc3n2c1=O,6.256777763366699
KKEKYQQIRUOQJD-UHFFFAOYSA-N,COCCN(Cc1ccco1)S(=O)(=O)CCOC,4.299606800079346
MCAGRGVREBRYLZ-UHFFFAOYSA-N,COC1(CO)CCOC1,3.10463809967041
AKRYJDHAOYEXGT-UHFFFAOYSA-N,CC(Nc1ccc(Cl)cc1)C(=O)NC(N)=O,5.062805652618408
KEMZIYIFNGFGKO-UHFFFAOYSA-N,COCC(C)Nc1ccc2nnc(C3CC3)n2n1,4.689310550689697
LYJIGLUCSHCFJC-PEZBUJJGSA-N,Cc1ccc(/N=N\c2c(O)ccc3[nH]nnc23)cc1,5.737952709197998
VQXNWDROXGNTJO-UHFFFAOYSA-N,CN(C)CC1CCN(CC(=O)NCC2CCCO2)CC1,3.952338695526123
PEQBLSMRTRXSLL-UHFFFAOYSA-N,CCCC(O)CNS(=O)(=O)c1ccc(C(=O)NC)cc1,4.04633092880249
GGQARMYOIQQIDB-UHFFFAOYSA-N,CCCC(=O)N(C)CCC(N)C(C)C,4.063864707946777
MMPSGZVNSOGZCG-UHFFFAOYSA-N,c1ccc(SSC2CCCCC2)nc1,4.636748790740967
DTKUGMVCPBXQHG-YWSCFLIXSA-N,N=C(N)NCCC[C@H](NC(=O)[C@H](Cc1c[nH]c2ccccc12)NC(=O)[C@H](CCCNC(=N)N)NC(=O)[C@H](Cc1c[nH]c2ccccc12)NC(=O)[C@H](CCCNC(=N)N)NC(=O)[C@@H](N)CCCCN)C(=O)N[C@@H](Cc1c[nH]c2ccccc12)C(N)=O,5.510167121887207
MYQTZORVIIUJAF-UHFFFAOYSA-N,CS(=O)(=O)Nc1ccc(N2CCNCC2)cc1,5.253846168518066
QGJFIIKVYPIQAZ-UHFFFAOYSA-N,CCCC1CNCCO1,3.33963680267334
LVCQFYBDHINGJZ-UHFFFAOYSA-N,COc1ccccc1C(O)CNc1cccc(C)n1,4.5488505363464355
CCPXONNCEOHERO-AWEZNQCLSA-N,OC[C@@H]1CCCN1Cc1cc(F)cc2cccnc12,5.260084629058838
GDBIWJIOEVXZRG-UHFFFAOYSA-N,COc1ncc(C)cc1NC(=O)CC1CCCO1,4.9606499671936035
DBKDDPQJNILUTP-UHFFFAOYSA-N,Cc1ccnc(CC2CCCCN2)c1,4.149810791015625
KAVJVVVIFOIZKM-UHFFFAOYSA-N,Cn1c(=O)c2c(ncn2CCC#N)n(C)c1=O,3.6239800453186035
ISTGQGLLORHKNZ-UHFFFAOYSA-N,CSCCC(O)C(=O)NCCc1scnc1C,3.662165641784668
RJMMDKDKRHGNOH-UHFFFAOYSA-N,CCC(C(=O)NCc1nnc2n1CCC2)n1cccn1,5.056458950042725
MMJYZEXZZRKQPY-CHWSQXEVSA-N,CC(C)CCC(=O)N[C@@H]1CN(C)C[C@H]1CN(C)C,4.678273677825928
VLBJZIBTXZSAAW-UHFFFAOYSA-N,Cc1cc(C)n(C(C)C(=O)NCCS(=O)(=O)N(C)C)n1,4.367608070373535
LOSTZXUCNODLLQ-UHFFFAOYSA-N,CC(=O)NCCNCc1ccc(Br)s1,4.968481540679932
NOIIUHRQUVNIDD-UHFFFAOYSA-N,O=C(CCNNC(=O)c1ccncc1)NCc1ccccc1,5.122701168060303
NFMDYXPGUDJXEH-UHFFFAOYSA-N,COc1ccc(CC(=O)N2CCOC(C)C2)cc1,4.776472568511963
WGPLPYZLOPAYHM-UHFFFAOYSA-N,O=C(Nc1cc(F)cc(F)c1)c1ccncc1,5.5298027992248535
YKEKNWMGVFVMOU-UHFFFAOYSA-N,COCCNC(=O)Cc1c(C)[nH]c2ccccc12,4.455804347991943
VJSKMJDNCBTKJL-UHFFFAOYSA-N,CN(C)CCNC(=O)c1cccc(F)c1,3.542572021484375
MBHXETXJGOAPQR-UHFFFAOYSA-N,CC(=O)Nc1ccc(S(=O)(=O)Cc2nnc(SCC(=O)O)o2)cc1,5.308462619781494
DKKPCCCRECEJGN-JAIQZWGSSA-N,CCN(CC)C(=O)Cn1cc(/C=C(/C(C)=O)n2cc([N+](=O)[O-])nc2C)c2ccc(C)cc21,4.82576322555542
KZCGLIXKKICLID-UHFFFAOYSA-N,CN(C)CCNc1oc(-c2ccccc2)nc1C#N,4.307348728179932
VWYWTKHFRYXESW-UHFFFAOYSA-N,Cc1ccccc1CC(=O)OCCC(N)=O,3.5851879119873047
KGTWPNUXYAQGBC-UHFFFAOYSA-N,N#CC1=C(N)Oc2ccc3ccccc3c2C1,4.406614780426025
OMFYAUPVBSUEIA-UHFFFAOYSA-N,Cl.Nc1nccc(-c2cccc(NC(=O)c3cc(Br)cc(Br)c3)c2)n1,5.2318525314331055
LGYWZWVXJPZZOI-UHFFFAOYSA-N,CN(C)C(=O)Nc1cc(F)cc(F)c1,4.256194591522217
GJJYYMXBCYYXPQ-UHFFFAOYSA-N,CC(C)(C)OC(=O)N1CCCC1=O,2.6777141094207764
YKFIBTFKMAOZOH-UHFFFAOYSA-N,O=C(CCNC(=O)NC1CCSCC1)NC1CCCC1,5.118351459503174
MNVRPODOQSOTBT-UHFFFAOYSA-N,O=C(c1c(O)cccc1F)N1CCc2cnccc21,2.379115104675293
JETGRGCZENLVDS-UHFFFAOYSA-N,COCC(O)CNc1nc(CC(C)C)ns1,4.419647693634033
GMOWISIYDAKZQP-UHFFFAOYSA-N,NC1CCCN(Cc2ccccc2OCCO)CC1,4.714697360992432
WZNKADAVVXSJDW-UHFFFAOYSA-N,CCC(C)(CC)NC(=O)NC(C)CS(=O)(=O)CC,4.149211406707764
YDUPDZNRJUUQNE-UHFFFAOYSA-N,O=C(Nc1ccc(Oc2cc3ccccc3cc2Cl)c(Cl)c1)c1cc(Cl)cc(I)c1O,5.919081211090088
XJBMHIHXRARJJS-UHFFFAOYSA-N,Cc1cc(CO)nn1C,4.037593841552734
GRKZBPYJDDQAQM-GHMZBOCLSA-N,CC(C)c1cc(C(=O)N[C@@H]2CCOC[C@H]2O)cs1,4.612809658050537
CAEYRQJKRZVDJQ-UHFFFAOYSA-N,Cc1cncc(C(=O)Nc2cc(O)cc(F)c2)c1,5.522128582000732
AHJCODOCVBPPEE-UHFFFAOYSA-N,COc1ccccc1-c1cc(N)no1,4.155581951141357
GDCXAWGBYZHYPX-UHFFFAOYSA-N,COc1cc(NC(=O)Cn2nc3ccc(SC(C)C)nn3c2=O)cc(OC)c1,4.580601692199707
RUGGNZJNPHUCPD-UHFFFAOYSA-N,COCC(C)CNc1cccc(S(=O)(=O)N(C)C)c1,4.280385494232178
LORWAWIDHHBUDK-UHFFFAOYSA-N,CCCc1nc(C(=O)NC2CCCCNC2=O)cs1,4.2928786277771
ZXFGQXAKYQTQEM-UHFFFAOYSA-N,COc1ccc(N2CCN(C(=O)Cn3nc4ccc(S(=O)(=O)C(C)(C)C)nn4c3=O)CC2)cc1,5.1752610206604
MBHXCYHYWQPDMS-UHFFFAOYSA-N,O=C1COc2ccc(CNC34CCC(CCc5c(F)cnc6ccc(O)nc56)(CC3)OC4)nc2N1,6.981959819793701
QBXMPXIZRRORQO-UHFFFAOYSA-N,CCCCCn1c(Cc2ccccc2)cnc1N.Cl,5.728456020355225
ATCFHFPKXRXEKP-JBAQVSMNSA-N,C[C@@H]1C[C@@H](O)[C@H]2O[C@H](O[C@H]3[C@H](O[C@@H]4O[C@H](CO)[C@@H](O[C@H]5O[C@@H](CN)[C@@H](O)[C@H](O)[C@H]5N)[C@H]4O)[C@@H](O)[C@H](N)C[C@@H]3N)[C@H](N)[C@@H](O)[C@@H]2O1,4.8548407554626465
OJYNQRDQFNECOG-UHFFFAOYSA-N,CCN(Cc1ccncc1)C(=O)C(C)C,4.315778732299805
WEGHZLNUKSUMCE-UHFFFAOYSA-N,CN(C)c1ccc(C(=O)NCCc2c[nH]cn2)cn1,4.848473072052002
MBURSSYFCOOPBP-UHFFFAOYSA-N,Cc1cccc(CN2CCC(C(=O)N(C)C)CC2)c1,4.996544361114502
NJYMXADIRPKZLH-UHFFFAOYSA-N,O=C(NCCc1ccsc1)NC1CCCCNC1=O,4.950683116912842
SHHHPJIYJOZUCY-UHFFFAOYSA-N,CCOC(=O)Nc1cccc([As](=O)(O)O)c1,3.741150140762329
RGELFQXIIOJMMA-UHFFFAOYSA-N,N=C(N)NCCCCN1C(=O)N(CCCCNC(=N)N)C(=O)C(Cc2cc(C(F)(F)F)cc(C(F)(F)F)c2)(Cc2cc(C(F)(F)F)cc(C(F)(F)F)c2)C1=O.O=C(O)C(F)(F)F.O=C(O)C(F)(F)F,4.950934410095215
CIQIDVWLYUHMHX-QXYUJABFSA-N,CC(C)C[C@@H]1NC(=O)CCCCCCCCCNC(=O)[C@H](Cc2ccc3ccccc3c2)NC(=O)[C@H](CCCNC(=N)N)NC(=O)[C@H](CC(C)C)NC(=O)[C@H](Cc2ccc3ccccc3c2)NC(=O)[C@H](CCCNC(=N)N)NC1=O,5.846320152282715
KWFBUFOKYNJLQN-RUDZPDEXSA-N,CCCCCCCC(=O)N[C@@H](CCN)C(=O)N[C@H](C(=O)N[C@@H](CCN)C(=O)N[C@H]1CCNC(=O)[C@H]([C@@H](C)O)NC(=O)[C@H](CCN)NC(=O)[C@H](CCO)NC(=O)[C@H](CC(C)C)NC(=O)[C@@H](Cc2ccccc2)NC(=O)[C@H](CCN)NC1=O)[C@@H](C)O,5.134479999542236
OBJPAIVWIPIBSI-UHFFFAOYSA-N,Cc1nc(CCNC(=O)CNC(=O)N(C)C)sc1C,3.5659544467926025
QJOGAFCSVPNZNK-UHFFFAOYSA-N,O=C(CSc1nc2ccccc2n2cnnc12)NCc1ccccc1Cl,5.141402721405029
AMNADWIXFLTXEV-UHFFFAOYSA-N,CCOC(=O)Nc1ccc2nc(Sc3ccc(Cl)cc3)sc2c1,5.755970478057861
SVZSVLASUBYZAO-UHFFFAOYSA-N,O=C(CN1CCn2ccnc2C1)NCC(F)(F)F,3.193774938583374
BSQBZLICPFOVDY-UHFFFAOYSA-N,CCN(CC)C(=O)c1ccc(Sc2ccc(C(=O)c3ccccc3C(=O)O)cc2[N+](=O)[O-])c([N+](=O)[O-])c1,3.784064292907715
RPFOVMSNIMZIAY-UHFFFAOYSA-N,CCN(CC)C(=O)CCC1CCNCC1,4.253528594970703
MRYNEXGYUVXVKV-FMQUCBEESA-N,C=C(C)C(=O)Oc1ccc(/N=N/c2ccc(C)cc2)ccc1=O,5.4399189949035645
DEQAHQCWDHAUPB-HDTPUCHUSA-N,NC[C@@H]1O[C@H](O[C@H]2[C@@H](OCc3ccccc3)[C@H](O[C@@H]3[C@@H](OCc4ccccc4)[C@H](N)C[C@H](N)[C@H]3O[C@H]3O[C@H](CN)[C@@H](OCc4ccccc4)[C@H](OCc4ccccc4)[C@H]3N)O[C@@H]2COCc2ccccc2)[C@H](N)[C@@H](OCc2ccccc2)[C@@H]1OCc1ccccc1.O=C(O)C(F)(F)F,5.064516544342041
XDOMVPLWPJTUMI-UHFFFAOYSA-N,CC(=O)c1cnc2ccsc2c1,4.412361145019531
QXRRKLXAWCKXKD-STQMWFEESA-N,CCO[C@H]1CN(Cc2cccc(F)c2OC)C[C@@H]1O,4.451457500457764
CBRNOEBCODXMMU-UHFFFAOYSA-N,CC(C)NC(=O)CNC(=O)c1cc2cc(F)ccc2[nH]1,5.159897327423096
JOKOWVYZNUIOHK-UHFFFAOYSA-N,O=C(NNC(=O)c1ccc([N+](=O)[O-])cc1C(=O)O)c1ccncc1,4.2168869972229
VZTUIEROBZXUFA-UHFFFAOYSA-N,COc1ccc2c(c1OC)CN1CCc3cc4c(cc3C1C2)OCO4,4.8331379890441895
CDNIADYMVBMBFZ-UHFFFAOYSA-N,Cc1cc(C)cc(C(=O)Nc2ccc(-c3c[nH]c(N)n3)cc2)c1.Cl,5.157247543334961
UXYHHIFZLPFOQQ-KIYNQFGBSA-N,CO[C@H]1CNCC1NC(=O)Cc1ccc(F)cc1F,4.177978992462158
FDPOMQRUQMOUTC-UHFFFAOYSA-N,Cc1ccccc1C1(N)CC1,3.4647042751312256
FHKMPKNNMLAXJU-UHFFFAOYSA-N,COC(=O)c1ccc(NC(=O)Cn2nc3c4sc(N5CCCC5)nc4ncn3c2=O)cc1,4.744134426116943
XORXOJLLXYJNKZ-UHFFFAOYSA-N,CC1CN(C(=O)c2cccc(-n3cnnn3)c2)CCO1,5.757940769195557
JXEKCGRDIVWBBK-UHFFFAOYSA-N,COc1ccc(NC(=O)N2CCCN(C)CC2)cc1F,4.831401348114014
DXJUFEWCTSYFPQ-UHFFFAOYSA-N,O=C(NCCCn1cccn1)c1ccccc1O,5.094232082366943
CCLVTHQEKUCBCZ-UHFFFAOYSA-N,CC1(C2CCCN(C(=O)c3ccncc3)C2)OCCO1,4.289361000061035
ZNCDRTNNTRJQCH-UHFFFAOYSA-N,Cc1nccc(CNc2ncc(C(N)=O)cc2Cl)n1,4.277034282684326
QYBNWWHUUHSUIU-TZKUTQSQSA-N,C[C@@H](O)C1C(=O)N2C(C(=O)O)=C(S[C@@H]3CN[C@H](CN4CCN(Cc5ccccc5)S4(=O)=O)C3)[C@H](C)C12,2.352841854095459
KMEXAUCXMHHHKR-UHFFFAOYSA-N,CCc1cc(C(=O)NCC2CCCNC2)cc(=O)[nH]1,5.188171863555908
AKNNEGZIBPJZJG-UHFFFAOYSA-N,COc1ccc2c(c1OC)C(=O)OC2C1c2c(cc3c(c2OC)OCO3)CCN1C,5.186155796051025
BDTGKRFQVGJCFK-UHFFFAOYSA-N,CCOc1ccccc1N(C)C(=O)c1cnn(CC)c1,5.024544715881348
GZFPWXJVWWNVLR-UHFFFAOYSA-N,COc1cc(F)c(C(=O)N2CCC(OC)C2)c(F)c1,3.9511098861694336
SOLXZRSFCUPGRO-UHFFFAOYSA-N,CCCOC(=O)C(C)NC(=O)c1cccs1,4.075774192810059
BEORYUXAEHTCNP-CHWSQXEVSA-N,CO[C@@H]1CCOC[C@H]1NC(=O)CCc1ccccn1,4.510983467102051
LJSHGNALHZTWHB-UHFFFAOYSA-N,CCC(CO)NS(=O)(=O)c1ccc(C)cc1,4.058533191680908
JVHNBFFHWQQPLL-WOXROFTLSA-N,COc1ccc2c3c([nH]c2c1)[C@H]1C[C@H]2[C@H](C[C@@H](O)[C@H](OC)[C@H]2C(=O)O)CN1CC3,4.839073657989502
ALIVZSHEANRYOQ-UHFFFAOYSA-N,CCOC(=O)N1CCN(C(=O)c2ccco2)CC1,3.7690911293029785
ZQCXLMBWEBRAIT-UHFFFAOYSA-N,CCOc1ccccc1N(C)C(=O)c1ccncc1F,3.5827319622039795
SALPXAMYPNGNQS-UHFFFAOYSA-N,O=C(CCN1CCOCC1)Nc1cccc(Cl)c1,4.975863456726074
UHUWWMCDORAACJ-UHFFFAOYSA-N,Cc1cc2cc3n(c2nn1)N=C(Cl)CC3,4.87495231628418
VSUIYEJRLYLXLB-UHFFFAOYSA-N,CCOc1ccc(-n2ccn3c(SCC(=O)Nc4cccc(Cl)c4)nnc3c2=O)cc1,7.718011379241943
QTSOFJYLPQGFMK-UHFFFAOYSA-N,COc1cccc(NC(CN)c2ccccc2)c1,4.720221042633057
JFNBERYCMIYPGA-UHFFFAOYSA-N,NCCOc1c(Cl)cc(Cl)cc1Sc1cc(Cl)cc(Cl)c1OCCN,5.20397424697876
AQUSSYCCNHYFTN-UHFFFAOYSA-N,CN(CC1CC1)C(=O)c1nn(C)c(=O)c2ccccc12,4.855388164520264
VLIIOALGIBENKI-UHFFFAOYSA-N,Nc1ccn(CCCN2CCCC2)n1,4.0909600257873535
SSPKOZYOCDZULZ-UHFFFAOYSA-N,CN(C(=O)Cn1cc(Br)cn1)C1(C#N)CCCCC1,4.788148403167725
YKRSCJPIZYYMAX-UHFFFAOYSA-N,CN(C)C(=O)C1CCN(Cc2ccc(F)cc2)CC1,4.996810436248779
NQTAAFZZEZBERQ-UHFFFAOYSA-N,CCCc1noc(COc2nc(C)no2)n1,4.277512073516846
FSLCOLAGLZSTLO-NSHDSACASA-N,CNC(=O)[C@@H]1CCCN1CC1CCNCC1,4.662949562072754
RUBIEFCUOUDWIY-UHFFFAOYSA-N,CCOc1ccc(C(=O)CSc2nnc3c(=O)n(-c4ccc(OCC)cc4)ccn23)cc1,8.207647323608398
LIQRBGHFJFLHNK-UHFFFAOYSA-N,COCCCNC(=O)C1=Cc2ccccc2OC1,4.963613986968994
FJMAVOBBNILFJJ-UHFFFAOYSA-N,CN1N=C(C(=O)NCCCN(C)S(C)(=O)=O)CCC1=O,4.577183246612549
LFKFQHDZGFHGKP-UHFFFAOYSA-N,CNCCCOC(C)C,3.044579029083252
WJDPOFAZTZQTRZ-POHAHGRESA-N,Cn1cc(/C=C2\NC(=S)NC2=O)c2ccccc21,5.857677459716797
QHOUDEZPFKDYIG-YGRULFCMSA-N,CO[C@H]1/C=C/O[C@@]2(C)Oc3c(C)c(O)c4c(O)c(/c(=C/NN5CCN(C)CC5)c(O)c4c3C2=O)=N\C(=O)/C(C)=C\C=C/[C@H](C)[C@H](O)[C@@H](C)[C@@H](O)[C@@H](C)[C@H](OC(C)=O)[C@@H]1C,4.617919445037842
QTGHKEOOFWRHCI-UHFFFAOYSA-N,CC(NC(=O)Nc1ccccn1)C1CCN(C)CC1,4.5828537940979
VXQANUYUHPACIH-UHFFFAOYSA-N,O=C(Nc1cccc2c1OCCO2)NC1CC1,4.50075101852417
RYXAKKDZEIAQQH-MDZDMXLPSA-N,N#Cc1ccc(/C=C/c2nc3ccccc3c(=O)n2-c2cc[nH]n2)cc1,6.423551082611084
HEWVGINPCZDHJF-UHFFFAOYSA-N,COC(=O)COC(C)(C)C,2.271369457244873
ZDKJMUIZUSESQW-UHFFFAOYSA-N,CCN(CC(N)=O)C(C)c1cccc(OC)c1,3.848500967025757
UUHAWRQSWYCALO-KKMKTNMSSA-N,O=C(O)c1ccc(-n2cc(/C=N/Nc3ccccc3F)c(-c3ccc(F)c(F)c3)n2)cc1,5.228370666503906
OAYVOWQEBPQDFX-UHFFFAOYSA-N,CNC(=O)CN(C)C(=O)C(C)(C)C,2.12685489654541
MYIRWARHQKMZDP-UHFFFAOYSA-N,CCOC(=O)c1c(C)nc(C)c(C(=O)OCC)c1-c1cccnc1,4.388095378875732
JIRGJCZWXORGJF-UHFFFAOYSA-N,CCSc1nnc(-c2nonc2NC(C)=O)n1CC,4.4209065437316895
TZVYDYIDLQCRHV-UHFFFAOYSA-N,CCN(C)CCCO,2.824558973312378
MMRLNUFECMEMSQ-UHFFFAOYSA-N,Nc1ncnc2c1c(Cc1cccc3ccccc13)nn2CC1CCNCC1,5.958668231964111
XXTNEPMAKOZCMW-UHFFFAOYSA-N,Cc1ccc(CC(=O)N2CCC3(CC2)OCCO3)cn1,4.535773754119873
VJLVBQBZGAFVMR-UHFFFAOYSA-N,COc1ccc(-n2ccn3c(=O)n(Cc4cc(C)ccc4C)nc3c2=O)cc1Cl,5.6997151374816895
RPKPFOKNXKRFTD-LURJTMIESA-N,C[C@@H](C#N)NC(=O)OC(C)(C)C,3.1570069789886475
FKXGMUVXWIHPDE-FXRZFVDSSA-N,COCCOC1CCN(CCNC(=O)c2cc(NC(=O)c3cc(NC(=O)c4ccc(/C=C/c5ccc6nonc6c5)cc4)cn3C)cn2C)CC1.O=S(=O)(O)O,5.174323558807373
SVACPFPVCHETDV-UHFFFAOYSA-N,NCC(=O)N(CC1CCCCC1)C1CC1,3.3120741844177246
QGKPLHUADRKTKJ-UHFFFAOYSA-N,COc1cccc(S(=O)(=O)Nc2ccc(-c3nc4cc(NS(=O)(=O)c5cccc(OC)c5)ccc4o3)cc2)c1,4.867828369140625
GWUSZQUVEVMBPI-UHFFFAOYSA-N,CN1C(=O)CN=C(c2ccccc2)c2cc([N+](=O)[O-])ccc21,4.598753452301025
UAKHGHPUFYJSQX-UHFFFAOYSA-N,COc1ccc2ncc(F)c(CCC34CCC(NCc5nc6c(c(C)c5F)OCC(=O)N6)(CC3)CO4)c2n1,5.9876532554626465
QDMAQCYRJMTAOW-YGCVIUNWSA-M,C[n+]1cccc(/C=C/C(=O)c2ccc3ccccc3c2)c1.[I-],4.609105587005615
VVTZSNMAXAAGRW-UHFFFAOYSA-N,CC(C)c1nnc2c(SCC(=O)Nc3ccccc3C(F)(F)F)nc3ccccc3n12,5.742412090301514
NPAITDZUKIYPBJ-FOCLMDBBSA-N,COc1ncccc1CNc1cccc(-n2c(/C=C/c3ccc(C#N)cc3)nc3ccccc3c2=O)c1,7.206374645233154
IZEKFCXSFNUWAM-UHFFFAOYSA-N,OCCN(CCO)c1nc(N2CCCCC2)c2nc(N(CCO)CCO)nc(N3CCCCC3)c2n1,3.577281951904297
NOBGJBSHGKSAEJ-UHFFFAOYSA-N,C=C(C)CNC(=O)NCCn1c(=O)oc2ccccc21,5.1549153327941895
PHAUVNRHGZRMHE-UHFFFAOYSA-N,CCCCN(CCCC)CCCNc1nc(NC2CCCCCCC2)nc(NC23CC4CC(CC(C4)C2)C3)n1,6.3323493003845215
HKLZQBKJMMVUDK-UHFFFAOYSA-N,Cc1cc(NC(=O)NCC(O)CN2CCCCC2)no1,5.075408935546875
GXALXAKNHIROPE-QAQDUYKDSA-N,O=C(O)C[C@H]1CC[C@H](c2ccc(-c3ccc(Nc4ccc(C(F)(F)F)nc4)cn3)cc2)CC1,5.317249298095703
XBIYDLWPOZRUAT-UHFFFAOYSA-N,CCCCc1ccc(NC(=O)Cn2nc3c(Sc4ccccc4CC)nccn3c2=O)cc1,5.512210845947266
VUDGRKLUMAAASW-OGFCOVEESA-N,CC(C)[C@H]1CC[C@@](O)(COC(=O)/C(=C/[C@@H]2[C@@H](C(C)C)CC[C@@]3(O)COC(=O)[C@@H]23)CO)[C@@H](C(=O)O)[C@@H]1/C=C(\CO)C(=O)O[C@@]12CC[C@H](C(C)C)[C@@H](/C=C(\CO)C(=O)O)[C@@H]1C(=O)OC2,4.634171009063721
JYXGCMLOKDKUAX-YFKPBYRVSA-N,C[C@H](N)c1ccco1,3.647726058959961
OEBCBJFNSYRPHY-UHFFFAOYSA-N,COc1nc(CO)c(C)cc1C,4.136406421661377
JPMASOUHBWGGHB-UHFFFAOYSA-N,CCOC(=O)CNC(=O)NCCc1ccc(OC)cc1,4.764362812042236
LFHWVCNZGTVNBE-UHFFFAOYSA-N,O=S1(=O)CCCN1C1CCNCC1,3.92263126373291
CJCNKABBNRBMIT-UHFFFAOYSA-N,COc1ccccc1CCNC(=O)CC1CCCO1,3.7814505100250244
XSFJVAJPIHIPKU-XWCQMRHXSA-N,CC1(C)O[C@@H]2C[C@H]3[C@@H]4C[C@H](F)C5=CC(=O)C=C[C@]5(C)[C@H]4[C@@H](O)C[C@]3(C)[C@]2(C(=O)CO)O1,5.036449909210205
CHYYJVVEPDKOAP-UHFFFAOYSA-N,CCc1ccc(NC(=O)CSc2nnc3c(=O)n(-c4ccccc4)ccn23)cc1,5.793586730957031
GKNIIDCUPCAUSM-GZTJUZNOSA-N,CC(C)n1ncc(C(=O)/N=c2\cc[nH]n2C(C)C)c1N,4.102524280548096
OOPUJNBROMPJLB-UHFFFAOYSA-N,NCC1CCCSC1,3.6031577587127686
SUWFPEZITOEUQR-IPBVOBEMSA-N,O=C(O)c1ccc(-n2cc(/C=N/Nc3ccc(Cl)cc3Cl)c(-c3ccc(F)c(F)c3)n2)cc1,5.442653656005859
GNINXDIROTULQT-UHFFFAOYSA-N,COc1c(Br)cc(Br)cc1C(=O)Nc1ccc(Sc2nc3ccccc3s2)c(Cl)c1,6.657917022705078
FWSJIZWILPIKDU-UHFFFAOYSA-N,CC(C)Oc1cc(CNc2cnccn2)ccn1,4.7442097663879395
PACODLZROJTNFA-TXEJJXNPSA-N,CCCn1ccnc1CNC(=O)[C@H]1CC[C@@H](O)CC1,4.104677677154541
HSNVCSGSCOZLOR-UHFFFAOYSA-N,NCCCNS(=O)(=O)c1ccc(Cl)cc1,4.237821102142334
IMONTRJLAWHYGT-ZCPXKWAGSA-N,C#C[C@]1(OC(C)=O)CC[C@H]2[C@@H]3CCC4=CC(=O)CC[C@@H]4[C@H]3CC[C@@]21C,4.412855625152588
TXSORPVLLISSMH-ZDUSSCGKSA-N,CCCCCCNNC(=O)CCNC(=O)[C@H](O)C(C)(C)CO,3.0106921195983887
LHXDQPBPBBDJOK-UHFFFAOYSA-N,O=C(NC1CC1)c1ccc(-n2ccnc2)cc1,4.329390525817871
PFMTUDAIMCVQLL-UHFFFAOYSA-N,CC(=O)c1ccc(NC(=O)Cn2nc3ccc(-c4ccc(C)cc4)nn3c2=O)cc1,5.52960729598999
QDHIDMRFKKXNKQ-UHFFFAOYSA-N,CCCS(=O)(=O)Nc1cccc(OCC)n1,4.997717380523682
RXUBILKDTFXPLW-UHFFFAOYSA-N,CS(=O)(=O)CC1(CNCc2ccncc2)CC1,4.472772121429443
MBGGBVCUIVRRBF-UHFFFAOYSA-N,O=C1C(CC[S+]([O-])c2ccccc2)C(=O)N(c2ccccc2)N1c1ccccc1,5.134759426116943
LQILDAVVTORWCU-UHFFFAOYSA-N,Cc1ncc(Cn2cc(CCCN)nn2)c(N)n1.Cl,5.573209285736084
CCWACOQORHPEIC-UHFFFAOYSA-N,CC(C)CCN1CCN(CC(=O)NC(N)=O)CC1,3.703418731689453
XPVSAZNNCMONOG-JHMVEINKSA-N,CC(C)C[C@@H]1NC(=O)[C@H](CCCN)NC(=O)[C@H](C(C)C)NC(=O)[C@H](CCCN)NC(=O)[C@H](CCCN)NC(=O)[C@H](CCCN)NC(=O)[C@@H](Cc2ccccc2)NC(=O)[C@H](Cc2ccccc2)NC(=O)[C@@H]2CCCN2C(=O)[C@@H](Cc2ccccc2)NC1=O,4.178402900695801
CBHOCCGAINSOSZ-LLVKDONJSA-N,COC(=O)[C@@H](C)NC1CCN(c2ccccn2)CC1,4.755433559417725
RCSORRYLRVDCJD-UHFFFAOYSA-N,COc1cnc(C#N)cn1,3.716104030609131
UQVNDLXCWMYEIP-UHFFFAOYSA-N,NC1CC1COc1ccc2ncc(F)c(CCC34CCC(NCc5ccc6c(n5)NC(=O)CO6)(CC3)CO4)c2n1,6.509024143218994
NYBMJRNRDGDXAX-UHFFFAOYSA-N,CCOC(=O)C1=C(C)OC(N)=C(C#N)C1c1cccs1,4.3399434089660645
ZPQJOIRRDRCCIR-UHFFFAOYSA-N,CC(C)NCC(=O)NC(N)=O,2.8407130241394043
STOABPMVDGNGKQ-UHFFFAOYSA-N,O=C(c1ccco1)N1CCCN(Cc2cscn2)CC1,4.192891597747803
ZILAGCMWZRLUPM-UZLBHIALSA-N,COc1ccc(-c2cnc(C(=O)Nc3ccc(C(=O)N4CCN(C(=O)[C@@H]5C[C@@H](O)CN5)CC4)c(Cl)c3)n2C)c(F)c1F,4.961306571960449
BKFVBIHLVPPCKN-UHFFFAOYSA-N,CCCN1CCC(CNC(=O)Cc2cc(C)no2)C1,4.903619289398193
XRMZOIJPZHYGOJ-UHFFFAOYSA-N,N#Cc1c(F)cccc1NCCSCCCO,6.1121344566345215
YYRXJVNRYRTQBJ-FXQIFTODSA-N,NC[C@@H]1OC[C@@H]2COCC[C@@H]21,3.8895392417907715
TXHXIMGYVPSYFT-UHFFFAOYSA-N,O=C(NC1CC1)c1ccc(CSCc2ccccc2Cl)o1,5.224706172943115
RBKGGFSQSIOKBS-UHFFFAOYSA-N,O=C(CC1CCS(=O)(=O)C1)NCCc1ccc(F)cc1,4.285353183746338
NBAZENYUDPJQIH-DVQXAVRRSA-N,O=C(/C=C/c1ccc(O)cc1)OC[C@H]1O[C@@H](Oc2c(-c3ccc(O)c(O)c3)oc3cc(O)cc(O)c3c2=O)[C@H](O)[C@@H](O)[C@@H]1O,5.319969654083252
HYJNTMSHBQURFP-UHFFFAOYSA-N,COCC(C)(CCO)NCc1c(C)noc1C,3.369225025177002
HSBJFFWOCJSPSB-UHFFFAOYSA-N,CC(C)Cc1cc(C(=O)NCCn2cnnn2)no1,4.590507984161377
HYQFYNFGQNKDMC-UHFFFAOYSA-N,CN(CC(N)=O)CC1CN(Cc2ccccc2)CCO1,4.3327789306640625
FUKNNRIAZQFUTH-UHFFFAOYSA-N,CC(C#N)N1CCC(C(=O)NCc2cccs2)CC1,5.187993049621582
HSJKCPZBJXISPJ-SNVBAGLBSA-N,COCc1cc(CNC(=O)[C@@H](N)C(C)(C)C)n[nH]1,3.653712511062622
JRMSVZOWYIBROU-UHFFFAOYSA-M,COc1ccc2cc3[n+](cc2c1OCC(O)Cn1cc(C=O)c2ccccc21)CCc1cc2c(cc1-3)OCO2.[Br-],5.28706169128418
XJHGBVCKYYNIPE-UHFFFAOYSA-N,O=C(O)CNc1ccc([As](=O)(O)O)cc1,3.5737338066101074
VWIKRKLLXNVQOM-VUBUAGMISA-N,C/C=C1\NC(=O)C(NC(=O)CCCCc2ccc(F)cc2)C(O)CNC(=O)C(C(O)CN)NC(=O)C(C(O)CN)NC(=O)[C@H](CCCNC(=N)N)NC[C@H](CC(C)C)NC(=O)[C@H](CCN)NC1=O,4.544144630432129
UJGVEXJIMOXGRB-UHFFFAOYSA-N,O=C(Cn1nc2c(Oc3ccccc3)nccn2c1=O)Nc1ccc2c(c1)OCCO2,5.314137935638428
YQYBCHQODLIEFJ-UHFFFAOYSA-N,CC1CCCN(S(=O)(=O)N(C)Cc2cc[nH]n2)C1,3.504077434539795
JPEWEGAVMWPJRF-UHFFFAOYSA-N,CC(C)OCc1nnc(C(C)N)s1,3.538187265396118
VUGPHUZAABNQFR-UHFFFAOYSA-N,CC(C)n1ccnc1CN(C)CC1COCCO1,4.64656400680542
PTHYMWHJPHPOKY-YELRBHIYSA-N,CC(C)OCC(O/N=C(\C(=O)N[C@@H]1C(=O)N(OS(=O)(=O)O)C1(C)C)c1csc(N)n1)c1cc(=O)c(O)cn1O,5.016885280609131
UUIVYXZTPMVMOG-UHFFFAOYSA-N,CN1N=C(C(=O)N2CCCCCC2)CCC1=O,4.101556301116943
DBCTZTKDBOOENG-UHFFFAOYSA-N,COCCC1(C(=O)N(C)CC2CCCCO2)CCC1,4.881814479827881
CFXFVPGZZWDQQK-UHFFFAOYSA-N,CSc1nc(C(=O)N2CCSCC2)c2ccccn12,5.0006184577941895
GZINCFOQQRVKFL-UHFFFAOYSA-N,Cc1cc(N2CCCCC2)nc(CO)n1,4.079108715057373
AMLKEWGNDHITHK-UHFFFAOYSA-N,CC1=C(C#N)C(C)(C)C(C#N)=C(C)N1,4.0932769775390625
JLHLSIBLXLRBEC-UHFFFAOYSA-N,NCC(=O)NCc1ccncc1,3.723733901977539
JIXROJKYLGSGTF-LGJNPRDNSA-N,O=C(O)c1ccc(-n2cc(/C=N/Nc3ccccc3)c(-c3ccc(F)c(F)c3)n2)cc1,5.218856334686279
WTFKUROCCMURJO-UHFFFAOYSA-N,CNC(=O)CNC(=O)c1cc2cc(C)ccc2nc1C,5.052974224090576
YWUSKINSBWPHGO-UHFFFAOYSA-N,O=[As]1(O)c2ccccc2-c2ccccc21,4.258204936981201
DFMQCPTWGBWVDW-UHFFFAOYSA-N,CCOC(=O)C1CCCN(c2nccnc2C#N)C1,5.06251859664917
BEKBOYCKIMGMEJ-UHFFFAOYSA-N,Cc1nc(C2CCN(CC3CCOC3)CC2)no1,3.0844955444335938
LMRJQDDVURJESK-UHFFFAOYSA-N,CCc1ccc(NC(=O)Cn2nc3c(=O)n(-c4ccc(Br)cc4)ccn3c2=O)cc1,5.829196453094482
UCENPDIXHDYAFK-UHFFFAOYSA-N,COCCNC(=O)CN(C)c1ccc(Br)cc1C#N,5.865575313568115
FNFDWVSHCQRBGU-UHFFFAOYSA-N,CCCNC(=O)C(C)NC(=O)c1ccoc1,3.8632023334503174
RBPHIVTZFLKDRC-UHFFFAOYSA-N,Nc1ncccc1CN1CCN(C2CCOCC2)CC1,4.353805065155029
PJUYWYUULMVDCC-UHFFFAOYSA-N,CCCN1CCC(N2CCC(C(N)=O)CC2)CC1,3.7511284351348877
RHBXUSDEGYSIKN-UHFFFAOYSA-N,CC(C)(C)c1cc(CC2(Cc3cc(C(C)(C)C)cc(C(C)(C)C)c3)C(=O)N(CCCCNC(=N)N)C(=O)N(CCCCNC(=N)N)C2=O)cc(C(C)(C)C)c1.O=C(O)C(F)(F)F.O=C(O)C(F)(F)F,4.9755377769470215
CFJAFNFVLSVOLB-UHFFFAOYSA-N,NC(=O)N1CCCN(Cc2ccc(Br)o2)CC1,4.482754230499268
IDUYJRXRDSPPRC-NRFANRHFSA-N,O[C@@](Cn1cnnn1)(c1ccc(F)cc1F)C(F)(F)c1ccc(-c2ccc(OCC(F)(F)F)cc2)cn1,4.900707721710205
OHRUAUZVZIZFPJ-UHFFFAOYSA-N,CCCCCCCCN(CCCCCCCC)C(=O)N(CCCCCCCC)CCCCCCCC,7.191845417022705
NPVMHDTZWYTFGZ-UHFFFAOYSA-N,O=C(Cn1nc2c(SC3CCCCC3)nccn2c1=O)Nc1cccc(Cl)c1,3.5635311603546143
AFGUMPUIPRCUID-UHFFFAOYSA-N,O=C(CCNc1ncc(Br)cn1)NCc1ccccn1,4.896470069885254
TYLSSBAROCYCFA-UHFFFAOYSA-N,CC1CCN(CCC(=O)Nc2sccc2C(N)=O)CC1,4.60537576675415
LGFQLUZOTAFPTO-UHFFFAOYSA-N,CCN1CCCC1CNS(=O)(=O)c1cn(C(C)C)cn1,4.820312023162842
TVOZYIYSQSPELL-UHFFFAOYSA-N,CCc1cc(C(=O)NCCS(=O)(=O)N(C)C)cs1,4.564754486083984
CXGPUZNHLBIXHC-UHFFFAOYSA-N,CC1(C)C(=O)N2c3ccccc3C3(CC(N4C(=O)c5ccccc5C4=O)C(=O)O3)C2N1C(=O)OCc1ccccc1,5.009252071380615
CETTWBMCNITBCE-UHFFFAOYSA-N,CSCCNC(=O)CN(c1ccc(C)cc1)S(C)(=O)=O,4.712282657623291
GGZRZWKBERUMOF-UHFFFAOYSA-N,COc1cc(Br)c(CN(C)CC(=O)N(C)C)c(OC)c1,5.334298133850098
XEPXPNXUTNFBAY-UHFFFAOYSA-N,CC(N)C(=O)N(C)Cc1ccncc1,5.392257213592529
YQQOWRFAYJNTDF-UHFFFAOYSA-N,CN(C)CCCN1c2ccc3ccccc3c2Sc2cccc(Cl)c21,6.245275497436523
TYXQXQUIPXMNDL-UHFFFAOYSA-N,NC(=O)C1CCN(C(=O)COC(=O)c2cccs2)CC1,4.72252893447876
OASBHQRZKIIHPB-UHFFFAOYSA-N,Cc1c(CNC2CCCCC2)cc(-c2ccc(Cl)cc2)n1-c1ccc(Cl)cc1Cl,5.895291805267334
XHPKGFLAIAUYHH-UHFFFAOYSA-N,Cc1nnc(CN2CCCC2c2ccccn2)s1,3.6724562644958496
NZNHAKSGYVELLB-UHFFFAOYSA-N,CS(=O)(=O)CCSCC(=O)Nc1ccccc1,3.930713176727295
RCXPNDKQRYZEAN-UHFFFAOYSA-N,Cc1ncsc1C(=O)NC(CCO)C(C)(C)C,4.780261516571045
IWFRENGMLQLOIZ-UHFFFAOYSA-N,CCN1CCC(NC(=O)c2ccc3c(c2)OCO3)CC1,5.360023021697998
HDESLXUXDBDXOE-IHVXRMAWSA-N,CSCCC(=O)NC(C1CCNCC1)[C@H]1C[C@H](O)C1,4.121889114379883
GYGSNWVLTVNIKK-UHFFFAOYSA-N,Nc1nc(-c2c(F)cccc2F)co1,4.052034854888916
JKYZVBQALRYBKE-UHFFFAOYSA-N,NC1CCN(S(=O)(=O)c2ccccc2)CC1,4.8389105796813965
ONBIWMZMXISWOA-UHFFFAOYSA-N,N#Cc1ccc(N2Cc3cnn(CCO)c3C2)nc1,4.439846992492676
OMVOAXGBXKXNGM-UHFFFAOYSA-N,COc1cc(CN)ccc1OCc1cccnc1,4.56448221206665
AMDSNHXXUGYHCR-UHFFFAOYSA-N,CCc1ccccc1NC(=O)CSc1nnc2c(=O)n(-c3ccccc3)ccn12,6.086789131164551
WQYIGVIAVLPEHR-UHFFFAOYSA-N,Cc1cccc(N(C(=O)c2ccc[nH]2)C(C(=O)NC2CCCCC2)c2cccnc2)c1C,6.130255699157715
GKXYYFJYSJZOBB-CRNKYVSFSA-N,CCCCCCCCCCCCCCCC(=O)N[C@@H](CCCCN)C(=O)N[C@@H](C)C(=O)N[C@H](C)C(=O)N[C@@H](CCCCN)C(=O)O,4.002185821533203
DUTQBHNSHVEXMT-UHFFFAOYSA-N,CCOC(=O)NC(O)C(=O)c1ccc(Cl)cc1,4.359028339385986
RSWPJOHSCCISHC-UHFFFAOYSA-N,O=C(O)c1ccc(Cl)c(NCc2ccc(Sc3ccc(Cl)c(Cl)c3)c([N+](=O)[O-])c2)c1,4.4929518699646
VCOVPZRVPBQURL-GXFFZTMASA-N,CN(C)[C@@H]1CN(C(=O)c2ccccc2Cl)C[C@H]1CO,4.712117671966553
KGMKMLXLRSNIOD-UHFFFAOYSA-N,Cc1ccc(Cl)cc1NC(=O)CSc1nnc2ccc(C(=O)Nc3cccc(F)c3)cn12,4.79457950592041
HDEXSHYPWSZEGF-UHFFFAOYSA-N,CCCCCCCc1ccc(C(=O)NCCn2cc(Cc3c[nH]c4ccccc34)nn2)cc1,6.484107494354248
QEKZGDUTJPSIBJ-UHFFFAOYSA-N,COC(=O)c1cc(Br)cc(S(N)(=O)=O)c1Cl,4.689849853515625
OIJRIPURQCGXNN-HAVVHWLPSA-N,CCO/N=C/c1ccc(OCCCCN2CCN(c3ccncc3)C2=O)cc1,5.464621067047119
PJYDYUDAULCICX-QHPFDFDXSA-N,OC1O[C@H](CSc2ccc(F)cc2)[C@@H](O)[C@H]1O,3.949873447418213
PRTRXAGFEPSAOL-UHFFFAOYSA-N,COC(=O)c1oc(CSc2cnn[nH]2)cc1C,4.2599310874938965
GYJYWIJMNWCIQV-UHFFFAOYSA-N,Cn1c([N+](=O)[O-])cnc1C(=O)N1CCCC1,4.271999835968018
LVWOQSPFIAQDAY-UHFFFAOYSA-N,CCOC(=O)N1CCC(NCc2ccncc2)CC1,4.835197448730469
XTHCBKPTLGNBFM-UHFFFAOYSA-N,CN(C)c1ncccc1CNC(=O)c1ccoc1,4.678266525268555
RYNQPBTYSUVWDY-UHFFFAOYSA-N,O=C(NCCCN1CCOCC1)NCc1ccsc1,5.33228063583374
TZCZGICQFMVUMT-OQQUENANSA-N,CC[C@H]1OC(=O)[C@@](C)(F)C(=O)[C@H](C)[C@@H](O[C@@H]2O[C@H](C)C[C@H](N(C)CCc3cn(C[C@@H]4CN(c5ccc(N6CCOCC6)c(F)c5)C(=O)O4)nn3)[C@H]2O)[C@](C)(OC)C[C@@H](C)C(=O)[C@H](C)[C@H]2N(CCCCn3cc(-c4cccc(N)c4)nn3)C(=O)O[C@]12C,4.517998218536377
JYZBKHVPOGSLQZ-UHFFFAOYSA-N,Cn1ccnc1CN(CC1CCOC1)C1CC1,4.514993667602539
ITONLPRIDMDWMU-UHFFFAOYSA-N,C#CCNc1ncc(C#N)c(N)n1,4.610713481903076
LSAHPUXLIQRRSV-UHFFFAOYSA-N,Cc1nc(CN2CCCC(N)C2)cs1,3.5443942546844482
KWQHORMRRHPRFS-UHFFFAOYSA-N,O=C(C1COCCO1)N1CCc2ccc(Br)cc21,4.353184700012207
BPJQMROSYWFVRZ-UHFFFAOYSA-N,COc1c[nH]c(C(=O)NCCSC(F)(F)F)cc1=O,4.226979732513428
INJOYSHXGZXVEO-UHFFFAOYSA-N,CCCN(CC(N)=O)S(=O)(=O)N1CCCCC1,4.932708740234375
HXXUTLRAKUAOMR-UHFFFAOYSA-N,O=C(COC(=O)c1cccs1)NCc1ccco1,5.29549503326416
RZJQGNCSTQAWON-UHFFFAOYSA-N,CS(=O)(=O)c1ccc(C2=C(c3ccccc3)C(=O)OC2)cc1,5.149338245391846
RJNSNFZXAZXOFX-UHFFFAOYSA-N,COc1ccccc1OCC(O)CN1CCN(CC(=O)Nc2c(C)cccc2C)CC1.Cl.Cl,4.934845447540283
FREYQAVWJYDOSP-UHFFFAOYSA-N,Cc1cccc(CN(C)CC(=O)N(C)C)c1,4.082430362701416
AHJHXLBVCPEERJ-UHFFFAOYSA-N,CC(=O)N1CCc2[nH]c3ccccc3c2C1,4.912121295928955
QOQPRWJXOXOUAO-XDZIFMCMSA-N,CC(=O)NC1CN(Cc2ccc3cc4c(c(O)c3c2)C(=O)C2=C(O)[C@]3(O)C(=O)C(C(N)=O)=C(O)[C@@H](N(C)C)[C@@H]3C[C@@H]2C4)C1,5.002838611602783
OEGGRPBMOVLRNL-UHFFFAOYSA-N,Cc1ncsc1C(=O)N(C)c1ncccc1C#N,4.59086275100708
MDUCAYACAATXPW-UHFFFAOYSA-N,Cc1c(NC(=O)c2cnccn2)cccc1C(N)=O,4.194812774658203
JZTFNPMMXFUCOI-UHFFFAOYSA-N,O=C(Nc1ccc2nc(-c3ccc(Br)cc3F)[nH]c2c1)c1ccc(Nc2nc(-c3ccccc3)nc3ccccc23)cc1,5.997345447540283
WPAKTXJEKGTFPO-UHFFFAOYSA-N,Cc1ccc(Oc2nccn3c(=O)n(CC(=O)N4CCN(c5ccc(F)cc5)CC4)nc23)cc1,5.618743419647217
UXYCVABXQAEAHZ-UHFFFAOYSA-N,CCCN(C(=O)COC)C1CCS(=O)(=O)C1,4.256949424743652
VQYLNSVLJZCWJC-LLVKDONJSA-N,CCCN(CC1CC1)S(=O)(=O)N1CC[C@@H](O)C1,4.141082286834717
CKBCYQAFWBQAQH-UHFFFAOYSA-N,NC(=O)COc1cc(Cl)cc(Cl)c1,4.781689643859863
AAZPIBMSDTVRQB-UHFFFAOYSA-N,CCN(C(=O)c1ccc(=O)n(C)n1)C1CCCC1,3.723318576812744
XSRRODNZDAXENQ-UHFFFAOYSA-L,Clc1ccc2c(c1)c1cc[n+](Cc3ccccn3)cc1n2-n1c2ccc(Cl)cc2c2cc[n+](Cc3ccccn3)cc21.[Br-].[Br-],7.72747278213501
VNVPHAFNPSKRSG-UHFFFAOYSA-N,Cc1ccc(Sc2nccn3c(=O)n(CC(=O)Nc4cc(Cl)ccc4C)nc23)c(C)c1,4.93263053894043
MONLCVZETJZNSP-UHFFFAOYSA-N,Cc1cc(O)nc(N2CCCCC2)n1,3.337048053741455
BVJFRCAHEWXKHU-UHFFFAOYSA-L,CCCCCC[P+](CCCCCC)(CCCCCC)CCCCCCCCCC[P+](CCCC)(CCCC)CCCC.[Br-].[Br-],9.260581970214844
NFDSQZSUBWDFFR-UHFFFAOYSA-N,O=C(C1CC1)N1CCCC(CN2CCOCC2)CC1,3.707852840423584
YHSBGJXTFZQQBJ-UHFFFAOYSA-N,c1cc2c(cc1-c1nc3c([nH]1)CCNC3)OCO2,4.496484756469727
PUDMPBRHMPGHJQ-UHFFFAOYSA-N,COC(=O)COc1ccc(C(C)=O)cc1Cl,4.720411777496338
SGKAHGGNLZRWQM-UHFFFAOYSA-N,COc1ccnc(CN)c1,3.9707107543945312
HZZCZGXCWKAAEY-UHFFFAOYSA-N,O=C(CSc1nnc2c(=O)n(-c3ccccc3)ccn12)Nc1ccc(F)cc1F,6.956966876983643
NAONOEJPJFTCOJ-MUXXGDDTSA-N,CCC(C)CN1C(=N)N(CCCC[C@H]2CNC(=N)N2CC2CCC(C)CC2)C[C@@H]1[C@@H](C)CC,5.668652534484863
HFKGRTAPKUVQLB-UHFFFAOYSA-N,COc1ccc(C(CNC(C)=O)N2CCCC2)cc1,4.640248775482178
FDHCZUVBMJWIDW-VMPITWQZSA-N,NC(S)(/C=C/c1ccc(Cl)cc1)NNC(=O)c1ccncc1,5.591909885406494
SXGRRNXWWIQUOO-UHFFFAOYSA-N,CC(=O)NC1CNC1,2.2195088863372803
YRNGDEBFPHZCGJ-UHFFFAOYSA-N,CCCCNc1nc(N)ncc1[N+](=O)[O-],4.626266956329346
POSMXFYVUBRSHE-UHFFFAOYSA-N,CC(C)Cn1ccnc1CNc1ncccc1F,4.077220439910889
UWFSJZJCQPQUIA-UHFFFAOYSA-N,O=C1C(=O)N(CCn2nnc3ccccc32)c2ccccc21,5.1958794593811035
CGXNMBABUGPLRD-UHFFFAOYSA-N,COc1cccc(CNCc2ccccn2)c1,5.036893367767334
KEGXIDKBFLBUHX-UHFFFAOYSA-N,N#CCS(=O)(=O)N1CCCCC1,4.375461101531982
KZTIOWHLMDBRAN-UHFFFAOYSA-N,CCc1c(-c2ccc(N3CCC(N)C3)cc2)[nH]c(=O)c2c(=O)[nH]sc12,5.165836334228516
SRAGDOHNYXPTEV-UHFFFAOYSA-N,O=C(CSc1ccncc1)NCCn1cccc1,5.339690685272217
MIOSFXAGTQORTF-OCOZRVBESA-N,Brc1ccc(/N=N/c2c(-c3ccc(Br)cc3)[nH]c3ccccc23)cc1,6.301074504852295
YAJNHQQAUHWZSM-UHFFFAOYSA-N,CN(C)c1ccnc(C(=O)NC(C)(C)CC(N)=O)c1,4.3179707527160645
VNCFSZFNRCVTFP-UHFFFAOYSA-N,Cc1ccc(NC(=S)NC(=O)c2cnn(C)c2)cc1,5.221738815307617
JUMWZFBMPAPVFK-UHFFFAOYSA-N,CCCC(C#N)NC(=O)c1cccc2c1OCCO2,5.128335475921631
QGCUBJONLOMFPY-UHFFFAOYSA-N,Nc1nc(NC2Cc3ccc(F)cc3C2)nc(N2CCCCC2)n1,4.887490749359131
FSAPLHALRWHHII-UHFFFAOYSA-N,N#Cc1c(N2C(=O)C=CC2=O)sc2c1CCCC2,4.820506572723389
KOIIBPPDLDDIEQ-KKMVRJONSA-N,CNc1c2c(c(O)c3cc(CN4CCC4)ccc13)C(=O)C1=C(O)[C@]3(O)C(=O)C(C(N)=O)=C(O)[C@@H](N(C)C)[C@@H]3C[C@@H]1C2,4.915101528167725
UHRKZEVJJYCKKA-UHFFFAOYSA-N,OC(Cn1cncn1)Cn1c2ccccc2c2cc(Br)ccc21,5.9268388748168945
WZNYXQJJUBTAAK-UHFFFAOYSA-N,Cc1noc2ncn(CC(=O)NC3CC3)c(=O)c12,4.574609279632568
JMTQDZAGXPVVTQ-UHFFFAOYSA-N,CCOC(=O)C(C)Nc1ccc(CC(=O)N(C)C)cc1,4.113569259643555
QWXSKTDBYAVWAF-UHFFFAOYSA-N,CC(C)Oc1ccc(C(O)CN)cc1,4.427945613861084
AYJDHPOLJBDMJF-UHFFFAOYSA-N,CNCCN(C)C(=O)c1ccc(F)c(Br)c1,5.110156536102295
RAGOYPUPXAKGKH-XAKZXMRKSA-N,CC[C@@H]([C@H](C)O)n1ncn(-c2ccc(N3CCN(c4ccc(OC[C@@H]5CO[C@@](Cn6cncn6)(c6ccc(F)cc6F)C5)cc4)CC3)cc2)c1=O,4.792272090911865
QXHUZDYHNVLCHF-UHFFFAOYSA-N,CCOC(=O)C(CC)(CC)CO,3.208352565765381
YGVPHTVJOBYAQE-FHZGLPGMSA-N,CC(CN)CNC[C@H](O)C[C@@H](N)CC(=O)NN(C)CC(=O)O,3.35912823677063
HQZIOZIHTIZBIL-LSCVHKIXSA-N,CC(=O)Cn1cc(/C=C(/C(C)=O)n2cc([N+](=O)[O-])nc2C)c2ccccc21,4.587411403656006
HLRRNQQFGMWELD-UHFFFAOYSA-N,O=C(c1ccc(C2CCCNC2)cc1)N1CCSCC1,5.201691627502441
LQOCMAVPLYTGBG-UHFFFAOYSA-N,Cc1ccc(-c2cc(C(=O)O)c3ccccc3n2)c(C)c1,4.476268291473389
LRWLKNSVVOHUDW-UHFFFAOYSA-N,CN1CCC(NC(=O)c2nn(C)cc2N)CC1,3.664011240005493
FJZHPIVREPIIGD-UHFFFAOYSA-N,CC(C)=CCN1CCN(CCO)CC1CCO,5.346214771270752
HGESPZSEDNSGDE-UHFFFAOYSA-N,Cc1cc(C(=O)NCc2cccc(F)c2)no1,4.431924343109131
CILVZXDTMHQIPD-UHFFFAOYSA-N,COc1ccc(Cl)c(CSCC(O)CO)c1,4.551793575286865
GFEMIWDEHSIVES-UHFFFAOYSA-N,Cc1ccc(CN2CCNC(=O)CC2)c(Br)c1,4.642961025238037
ZXOJWVUCNGXOLV-UHFFFAOYSA-N,CC(C)OCCN1CCC(O)CC1,4.0194878578186035
HPXQSUGPKGNWQQ-HNNXBMFYSA-N,CC(C)(COP(=O)(O)O)[C@@H](O)C(=O)NCCC(=O)NCCc1ccccc1,4.058849811553955
YHIRGBCOFXXLNJ-UHFFFAOYSA-N,Cc1ccc(-c2cc3c4nn(CC(=O)Nc5cccc(Br)c5)c(=O)n4ccn3n2)cc1,5.996437072753906
UXVPWKDITRJELA-CLWJZODNSA-N,CC(C)c1cc2c(c(O)c1O)[C@@]13CCCC(C)(C)[C@@H]1[C@@H](O)[C@@H]2OC3=O,5.881045818328857
HPCGGLXODGCEHV-UHFFFAOYSA-N,C[Si]1(C)OB(O)c2c(F)c3c(c(F)c21)B(O)OC3,4.513000965118408
YOXVEDXPRDWACL-UHFFFAOYSA-N,CCc1nnc2c(S(=O)(=O)N(Cc3cccc(OC)c3)c3cccc(C)c3)cccn12,5.891897678375244
JRHXBKXNKRIQLX-UHFFFAOYSA-N,c1coc(CNCc2ccc3c(c2)OCCO3)c1,4.569976329803467
HVFKXKSBCTYQRM-UHFFFAOYSA-N,O=[N+]([O-])c1ccc(Cn2c(-c3cscn3)nc3ccccc32)cc1,6.64689302444458
XCJMUIWIEQFAQX-UHFFFAOYSA-N,FC(F)(F)c1ccc(N(c2cccnc2)C2CCN(c3ccc(C(F)(F)F)cn3)CC2)cc1,6.359594821929932
RGYRAWKCLADATG-UHFFFAOYSA-N,O=C(CCC(F)(F)F)Nc1ccc2[nH]nnc2c1,5.527528285980225
AEUTYOVWOVBAKS-UWVGGRQHSA-N,CC[C@@H](CO)NCCN[C@@H](CC)CO,3.339655637741089
KXXPVAWMGYJIRL-UHFFFAOYSA-N,CNc1cc(=O)c2c(O)c3c(=O)c4c5c(c(OC)cc4c(=O)c3cc2c1=O)C(=O)OC5,4.375900745391846
LGZFOMRMQUJADG-UHFFFAOYSA-N,Cc1oc(-c2ccc(OC(C)C)cc2)nc1CSc1nc2ccccc2n2c(C(C)C)nnc12,5.659006118774414
IKEOOWLJBZARPF-UHFFFAOYSA-N,CC(=O)c1cc(C(=O)NCc2cn3c(n2)SCC3)cs1,5.055704593658447
ZHYLLQLGGCGWTQ-UHFFFAOYSA-N,COc1cc(C(=O)CCN(C)C)cc(OC)c1OC,3.9928174018859863
BRKWAIDCEGMWNL-UHFFFAOYSA-N,NC(=O)CCc1ccc(Cl)s1,4.022433757781982
JYCYAQCCSVKBBV-UHFFFAOYSA-N,O=S(=O)(NCc1ccncc1)c1cccc2nonc12,4.445287704467773
OXKJXUQNSHUJBF-UHFFFAOYSA-N,CC1Cc2ccccc2N1C(=O)c1ccccn1,4.750847339630127
FHCKWLXHKAPOBN-UHFFFAOYSA-N,Nc1ncnc2ccc(Br)cc12,4.302326202392578
HAPAUTSWUJUYGK-UHFFFAOYSA-N,Nc1nc(N)c2c(ccc3c2ccn3Cc2ccccc2F)n1,4.523406505584717
ATPMXFURYRCAJM-UHFFFAOYSA-N,CCOc1ccc(C(=O)Nc2ccnc(C)c2)cn1,4.844151020050049
LJXLISWRYQTFRX-UHFFFAOYSA-N,CCOC1CCCN(CCC(=O)NC)C1,4.415195465087891
SIIBESASFAHFFB-UHFFFAOYSA-N,Cc1ccc(OCC(=O)NC2=NCCS2)cc1C,5.116069793701172
HSUYGINZMZMMRR-UHFFFAOYSA-N,CCN(CC)CC(=O)Nc1ccc2c(c1)OCO2,5.398003101348877
CCXJKRPIZLGAPP-UHFFFAOYSA-N,CNS(=O)(=O)c1ccc(C(=O)NCC(C)(C)N(C)C)o1,4.557633399963379
STAWRPUHRPYKJB-UHFFFAOYSA-N,COC(C(=O)NC1(C)CCOCC1)c1ccccc1,4.637819290161133
MNTZCEUJBFQCIF-UHFFFAOYSA-N,O=C1CN(CC(=O)Nc2c(Cl)cccc2Cl)CCN1,5.048414707183838
FVRIQRMAYRKOAG-UHFFFAOYSA-N,CC(CCc1ccco1)NS(=O)(=O)N(C)C,5.190678119659424
BPTYJPHVQSHPFO-UHFFFAOYSA-N,CCn1ccnc1C1CCCN(CCC(N)=O)C1,4.7739577293396
RZGWIZIPFZROQZ-UHFFFAOYSA-N,COc1ccccc1C(=O)Nc1ccccc1,4.326492786407471
CLPPOQUQLJHMBZ-UHFFFAOYSA-N,NCC(=O)Nc1ccc(-n2cncn2)cc1,4.856465816497803
YTWLPBJPCKTGQH-UHFFFAOYSA-N,CCCCn1c(OC(=S)N(CC)CC)cc(C)nc1=S,5.4918599128723145
UQXSUBYLTJANOU-YPMHNXCESA-N,O=C(Nc1cccnn1)N[C@H]1c2ccccc2C[C@H]1O,5.123250484466553
HDNXXXVVOYKTIG-UHFFFAOYSA-N,COCC(=O)N1CCN(C)Cc2ccccc21,4.1172261238098145
ASUZXMPTNYPTAG-UHFFFAOYSA-N,CC(=O)c1c[nH]c(C(=O)NC2CCN(C(C)=O)CC2)c1,4.492520332336426
MIKJQLWATXBRIP-UHFFFAOYSA-N,O=C(Nc1ccccc1C(=O)O)c1cccc(Oc2ccccc2)c1,4.9065165519714355
NPTLFKXSAOQUIW-UHFFFAOYSA-N,CCCCc1nc(Cl)c(C2NC(=O)NC(C)=C2C(=O)OCC)n1Cc1ccc(C)cc1,4.531154155731201
PJUHSBURXDDLKB-UHFFFAOYSA-N,CCC(NC(=O)CCSC)c1ncnn1C,4.205972194671631
FVFDXWOVEKUUGJ-UHFFFAOYSA-N,CCOC(=O)Nc1ccc2c(c1)OCCO2,4.110546588897705
WQFDEKGMSUBMQM-UHFFFAOYSA-N,N#CCn1nc2n(Cc3ccc(F)cc3)c(=O)c3ccccc3n2c1=O,5.17946195602417
VUIXENKHFFMYGM-UHFFFAOYSA-N,CCn1cnnc1CNC(=O)CC1C=CCC1,4.2076849937438965
IECPWNUMDGFDKC-MZJAQBGESA-N,CC(=O)O[C@H]1C[C@@]2(C)[C@@H](C[C@@H](O)[C@H]3[C@@]4(C)CC[C@@H](O)[C@@H](C)[C@@H]4CC[C@@]32C)/C1=C(\CCC=C(C)C)C(=O)O,4.357346057891846
PHPONXFGCORPFB-UHFFFAOYSA-N,NC(=O)C1CC(=O)N(Cc2ccccc2C(F)(F)F)C1,4.655572414398193
YSUZOKSWXGWFOU-UHFFFAOYSA-N,Cc1nc(-c2ccccn2)[nH]c(=O)c1CC(N)=O,4.565212726593018
XQOJLJZPAFIILP-MYYYXRDXSA-N,C/C(=N/NC(=N)N)c1sc(-c2ccc(C#Cc3ccccc3)cc2)nc1C,4.618689060211182
ZSBCIJNNQVFIAM-UHFFFAOYSA-N,Cc1cccc(NC(=O)Cn2nc3c4cc(-c5ccc(Cl)cc5)nn4ccn3c2=O)c1C,5.9608025550842285
ONUUCIIWSLZWBW-UHFFFAOYSA-N,COCCn1nc(C(=O)Nc2cc(C)on2)ccc1=O,3.4751932621002197
QJZNYLHUAJWPOT-UHFFFAOYSA-N,Cn1ccnc1C1c2ccc3ccccc3c2Oc2nc3c(c(N)c21)CCCCC3,5.238443851470947
QIADQPMEOVKLNL-UHFFFAOYSA-N,Cl.Nc1nc(-c2ccc(NC(=O)c3cccc(Br)c3)cc2)c[nH]1,5.223575115203857
UGAGFPMPKXZTRU-UHFFFAOYSA-N,OC1(c2c(F)cccc2F)CCNCC1,3.5048470497131348
JULXYYRTXFTMLY-UHFFFAOYSA-N,CCc1ccc(C(=O)NC(C)c2cccnc2)o1,5.313024997711182
LZZBYDUWXHZNSV-UHFFFAOYSA-N,COc1cccc(-n2ccn3c(SCC(=O)c4c(C)[nH]c5ccccc45)nnc3c2=O)c1,5.021398067474365
ABBVDYHXAIQNIN-UHFFFAOYSA-N,CCNC(=O)C(C)(C)CNC(=O)Nc1cc(C)ccn1,4.015087604522705
GSALMRUBLZIENU-UHFFFAOYSA-N,CCN(C)C(=O)c1ccc(-n2cncn2)cc1,4.039469242095947
GCKMFJBGXUYNAG-HLXURNFRSA-N,C[C@]12CCC(=O)C=C1CC[C@@H]1[C@@H]2CC[C@@]2(C)[C@H]1CC[C@]2(C)O,4.3983988761901855
RXLQTVLBAUBLET-UHFFFAOYSA-N,NCc1cccc(-c2ccccn2)n1,5.002542972564697
VKFVOSVZAQROFL-UHFFFAOYSA-N,COc1ccc(NC(=O)CSc2nnc3c(=O)n(-c4cccc(F)c4)ccn23)cc1OC,6.32487154006958
XGXMCZOJRBFMCZ-UHFFFAOYSA-N,Cc1ncncc1C(=O)N1CCN(C)C(=O)C1C(C)C,3.212857961654663
ZFNHLKUUCQOHSX-UHFFFAOYSA-N,O=C(Cc1cccs1)NCC(O)c1ccsc1,5.655481338500977
OBGTVXVYDKBKFS-UHFFFAOYSA-N,CCNc1nccc(-c2cn(C)c3cc(Br)ccc23)n1.Cl,5.813959121704102
ACLRIEOHQSZQFG-UHFFFAOYSA-N,COCCN1CCN(CCc2ccccn2)CC1,4.508061408996582
SXPCTDJRCGXKRB-SNVBAGLBSA-N,N#Cc1ccc(S(=O)(=O)N2CCC[C@@H](N)C2)cc1Cl,5.646956920623779
WMYIOXDJWIOUGL-UHFFFAOYSA-N,Cc1ccc(C(=O)NCc2ccc3c(c2)OCCO3)o1,4.4104228019714355
FFSSGKOUNFMBRD-UHFFFAOYSA-N,COCc1noc(C2CCN(CC(F)(F)F)CC2)n1,4.357934474945068
ZATANBDYUNDLCD-UHFFFAOYSA-N,Cc1nc(CN2CC3(CCNCC3)OC2=O)co1,4.489993095397949
KNQUHMCADKEUNP-UHFFFAOYSA-N,COc1ccc2[nH]c(C)nc2c1,4.148545265197754
PQYNIOHJPJSSSG-UHFFFAOYSA-N,CCS(=O)(=O)N(C)CC(=O)N1CC2(CCC2)CC1C,4.305285930633545
IOXPXNBQZCSGME-UHFFFAOYSA-N,CN(C)c1nc(CN)cs1,3.2792253494262695
UWMFUNCPIIENEV-YUZLPWPTSA-N,COc1ccc(C(C)CC(=O)N2CC[C@H](O)C2)cc1,4.788954257965088
JLMAELSVRMOUSB-UHFFFAOYSA-N,CCCCCCc1c(O)ccc(C(=O)c2cc(Cl)c(Cl)[nH]2)c1O,5.107669353485107
HPJKCIUCZWXJDR-UHFFFAOYSA-N,N#Cc1ccc(C(c2ccc(C#N)cc2)n2cncn2)cc1,4.788565635681152
QGOWOXZVMHCGNK-UHFFFAOYSA-N,Cl.Nc1nc(CCCc2cn(CC(=O)NCCc3ccccc3)nn2)c[nH]1,5.524532318115234
GKRVWSKFPICTKX-UHFFFAOYSA-N,O=C(NCC1CCCCN1)Nc1ccccc1,4.468087673187256
IGEXZUWFYCYQFB-UHFFFAOYSA-N,Nc1nc(N)c2c3c(sc2n1)CN(Cc1ccccc1)CC3,5.0045952796936035
JPXAIORZGBCHIB-UHFFFAOYSA-N,COc1ccc(C2=NN(C3CCCCCC3)C(=O)C2(C)C)cc1OCCCCOc1ccc(-c2nn[nH]n2)cc1,5.003324031829834
FTYUWRMGTPNKCR-UHFFFAOYSA-N,CC1COC2(CCN(c3ccncc3Cl)CC2)O1,4.799890041351318
XMDYJEDQYYGDJW-UHFFFAOYSA-N,COC(=O)CCC(=O)Nc1cc(C(=O)Nc2cc(C(=O)NCCN3CCOCC3)n(C)c2)n(C)c1.O=C(O)C(F)(F)F,4.416426658630371
ZMHGCTNOJIJOTA-ZDUSSCGKSA-N,NC(=O)[C@@H]1Cc2ccccc2N1C(=O)C1CCOCC1,3.111128330230713
ANCBHJKEYPZCTE-UHFFFAOYSA-N,CCOC(=O)c1c(NC(=O)c2c(F)c(F)c(F)c(F)c2F)sc(C(N)=O)c1C,5.58268404006958
LILGTOPBQWWLPT-UHFFFAOYSA-N,CCOC(=O)c1sccc1-n1cnnn1,4.93204927444458
UUBHFJNWWUPHBY-LLVKDONJSA-N,O=C1O[C@@H](CO)CN1c1ccc(-c2ccccc2OC(F)(F)F)c(F)c1,5.147234916687012
TYGPZBWIVUAHSW-UHFFFAOYSA-N,CCc1c(C(N)=O)cnn1-c1ccccn1,4.785350799560547
SGKWQUXLNMYZIV-UHFFFAOYSA-N,CCOc1ccccc1NC(=O)Cn1c(=O)c2nnc(C(C)C)n2c2ccccc21,5.372760772705078
JOBGQESUECMKSS-UHFFFAOYSA-N,CC1(CN2CCOCC2)CCNCC1,3.360689640045166
LKPJOQCBHDBZNY-IUCAKERBSA-N,CCO[C@H]1CN(C(=O)c2nn(C)c(C)c2Cl)C[C@@H]1O,4.523543834686279
HBXOSTNCLIFDCJ-UHFFFAOYSA-N,Cc1noc(C)c1C(=O)NCCN1CCCCCC1=O,2.996837615966797
LVBFZMHGVVHUSP-UHFFFAOYSA-N,CCCc1noc(CN2CCN(CC(O)CC)CC2)n1,3.011089324951172
KHESUUBSLVIEBH-UHFFFAOYSA-N,CN1CCN(CC2CCCNC2)CC1,4.3312578201293945
XXPMWCAKYNQCQM-UHFFFAOYSA-N,NC(CO)Cc1ccncc1,3.4674477577209473
SNIUHBHPADLOGR-UHFFFAOYSA-N,CC(C)Cn1cncc1CN,3.084641218185425
WRHIQUPUASUGRT-ZJUUUORDSA-N,CS(=O)(=O)CCC(=O)N1C[C@H](C2CC2)[C@@H](N)C1,3.596940517425537
OXRIXTMBHOHTKR-UHFFFAOYSA-N,CC(C)N(C)C(=O)C1CCCNC1,3.2969272136688232
NOJVXJDMQGTDCC-UHFFFAOYSA-N,COc1cc(CNCc2ccccn2)ccc1O,4.195631504058838
SIGAFZGPKQDICQ-UHFFFAOYSA-N,CCC(C)(CCO)NC(=O)c1ccncc1Cl,4.292564392089844
HITAXSKGXCISRU-CQSZACIVSA-N,CN(C)c1ccc(CCNC(=O)[C@H]2CCCN2)cc1,5.171121597290039
UCCFRCAXPPRBNC-UHFFFAOYSA-N,Cc1ccc(Cl)cc1NC(=O)CSc1nnc2c(=O)n(-c3ccccc3)ccn12,5.018763542175293
JRLIASHBUZHREN-ONNFQVAWSA-N,COc1ccc(C2CCN(C(=O)/C=C/c3ccc(NC(C)=O)nc3)C2)cc1,5.425920486450195
FVMWZFYLHQWVAQ-HTQZYQBOSA-N,COC(=O)[C@@H]1CCN[C@@H]1C(C)C,3.469294548034668
LHTWSUZWXMFIEL-UHFFFAOYSA-N,CC(C)CCNC(=O)Cn1nc2n(CC(C)C)c(=O)c3sccc3n2c1=O,5.154541492462158
GQPVWDHUHXFDMI-UHFFFAOYSA-N,COc1ccccc1S(=O)(=O)Nc1ccc(-c2nc3cc(NS(=O)(=O)c4ccccc4OC)ccc3o2)cc1,4.826814651489258
JNFLDBVTZRCMGV-UHFFFAOYSA-N,NCCNc1nccc(C(F)(F)F)n1,4.230146884918213
JEUSFQKGHZZLOT-UHFFFAOYSA-N,CN1CCC(N2CCN(Cc3cncn3C)CC2)CC1,4.225131511688232
IEJRGJSLDCNZKJ-UHFFFAOYSA-N,CNCc1nnc(C)s1,2.7733848094940186
DTBUBHRBCIWKKR-UHFFFAOYSA-N,CC(C)CC(O)C1CCN(Cc2c[nH]cn2)CC1,4.32079553604126
JVMURLLLVNIWLU-UHFFFAOYSA-N,CSCCN(C)C(=O)c1cccc(CN(C)C)c1,4.975550651550293
OZAXUXKXKMZWPB-UHFFFAOYSA-N,CS(=O)(=O)CC(=O)c1ccccc1F,4.170860767364502
HJOUKJNFFLQXOG-BONJGOQBSA-N,CCCCCCc1ccc(-c2ccc([S@](=N)(=O)N3CCC[C@H]3C(=O)N[C@H](C(=O)N[C@@H](C)C(=O)NC(CC(N)=O)C(=O)N[C@@H](C)B3O[C@@H]4C[C@H]5C[C@H](C5(C)C)[C@]4(C)O3)[C@@H](C)O)cc2)cc1,4.834208965301514
YDSPUONIFUNGNT-UHFFFAOYSA-N,Cc1nnc2c(=O)n(CC(=O)Nc3ccccc3Br)c3ccccc3n12,4.690520763397217
LSZCJFXLQUIXGB-UHFFFAOYSA-N,Cc1ccc(CNC2(C(N)=O)CC2)cc1,4.26182222366333
UJLIKHRAMQRWKX-UHFFFAOYSA-N,Cc1cnn(CCNCc2ccc(C(N)=O)cc2)c1,4.8033905029296875
MSAJVOURVACMJM-UHFFFAOYSA-N,Cn1ccc(CNc2ccc(OC(F)F)cn2)c1,4.824354648590088
AUUTWZSVUCFCBM-UHFFFAOYSA-N,CC(=O)c1cccc(NC(=O)Cn2c(=O)c3nnc(C(C)C)n3c3ccccc32)c1,5.256804943084717
RUWPCCQWDIAGAJ-UHFFFAOYSA-N,O=C(O)CCC1(c2ccccc2)NC(=O)NC1=O,3.8366026878356934
RQEIJGLJQPNYDS-UHFFFAOYSA-N,Cc1cc(NC(=O)Nc2cc(F)ccc2F)no1,4.324612140655518
UFNROCOWYDTXRJ-UHFFFAOYSA-N,CCCNC(=O)c1ccc(CN2CCCC2)cc1,4.798935413360596
BOWUOGIPSRVRSJ-UHFFFAOYSA-N,NC1CCCCNC1=O,3.8277387619018555
IFUJHPFZLPGFMO-UHFFFAOYSA-N,CCCc1nnc2c(=O)n(CC(=O)Nc3cccc(C(C)=O)c3)c3ccccc3n12,4.93585729598999
ZPEYLCADVNKMHN-UHFFFAOYSA-N,CC(C)(CO)C(O)C(=O)NCCCOP(=O)(O)OCC1OC(n2ccc(N)nc2=O)C(O)C1O,4.141748428344727
UMOATXSQXFELJE-UHFFFAOYSA-N,COc1cc(C2=NCCN2)ccc1-n1cc(-c2cccc(C3=NCCN3)c2)nn1.O=CO.O=CO,5.299074172973633
ZXKWDNULHJYYGP-UHFFFAOYSA-N,COc1ccccc1-n1ccn2c(SCC(=O)N3CCN(c4ccccc4F)CC3)nnc2c1=O,5.4322919845581055
FOAFBMYSXIGAOX-LQGGPMKRSA-N,CC[N+]1(C/C2=C/CCCCCC2)CCC(NC(=O)C2c3cc(Cl)ccc3Oc3ccc(Cl)cc32)CC1.[I-],5.0728440284729
MBULERIXLVIMJP-UHFFFAOYSA-N,Cc1ccc(S(=O)(=O)N2CCNC(=O)C2)cc1C(N)=O,5.111942768096924
CLENZBIFGIDUTN-RYUDHWBXSA-N,CCO[C@H]1CN(C(=O)CCn2ccnc2C)C[C@@H]1O,4.701679706573486
ZQFBMPYBIRMBTM-UHFFFAOYSA-N,COc1ccc(NCc2nc(=O)n(C)[nH]2)cc1,4.613402843475342
XWCRCVYLQVAWBT-UHFFFAOYSA-N,N#Cc1ccc(C(=O)N2CCCO2)cc1,4.600893497467041
WDWFTZSOSPERQG-QPWHHDFCSA-N,COc1ccc2ncc(F)c(C[C@@H](O)C34CCC(NCc5ccc6c(n5)NC(=O)CO6)(CC3)CO4)c2n1.Cl,5.88069486618042
JOOBLNKGKXITAY-UHFFFAOYSA-N,CSc1ccc(NC(=O)CNC(=O)OC(C)(C)C)cn1,4.515956401824951
KAOMUGLZEHOJIY-UHFFFAOYSA-N,CNS(=O)(=O)CC1CCCN1c1ncc(Br)cn1,4.466745376586914
OGJPXYKJYYNNES-UHFFFAOYSA-N,COC(=O)c1ccc(NC(=O)CCn2cnnn2)cc1,5.034307956695557
PUNPZTNVKWXZCW-YNJGSLBXSA-N,CC[C@H](C)CCCCC(=O)N[C@@H](CCN)C(=O)N[C@H](C(=O)N[C@@H](CN)C(=O)N[C@H]1CCNC(=O)[C@H]([C@@H](C)O)NC(=O)[C@H](CCN)NC(=O)[C@H](CCN)NC(=O)[C@H](CC(C)C)NC(=O)[C@@H](Cc2ccccc2)NC(=O)[C@H](CCN)NC1=O)[C@@H](C)O,5.061149597167969
TXVCGCJYCUKMIM-ZXZARUISSA-N,O=C1NC(=O)[C@@H]2CNC[C@H]12,3.438983678817749
GFVBDADJKWEPRL-UHFFFAOYSA-N,CCn1nc(C)c(S(=O)(=O)Nc2cc(Cl)ccn2)c1C,3.83233642578125
IPVOAMZAIZLBIF-UHFFFAOYSA-N,O=C1CCCN1c1nc2ccccc2s1,4.477126598358154
LXFJUBBVCGEBBW-UHFFFAOYSA-N,Nc1ccc2c(c1Cl)C(=O)c1ccc(N)c(Cl)c1C2=O,4.612128734588623
JQPMUVLMMAFMKZ-UHFFFAOYSA-N,CC12CCC(C1)C(C)(C)C2OC(=O)c1ccccc1C(=O)O,4.044145107269287
QSNPXDNYKYPIGX-GHMZBOCLSA-N,CN(C)[C@@H]1CN(C(=O)c2nccn2C)CC[C@@H]1CO,4.345921516418457
ZCCYNJPUJVHHGT-UHFFFAOYSA-N,Cc1nccn1CCCN1CCOCC1CO,5.630528926849365
ATPGZRKICBQLSQ-UHFFFAOYSA-N,NC(=O)C(F)(F)CCOc1ccc2ncc(F)c(CCC34CCC(NCc5ccc6c(n5)NC(=O)CO6)(CC3)CO4)c2n1,5.1556267738342285
RFNIDDKFPHCJPY-AXDSSHIGSA-N,CO[C@H]1CNCC1NC(=O)C1CC=CC1,3.774885416030884
KWAOLDGKKZAVBM-UHFFFAOYSA-N,Cc1cc(NC(=O)Cn2ncn(C)c2=O)cc(C)c1Br,4.695699214935303
YZYJYCPYUXPNPE-UHFFFAOYSA-N,CN1C(=O)C(N)Cc2ccccc21,4.279754638671875
DTRBBCDMHIFJAU-UHFFFAOYSA-N,COCCCOC1CN(C(=O)c2cc(F)ccc2C)C1,5.879127025604248
KZYYBCQGKCJKHL-UHFFFAOYSA-N,CCS(=O)(=O)CCNC(=O)C(CC#N)c1ccccc1,4.822153568267822
NHHLNCCZUCCENC-UHFFFAOYSA-N,CCS(=O)(=O)NCCSc1nc2cc(F)c(F)cc2[nH]1,4.389720916748047
KYBYQHXBFQPEQR-UHFFFAOYSA-N,CC(C)Cn1cncc1CNC(=O)CN1CCOCC1,3.322822093963623
XAXMXRWRWHLJOI-UHFFFAOYSA-N,CCCn1ccnc1CN(C)Cc1nc(C)no1,3.8758373260498047
DRWZAHFPUMHHHA-ZFMPTISXSA-N,CC(C)C[C@@H]1NC(=O)[C@H](CCCN)NC(=O)[C@H](C(C)C)NC(=O)C2(CC2)NC(=O)[C@H]2CCCN2C(=O)[C@H](CC(C)C)NC(=O)[C@H](CCCN)NC(=O)[C@H](C(C)C)NC(=O)C2(CC2)NC(=O)[C@H]2CCCN2C1=O,4.1602654457092285
ARRGNTUMYFYEOJ-UHFFFAOYSA-N,CSc1cncc(NCCC(=O)N2CCCC2)n1,4.486253261566162
JENKAHXEOPIHHR-UHFFFAOYSA-N,Cn1nccc1CCNC(=O)CCc1cccnc1,4.674246788024902
ZNQFXWCPWPYWHU-UHFFFAOYSA-N,Cc1cccc(C)c1NC(=O)Cn1nc2ccc(SCc3ccc(Cl)cc3)nn2c1=O,5.216606616973877
IYWBRELUFSAVQN-UHFFFAOYSA-N,COc1ccc(S(=O)(=O)N2CCN(C)CC2)c(C)c1C,4.74933385848999
UALXMHSZESBULX-UHFFFAOYSA-N,Cc1cccc(Cn2c(CN)n[nH]c2=O)c1,4.273309707641602
JORSTRRMGOZNNU-RPPGKUMJSA-N,O=C(O)c1ccc(-n2cc(/C=N/Nc3ccc([N+](=O)[O-])cc3)c(-c3ccc(F)c(F)c3)n2)cc1,5.044077396392822
YXRSCBDNHPRWSJ-UHFFFAOYSA-N,Cc1cc(NC(=O)CCN(C)C(C)CO)no1,4.468032360076904
DXHBSMMIRCZLFG-UHFFFAOYSA-N,O=C(c1ccc(Cl)s1)N1CCN(c2nc[nH]n2)CC1,4.687877655029297
YDMGLHKFEJZFHP-UHFFFAOYSA-N,O=C(COc1cc(Cl)c(Cl)cc1Cl)Nc1ccc([N+](=O)[O-])cc1Cl,5.300843715667725
RXDPKYRCQBLSLP-UHFFFAOYSA-N,CN(Cc1cc(Br)cs1)C(=O)CC1(N)CCC1,4.361123561859131
BARIBEMIJJMAEE-UHFFFAOYSA-N,CNc1nc(NCCS(C)(=O)=O)ncc1Br,4.536642551422119
FGHYDZVCIBMXFD-ZXVVBBHZSA-N,CCO/N=C(\CN1CCN(c2cc3c(cc2F)c(=O)c(C(=O)O)cn3C2CC2)CC1)c1nccs1,5.19962739944458
ZFAMTGVPTGPSLQ-OVVQPSECSA-N,CCn1cc(C(=O)O)c(=O)c2cc(F)c(N3CCN(C/C(=N\OCC(=O)OC)c4nccs4)CC3)cc21,4.978238105773926
LPBKLDSFTRYLSC-FEZSWGLMSA-N,O=C(O)c1cn(C2CC2)c2cc(N3CCN(C/C(=N\OCc4ccccc4)c4nccs4)CC3)c(F)cc2c1=O,5.386239051818848
OHFUCDJICHMOLJ-SGSOJSBASA-N,Nc1nc(/C(=N/OCc2cc(=O)c(O)cn2O)C(=O)N[C@@H]2C(=O)N3C(C(=O)O)=CCS[C@H]23)cs1,4.911036968231201
BLRAANSGVWTGFU-WPWMEQJKSA-N,CO/N=C(\CN1CCN(c2c(F)cc3c(=O)c(C(=O)O)cn(C4CC4)c3c2Cl)CC1)c1nccs1,5.268801212310791
XTDNTOUMMRQFDW-FNGVTFJISA-N,C/C=C1\NC(=O)C(NC(=O)C2CCCN(C(=O)c3ccc(Cl)c(Cl)c3)C2)C(O)CNC(=O)C(C(O)CN)NC(=O)C(C(O)CN)NC(=O)[C@H](CCCNC(=N)N)NC(=O)[C@H](CC(C)C)NC(=O)[C@H](CCN)NC1=O,4.470221042633057
WRBOTJMHJHRNSX-TURZUDJPSA-N,COC(=O)CO/N=C(\CN1CCN(c2cc3c(cc2F)c(=O)c(C(=O)O)cn3C2CC2)CC1)c1nccs1,5.026135444641113
NZOBUCZFOALZJR-NLRVBDNBSA-N,CCO/N=C(\CN1CCN(c2cc3c(cc2F)c(=O)c(C(=O)O)cn3CC)CC1)c1nccs1,5.150566577911377
JPVKKRLPEGIRHK-UHFFFAOYSA-N,CCn1cc(C(=O)O)c(=O)c2cc(F)c(N3CCN(c4ncccn4)CC3)cc21,3.410815715789795
GVHBIVMDCLWHNX-CYBMUJFWSA-N,Cn1ncc(C#Cc2ccc(N3C[C@H](CO)OC3=O)cc2F)c1C(=O)O,4.780696392059326
QIMJTFXVJMTQEM-UHFFFAOYSA-N,CCc1cnc(N2CCN(c3cc4c(cc3F)c(=O)c(C(=O)O)cn4C3CC3)CC2)nc1,3.5830812454223633
IFNUSFLMZRFABR-UHFFFAOYSA-N,CCCCCCCN1CCN(c2c(F)cc3c(=O)c(C(=O)O)cn(C4CC4)c3c2OC)CC1,5.22148323059082
VGOZDZHLBLXKKR-UHFFFAOYSA-N,CCn1cc(C(=O)O)c(=O)c2cc(F)c(N3CCN(c4nccc(N)n4)CC3)cc21,3.0759470462799072
AWLWDAZMDLGMBC-UHFFFAOYSA-N,CCCCCCCCCCCCN1CCN(c2c(F)cc3c(=O)c(C(=O)O)cn(C4CC4)c3c2OC)CC1,6.151696681976318
CTFFCJRSGHHCJV-UHFFFAOYSA-N,O=C(O)c1cn(C2CC2)c2cc(N3CCN(c4nccc(C(F)(F)F)n4)CC3)c(F)cc2c1=O,3.439396619796753
HPBOMPOPAVTPPR-UHFFFAOYSA-N,Cc1cnc(N2CCN(c3cc4c(cc3F)c(=O)c(C(=O)O)cn4C3CC3)CC2)nc1,3.552833080291748
VUWQOJGBNMWRFE-UHFFFAOYSA-N,CCn1cc(C(=O)O)c(=O)c2cc(F)c(N3CCN(c4ncc(F)cn4)CC3)cc21,3.511776924133301
CDLUFWHQNWUJNF-UHFFFAOYSA-N,CCn1cc(C(=O)O)c(=O)c2cc(F)c(N3CCN(c4ncc(Br)cn4)CC3)cc21,3.6278932094573975
YXLWDXZRDNSTPN-UHFFFAOYSA-N,Cc1ccnc(N2CCN(c3cc4c(cc3F)c(=O)c(C(=O)O)cn4C3CC3)CC2)n1,3.4774582386016846
QVYRWFPITAUEAD-UHFFFAOYSA-N,CCCCCCCCN1CCN(c2c(F)cc3c(=O)c(C(=O)O)cn(C4CC4)c3c2OC)CC1,5.446847438812256
ICTNYWGGUPZGAK-UHFFFAOYSA-N,O=C(O)c1cn(C2CC2)c2cc(N3CCN(c4ncc(F)cn4)CC3)c(F)cc2c1=O,3.513148069381714
SJJDMXRZUFSZQX-UHFFFAOYSA-N,COc1cnc(N2CCN(c3cc4c(cc3F)c(=O)c(C(=O)O)cn4C3CC3)CC2)nc1,3.4163658618927
AFHPMCQGAOJIPQ-UHFFFAOYSA-N,CCn1cc(C(=O)O)c(=O)c2cc(F)c(N3CCN(c4ncc(C)cn4)CC3)cc21,3.5644311904907227
DWRFRVIYLMGAJG-UHFFFAOYSA-N,CCn1cc(C(=O)O)c(=O)c2cc(F)c(N3CCN(c4nccc(C(F)(F)F)n4)CC3)cc21,3.331894874572754
ZMMIXDJPDKARFX-UHFFFAOYSA-N,CCc1cnc(N2CCN(c3cc4c(cc3F)c(=O)c(C(=O)O)cn4CC)CC2)nc1,3.594869613647461
NFQYNHDTXMSYRN-UHFFFAOYSA-N,CCCCCCCCCCCCCCN1CCN(c2c(F)cc3c(=O)c(C(=O)O)cn(C4CC4)c3c2OC)CC1,6.218291759490967
WNLLMDPBXFOPPO-UHFFFAOYSA-N,CCn1cc(C(=O)O)c(=O)c2cc(F)c(N3CCN(c4nccc(C)n4)CC3)cc21,3.4549832344055176
KUIGSBIXUZXJKX-UHFFFAOYSA-N,CCCCCCCCCN1CCN(c2c(F)cc3c(=O)c(C(=O)O)cn(C4CC4)c3c2OC)CC1,6.083803653717041
OZNZECYMAGIQEG-UHFFFAOYSA-N,CCCCCCCCCCN1CCN(c2c(F)cc3c(=O)c(C(=O)O)cn(C4CC4)c3c2OC)CC1,6.1035847663879395
KWBLHYAZNIUQHW-UHFFFAOYSA-N,CCn1cc(C(=O)O)c(=O)c2cc(F)c(N3CCN(c4ncc(OC)cn4)CC3)cc21,3.427680253982544
UTSQNJSOQRJFHM-UHFFFAOYSA-N,O=C(O)c1cn(C2CC2)c2cc(N3CCN(c4ncc(Br)cn4)CC3)c(F)cc2c1=O,3.7134814262390137
XBQRYJDTSJKPMU-UHFFFAOYSA-N,CCCCCCCCCCCN1CCN(c2c(F)cc3c(=O)c(C(=O)O)cn(C4CC4)c3c2OC)CC1,6.121652126312256
GZEOJGRTNVRDAQ-UHFFFAOYSA-N,CC(C)(C)OC(=O)N1CCN(c2cc3c(cc2F)c(=O)c(C(=O)O)cn3C2CC2)CC1,3.7935781478881836
DKOQGJHPHLTOJR-WHRDSVKCSA-N,CO/N=C(\C(=O)N[C@@H]1C(=O)N2C(C(=O)[O-])=C(C[n+]3cccc4c3CCC4)CS[C@H]12)c1csc(N)n1,4.606841564178467
