key,input,pampa5_proba1
SXRBUUBAXRDQFR-UHFFFAOYSA-N,CCc1ccsc1C(=O)NCC(C)N1CCN(C)CC1,0.327
DUWAUKIXODJEMJ-UHFFFAOYSA-N,O=C1COCC(=O)N1CCc1ccc(Cl)cc1,0.018
IJZQXOSJJUULHE-UHFFFAOYSA-N,N#Cc1ccc(OCc2cc(=O)n3ccsc3n2)cc1,0.019
PMDFXYXEYQTHRJ-UHFFFAOYSA-N,COCc1ccc(C(=O)N2CCN3CCCCC3C2)s1,0.356
XCRMICAIGBAHCP-CMPLNLGQSA-N,Cc1nn(C)cc1C(=O)N1C[C@@H](CO)[C@H](N(C)C)C1,0.971
JHZVKQVZBHPRPO-UHFFFAOYSA-N,COc1ccc(-n2ccn3c(SCC(=O)N4CCN(c5ccccc5F)CC4)nnc3c2=O)cc1,0.022
BMMWJZDISGDQFB-UHFFFAOYSA-N,N=C(N)NCCCCCCCCN(CCCCCCCCNC(=N)N)C(=O)N(CCCCCCCCN)CCCCCCCCN,0.984
KAUOLYIMFMBUOW-UHFFFAOYSA-N,CCS(=O)(=O)c1ccccc1C(=O)N1CCOC(C)C1,0.088
BOVXFFHTZIGRJP-UHFFFAOYSA-N,Nc1cc(-c2cccnc2)on1,0.203
JBQPQUZBAGHRDN-NSHDSACASA-N,C[C@@H](CC(=O)NC(=O)c1coc(Cc2ccccc2)cc1=O)C(=O)O,0.171
ROVOFTXTTOCBCE-UHFFFAOYSA-N,Cc1nnc(NC(=O)c2ccc(C#N)cc2)s1,0.11
PSNKRIJSPOQMAK-YGRLFVJLSA-N,C[C@@H]1CN(C(=O)c2ccccc2C#N)C[C@]1(C)O,0.131
RMHJJBYQWRWVIZ-RGTOIRHCSA-N,CCCCCCCCCCCC(=O)NCCCC[C@H](NC(=O)[C@H](Cc1c[nH]c2ccccc12)NC(=O)[C@H](CCCNC(=N)N)NC(=O)[C@H](Cc1c[nH]c2ccccc12)NC(=O)[C@H](CCCNC(=N)N)NC(=O)[C@H](Cc1c[nH]c2ccccc12)NC(=O)[C@@H](N)CCCNC(=N)N)C(N)=O,0.316
KFYRPLNVJVHZGT-UHFFFAOYSA-N,CN(C)CCC=C1c2ccccc2CCc2ccccc21.Cl,0.021
JIMXBKMDJXULNV-UHFFFAOYSA-N,Cc1ccc(S(=O)(=O)NCCS(C)(=O)=O)cc1C,0.058
QBUIFCDHEQYTDG-UHFFFAOYSA-N,NC(=O)c1nnc(N)o1,0.978
ZXMRSRLKEACDHW-UHFFFAOYSA-N,Cc1nc(CN2CCCNCC2)cs1,0.981
YIYFDWIAESIPHZ-UHFFFAOYSA-N,O=C(CCCOc1ccccc1)Nc1nnc[nH]1,0.355
PBHUSFWZLNSAOL-UHFFFAOYSA-N,CNC(=O)c1ccc(N2CCOCC2)c(F)c1,0.011
NJYOZUDVZRYZSV-BQYQJAHWSA-N,CC(=O)Oc1ccccc1/C=C/C(=O)Nc1nonc1C,0.002
MPKFRMBXDLRDFW-UHFFFAOYSA-N,O=C(NCCCNCCCCNCCCNC(=O)C(=O)c1c[nH]c2cc(F)ccc12)C(=O)c1c[nH]c2cc(F)ccc12.O=C(O)C(F)(F)F.O=C(O)C(F)(F)F,0.133
XLDWJOJGHKMPOR-UHFFFAOYSA-N,NCc1ccc(S(=O)(=O)N2CCOCC2)cc1,0.272
PZLXYUPSQBGBNM-UHFFFAOYSA-N,CC(C)Cn1nnnc1SC(C)C#N,0.064
RZZGJMPXBCNKLV-UHFFFAOYSA-N,CC1CN(CCC(=O)NC(N)=O)CCO1,0.982
BBSBNCMCBPPEIQ-UHFFFAOYSA-N,CN(C)C(=O)C(C)(C)NC(=O)c1cc(N(C)C)ccn1,0.004
ZACDIIDAPODGNE-HKSFMPNISA-N,COc1cc([C@@H]2[C@@H](O)[C@H](O)[C@@H](C)N2C)c(F)c(C)c1OC,0.146
XZJBTXIZQZUFPK-UHFFFAOYSA-N,COC(=O)CC(NC(=O)c1cnccn1)c1cccs1,0.003
YDUTWWSJXTYTTL-UHFFFAOYSA-N,Cn1nc(-c2nc(C3CCOC3)no2)ccc1=O,0.001
MLWYFUGTLZYBFD-UHFFFAOYSA-N,O=C(CN1CCOCC1)Nc1ccc(Br)cc1F,0.002
ONQPVAXFOJLGTO-UHFFFAOYSA-N,CN(Cc1ccco1)C(=O)NCc1cscn1,0.126
IODYLYHFAMKJQQ-UHFFFAOYSA-N,CN(CC1CCC1)C(=O)C1(c2cccnc2)CC1,0.27
PAPJSXUZCHNOTC-UHFFFAOYSA-N,CNC(=O)c1cccnc1N(C)CC(C)(C)O,0.779
NPVKVVBMSCQGAS-ZDUSSCGKSA-N,O[C@@H](Cc1ccccn1)c1ccccc1,0.058
APTWLPAAZUSQGW-UHFFFAOYSA-N,COC(=O)c1cc(N2C(=O)C=CC2=O)ccc1Cl,0.004
XIRAUFQFBPYAKP-UHFFFAOYSA-N,NC(=O)COc1ccc(Br)cc1CNCC1CCCO1,0.051
FYQDFNFEGWQPMJ-UHFFFAOYSA-N,COC(=O)CNC(=O)CCc1nc2ccccc2s1,0.006
DBMJMQXJHONAFJ-UHFFFAOYSA-M,CCCCCCCCCCCCOS(=O)(=O)[O-].[Na+],0.002
FHFHENPOVSRJLJ-UHFFFAOYSA-N,CN(C1(C#N)CCC1)S(=O)(=O)c1ccccc1,0.002
NCIVVGQMYOZDSP-MRXNPFEDSA-N,CCCCCCCCC[C@@H]1CC(O)=C(C(=O)CCCCC)C(=O)O1,0.0
HQZIOZIHTIZBIL-LSCVHKIXSA-N,CC(=O)Cn1cc(/C=C(/C(C)=O)n2cc([N+](=O)[O-])nc2C)c2ccccc21,0.027
ZGGWOSWBGOKDCJ-UHFFFAOYSA-N,Fc1ccc(CSc2nnnn2CC2CCCO2)cc1,0.031
MTYCDYVBOOGTQB-LFIBNONCSA-N,CC(C)Cn1[nH]cc/c1=N\C(=O)Cn1cnc(C#N)n1,0.002
RTZLIVWNYQEVSR-UHFFFAOYSA-N,CCN1CCN(CCS(=O)(=O)c2ccccc2)CC1,0.134
KEHXUMVOBZOGSZ-UHFFFAOYSA-N,Cl.Nc1nc(-c2ccc(NC(=O)c3cccc(Cl)c3)cc2)c[nH]1,0.151
GDLWQZAHSOBFTQ-UHFFFAOYSA-N,C#CCN(C)Cc1cc2cc(OCCCC3CCN(Cc4ccc(C#N)cc4)CC3)ccc2n1C,0.064
SMJUARYWDOWLFU-UHFFFAOYSA-N,Cc1cc(C(=O)NCC(O)c2ccccc2Cl)no1,0.033
OKUCEQDKBKYEJY-UHFFFAOYSA-N,CNC1CCN(C(=O)OC(C)(C)C)C1,0.0
RYZFPMXNLOLDFT-UHFFFAOYSA-N,O=C(CSc1nnc(-c2ccc(S(=O)(=O)c3ccc(Cl)cc3)cc2)[nH]1)c1ccc(Br)cc1,0.009
XLRKVKJJUWSHIE-UHFFFAOYSA-N,O=C(NC1CCNC1)C1CCC1,0.997
QNLPABBMVWEAKT-UHFFFAOYSA-N,CCC(C(=O)NCc1ccc(F)c(F)c1)n1cccn1,0.009
KBNPUPCSMGGUHM-UHFFFAOYSA-N,CNCc1occc1C,0.048
KZUYQOVSZHYFAL-UHFFFAOYSA-N,C#CCOCCCCCCCCCCCCOc1ccc(-c2nc3ccc(-c4nc5ccc(N6CCN(C)CC6)cc5[nH]4)cc3[nH]2)cc1,0.156
GZVBWVRAHUQBSA-UHFFFAOYSA-N,COC(=O)c1cccc(NC(=O)c2n[nH]cc2I)c1,0.002
BBMKEVJZAXAOSE-UHFFFAOYSA-N,Cc1nnc2ccc(S(=O)(=O)N(Cc3ccccc3)c3ccc(Cl)cc3)cn12,0.005
MCGOQIXKTWKYOW-OLZOCXBDSA-N,COc1ccc(CN2C[C@H](N(C)C)C[C@H]2CO)cn1,0.793
XWCUFWYMBBNSGY-BCPZQOPPSA-N,CC(C)[C@H](N)C(=O)N/C=C/c1ccccc1,0.0
NGWJYKDNKARZOP-UHFFFAOYSA-N,COc1cc(CNC(=O)Nc2ccnc(C)c2)ccn1,0.06
DPHMSVRBAXJSPF-UHFFFAOYSA-N,Clc1cc(Cl)c2c(c1)CCc1ccccc1C2n1ccnc1.O=[N+]([O-])O,0.026
SVSOJZPVHKCFPK-UHFFFAOYSA-N,O=S(=O)(NC1CCCC1)C1CCOCC1,0.415
SPKYFPLFPOSGKE-UHFFFAOYSA-N,CCC1(O)CCCN(C(=O)Cc2cnccn2)C1,0.965
IMCWBQIDQSRZMJ-UHFFFAOYSA-N,N#Cc1ncn(CC(N)=O)n1,0.984
ZMEQUDXFAHZUPR-UHFFFAOYSA-N,NCCOc1ccc2c(c1)OCO2,0.0
WKOIZJYKHBVJEF-RPUDKEGQSA-N,COc1cc(/C=N/Nc2nccs2)c2c(c1OCc1ccc(Cl)cc1Cl)CN1CCc3cc4c(cc3C1C2)OCO4,0.004
KYULJDHQEHBYAK-UHFFFAOYSA-N,COc1ccc(N2CCN(C(=O)Cn3nc4c(Sc5cccc(C)c5)nccn4c3=O)CC2)cc1,0.02
QMVVQYKXNNYVJQ-UHFFFAOYSA-N,CSc1ccc(NC(=O)Nc2ccccc2C(N)=O)cc1,0.037
YICGXKYGEACUJP-UHFFFAOYSA-N,O=C(Cn1nc2ccc(SCc3ccc(Cl)cc3)nn2c1=O)NC1CCCCC1,0.049
VJWKJGNCGZSNGN-UHFFFAOYSA-N,CN1CC=C(c2cccn2C)CC1.Cl,0.517
JWAOKIDGDBNICV-UHFFFAOYSA-N,CCC(NC(=O)c1ccncc1I)C(=O)OC,0.001
FCGQPJWDDQXEPE-UHFFFAOYSA-N,CN(C)C(=O)N1CCC(C(=O)N2CCCC2)CC1,0.615
LQHDAPCJIAGKEQ-UHFFFAOYSA-N,CCNC(=O)CCN(C)Cc1nc2cccc(C)c2[nH]1,0.496
FHCKWLXHKAPOBN-UHFFFAOYSA-N,Nc1ncnc2ccc(Br)cc12,0.004
SDECJBZPADGDIH-UHFFFAOYSA-N,CN(CC(=O)NC1CC1)c1ncnc2c1cnn2C,0.569
CTMBGBNDEORTKF-UHFFFAOYSA-N,O=C1CN(C(=O)CCOc2ccc(Cl)cc2)CCN1,0.159
QJSPMUBXWAPFAZ-UHFFFAOYSA-N,N#Cc1cc(C#N)c(N2CCCCC2)nc1Cl,0.002
INGMUCUVBHNUOS-PFVKKRSLSA-N,CC(C)C[C@H](NC(=O)[C@H](CC(C)C)NC(=O)[C@@H](NC(=O)[C@H](CCCCN)NC(=O)[C@H](C)NC(=O)[C@H](CCCNC(=N)N)NC(=O)[C@H](CCCCN)NC(=O)[C@H](C)NC(=O)[C@H](CC(C)C)NC(=O)CN)[C@@H](C)O)C(N)=O,0.03
WBUMASWEZRBFLT-UHFFFAOYSA-N,CC(C)(C)NC(=O)CNC(C)(C)c1nccs1,0.0
KZFWBRJDANRJJT-UHFFFAOYSA-N,CCNc1ncc(C(=O)N(C)Cc2ccsc2)cn1,0.038
KOCHMBKRMMXQDV-UHFFFAOYSA-N,Clc1nc2nc3n(c2nc1Cl)CCC3,0.001
HWAGIPNWTQADOZ-UHFFFAOYSA-N,O=C(CSc1nnc2c(=O)n(-c3cccc(F)c3)ccn12)NCCc1ccccc1,0.025
SIGAFZGPKQDICQ-UHFFFAOYSA-N,CCC(C)(CCO)NC(=O)c1ccncc1Cl,0.034
FIBUCQDNLUHPJB-UHFFFAOYSA-N,CCCCCCCCCCNC(=O)C[N+](C)(CCO)CCCCCCCCCC[N+](C)(CCO)CC(=O)NCCCCCCCCCC.[Br-].[Br-],0.614
HICSNPCZOAQSJR-UHFFFAOYSA-N,CC(=O)NC(C)C(=O)N1CCCC2(CC2)C1,0.658
XXBVEGKVQYREKW-UHFFFAOYSA-N,OCCc1ccoc1,0.203
LTINZAODLRIQIX-FBXRGJNPSA-N,COCC1=C(C(=O)OC(C)OC(=O)OC(C)C)N2C(=O)[C@@H](NC(=O)/C(=N\OC)c3csc(N)n3)[C@H]2SC1,0.001
RFMRNYFPRBVJJR-UHFFFAOYSA-N,COc1ccc2[nH]cc(C(=O)CSc3nnc4c(=O)n(-c5ccc(C)c(C)c5)ccn34)c2c1,0.019
IITKTKLTDSACHJ-WKIKZPBSSA-N,CC(=O)/C(=C/c1cn(CC(=O)N2CCN(Cc3ccc(Cl)cc3Cl)CC2)c2ccccc12)n1cc([N+](=O)[O-])nc1C,0.019
FYGATCWFCMOQQG-UHFFFAOYSA-N,OC1CCN(Cc2ccccc2)C2(CC2)C1,0.163
ZPXQCVAYZBAFOO-UHFFFAOYSA-N,O=C(CSCCN1C(=O)CCC1=O)Nc1ccccc1,0.248
DFUZTRRKGFUXIH-UHFFFAOYSA-N,Cn1c(CNNC(=O)Cc2cccc3ccccc23)cc2ccccc21,0.026
FWUVGWJMHYUISN-UHFFFAOYSA-N,Cc1ccc2cc(C3NC(=O)c4ccccc4N3)c(Cl)nc2c1,0.016
LHWHLINDRWCHSN-UHFFFAOYSA-N,CC(=O)Nc1ncc(Br)s1,0.01
XSGFHHRNCZXWPK-UHFFFAOYSA-N,COC(=O)C1CC(c2ccccc2)=NO1,0.0
FXABJKIPSUWWMT-UHFFFAOYSA-N,NC(=O)C1CCCN(C(=O)c2sccc2Br)C1,0.005
YICKOVMQORYRDB-UHFFFAOYSA-N,CN(Cc1ccc(Br)s1)CC(O)COCCO,0.36
IJMLPKNCFTZEFG-UHFFFAOYSA-N,COc1cc2ccc1Oc1cc(ccc1OC)CCCCC(NCCc1ccc(F)cc1)CC2,0.003
VQJYBTFLFBEUIT-UHFFFAOYSA-N,CCc1cccc(NC(=O)Cn2nc3c(Sc4ccc(C)cc4C)nccn3c2=O)c1,0.011
HDQXMJDXZKKJOB-BJMVGYQFSA-N,CC/C=C(\C)C(=O)Nc1ccn(CCS(C)(=O)=O)n1,0.001
WQQGSUJPSAKMPS-PGGKNCGUSA-N,COc1cc(/C=C(\C#N)n2cc([N+](=O)[O-])nc2C)c2c(c1OCc1cccc(Cl)c1)CN1CCc3cc4c(cc3C1C2)OCO4,0.002
DOCAXBJQEKQLKZ-UHFFFAOYSA-N,NCc1ccc(OCC(F)F)cc1,0.01
LEVNDHPMORXHQQ-UHFFFAOYSA-N,O=C(NCCc1ccccc1F)C1CCNCC1,0.338
GWSLAZWCUNKBCB-UHFFFAOYSA-N,CN(C)C1(CNC(=O)c2ccncc2)CCCC1,0.151
WVXRLXIHTFSYSM-COOPMVRXSA-N,C=C1S/C(=N\c2c(C)cccc2Cl)N(C(=O)c2sc3ccccc3c2Cl)C12CCCCC2,0.001
IHGXBAMAHRLAOP-UHFFFAOYSA-N,N=c1cc(N2CCCCC2)nc(N)n1O,0.988
RGLCHFYKGZIUER-MHWRWJLKSA-N,C#Cc1ccccc1/N=C/c1cc([N+](=O)[O-])ccc1O,0.001
BYRGSGBTBKENHA-UHFFFAOYSA-N,CCOC(=O)C1=C(C)OC(N)=C(C#N)C1c1ccncc1,0.001
VIQBUFOXKSQYAD-UHFFFAOYSA-N,CS(=O)(=O)c1cccc(NC(=O)c2cnccn2)c1,0.316
GAZRTEHVNZZDPR-UHFFFAOYSA-N,Cc1cccc(C)c1NC(=O)Cn1nc2c(Sc3ccccc3)nccn2c1=O,0.008
BMXZZUBXRJIZDF-DOMZBBRYSA-N,C[C@@H]1CN(C(=O)CN2CCCC2)CC[C@@]1(O)C1CC1,0.637
PZJJUPMUYZHXIQ-YFKPBYRVSA-N,C[C@H](N)c1ccc(F)cc1OC(F)F,0.018
SYZZMPZKZBRDNH-UHFFFAOYSA-N,N#Cc1cccc2c1NC(=O)C2,0.045
UDDFESIPJFWVFH-UHFFFAOYSA-N,CSc1nc(C)c2c(c1C(N)=O)CCCC2,0.101
HDWRQDAKGPKDFF-IPLWOTINSA-N,COc1cc(O)c2c(c1)C1C[C@H](O)[C@@H](O)C[C@@]1(C)OC2=O,0.005
FTGXXHVHBDJMJG-QWRGUYRKSA-N,COCC1(C(=O)N2C[C@@H](N)C[C@H]2C(=O)NC(C)C)CC1,0.82
HRKLXTIHSJYKOE-UHFFFAOYSA-N,CN(C)S(=O)(=O)c1ccc(CN2CCC(C(N)=O)C2)o1,0.381
YKQONQPXDIZMBL-UHFFFAOYSA-N,COc1ccc(NC(=O)Cn2nc3c(N4CC(C)CC(C)C4)nccn3c2=O)c(OC)c1,0.007
BPULQHRPOIEEOB-UHFFFAOYSA-N,NC(=O)C1CCCN(S(=O)(=O)c2cc(Br)ccc2F)C1,0.004
XRGCCKMAPUYXBU-UHFFFAOYSA-N,CCC(N)C(=O)N1CCN(c2ccc(F)cc2Cl)CC1,0.03
OLPPKUAEYSDEMT-UHFFFAOYSA-N,Cc1cccc(N(C(=O)c2cccs2)C(C(=O)NC2CCCCC2)c2ccccc2)c1C,0.01
ONHLHMCVNRHHAY-UHFFFAOYSA-N,Cn1nc(C(=O)NCCc2ccccc2Br)ccc1=O,0.003
GSRXNEICQDKFME-UNMCSNQZSA-N,CCCCCCCCOC(=O)[C@H](Cc1c[nH]c2ccccc12)NC(=O)[C@@H](N)CCCNC(=N)N,0.083
FHFZBXDOKCTNNY-DGCLKSJQSA-N,N[C@@H]1CCO[C@H]1c1ccnn1-c1ccccc1,0.053
PLQLGPQFZLVKTF-UHFFFAOYSA-N,OC1(C(F)(F)F)CCNC1,0.096
WIEKDJOLKINLCU-UHFFFAOYSA-N,NC(=O)NC(=O)CCS(=O)(=O)c1cc(F)ccc1F,0.362
LNMRRGFCIHIANW-UHFFFAOYSA-N,Cn1c(=O)n(C)c2cc(S(N)(=O)=O)ccc21,0.912
HQVPLFUNEUJTJG-UHFFFAOYSA-N,CC(C)N1CCN(C(=O)c2n[nH]c3c2CCCC3)CC1,0.461
GXYOTELGQMRTLW-YRWFTTLQSA-N,Nc1ncc2cc(-c3c(Cl)cccc3-c3ccncc3)c(N3C[C@@H]4[C@@H](N)[C@@H]4C3)nc2n1,0.094
JULGTXCWHHSNDM-UHFFFAOYSA-N,COc1ccc(CNC(=O)Cn2cc(Cc3csc4ccccc34)nn2)cc1,0.021
GUKLMWKCSQNGBP-UHFFFAOYSA-N,CNCCCNCc1ccc2c(c1)n(C)c(=O)n2C,0.942
PCMHDAMOWLBPFD-DTIOYNMSSA-N,CO[C@H]1CNCC1NC(=O)CCc1ccsc1,0.555
PNCNWPIFZUSUKI-UHFFFAOYSA-N,CC(=O)N1CCC(OCCOc2ccccc2)CC1,0.009
VVTZSNMAXAAGRW-UHFFFAOYSA-N,CC(C)c1nnc2c(SCC(=O)Nc3ccccc3C(F)(F)F)nc3ccccc3n12,0.003
DVTJRCMAVBADCC-RKDXNWHRSA-N,Cc1nc(C)c(C(=O)N[C@@H]2CCNC[C@H]2O)s1,0.966
UFQVBVOIBAJBPA-UHFFFAOYSA-N,CCOC(=O)C1(C)Oc2ccc(CNC34CCC(CCc5c(F)cnc6ccc(OC)nc56)(CC3)OC4)nc2NC1=O,0.007
IXXFZUPTQVDPPK-ZAWHAJPISA-N,CC[C@H]1OC(=O)[C@@](C)(F)C(=O)[C@H](C)[C@@H](O[C@@H]2O[C@H](C)C[C@H](N(C)C)[C@H]2O)[C@](C)(OC)C[C@@H](C)C(=O)[C@H](C)[C@H]2N(CCCCn3cc(-c4cccc(N)c4)nn3)C(=O)O[C@]12C,0.012
NBPISNRWNOUDEG-UHFFFAOYSA-N,CCCNC(=O)Cn1nc2n(Cc3ccco3)c(=O)c3sccc3n2c1=O,0.412
QPEVEJCNPXGGBV-UHFFFAOYSA-N,CNC(CO)C(C)(C)C,0.962
GGXFXPGJUGILLF-UHFFFAOYSA-N,Cc1noc(C)c1CC(=O)N1CCN(C(C)(C)C)CC1,0.111
SJMBHSUNHWDOJC-UHFFFAOYSA-N,NCc1ccc2c(c1)CNC2,0.977
QFASJXCCQIBJQO-UHFFFAOYSA-N,CCC(c1ccc(OC)cc1)N(C)CCO,0.051
IDGWOWROCIIXQH-UHFFFAOYSA-N,O=C1COCCN1c1ccc(C2CC(c3ccc([N+](=O)[O-])o3)=NO2)cc1,0.003
NSCBATMXZFWIBW-MRVPVSSYSA-N,CCc1nc(CN[C@H](CO)C(C)C)no1,0.014
ATCFHFPKXRXEKP-WJCVXVJSSA-N,C[C@@H]1C[C@H](O)[C@H]2O[C@H](O[C@H]3[C@H](O[C@@H]4O[C@H](CO)[C@@H](O[C@H]5O[C@@H](CN)[C@@H](O)[C@H](O)[C@H]5N)[C@H]4O)[C@@H](O)[C@H](N)C[C@@H]3N)[C@H](N)[C@@H](O)[C@@H]2O1,0.996
YUKRCEFTPNILEU-UHFFFAOYSA-N,Cc1cccc(NC(=O)CCc2ccco2)n1,0.044
ZTHJULTYCAQOIJ-WXXKFALUSA-N,O=C(O)/C=C/C(=O)O.OCCOCCN1CCN(C2=Nc3ccccc3Sc3ccccc32)CC1.OCCOCCN1CCN(C2=Nc3ccccc3Sc3ccccc32)CC1,0.017
DESPMYIRPVRLCC-UHFFFAOYSA-N,CN(C)C(=O)c1cc(-c2ccncc2)on1,0.048
IQDINESGSGSYHN-UHFFFAOYSA-N,N#Cc1nc(-c2ccccc2F)oc1NCCc1ccccc1,0.005
KNTARTQFZOLQKE-ZJUUUORDSA-N,Cc1noc(CN2C[C@H](C(C)C)[C@@H](N)C2)n1,0.287
WPBWOAQPUBRWDO-UHFFFAOYSA-N,CC(=O)Nc1ccccc1CN(C)CC(C)O,0.865
FGZKDJPYLCVDFZ-UHFFFAOYSA-N,CNC(=O)C(O)CN,0.998
TUHFYDGLBUXMEC-UHFFFAOYSA-N,C=C(C)c1nc(Oc2ccccc2)nc(Oc2ccccc2)n1,0.0
OVVHHTFJIGCPNS-UHFFFAOYSA-N,COc1cc(CNC(=O)NC2CCCC2)ccc1O,0.151
HMOHYBNTVUOZSB-UHFFFAOYSA-N,CN(C)C1(CN)Cc2ccccc2C1,0.382
MGOQNRIABCYDBE-UHFFFAOYSA-N,CCOC(C)(C)CNC(=O)NCc1ccncc1,0.029
ZKJXGNBQOIDNKO-UHFFFAOYSA-N,O=C(NCc1nnc2n1CCC2)Nc1cccc(F)c1,0.032
DEPQHMYFSAZWDS-ACHIHNKUSA-N,CCCCCCCN1C(=N)N(CCCC[C@H]2CNC(=N)N2CCCCC2CCCCC2)C[C@@H]1CC1CCCCC1,0.273
CXTXBEALOFQYFQ-UHFFFAOYSA-N,Cc1ccc(Cn2c(=O)c3ccccc3n3c(=O)n(CC#N)nc23)cc1,0.019
SNJJPRCQEFESIE-UHFFFAOYSA-N,CC(C#N)NC(=O)c1sccc1OC(F)F,0.002
JYEZQGILILNKJW-UHFFFAOYSA-N,CSC(C)C(=O)NCc1ccccc1Cn1cncn1,0.221
JNTOLQBGPOMENJ-UHFFFAOYSA-N,Cc1noc(CCCC(=O)NC2CCCCNC2=O)n1,0.319
HXJNUWXWVPFYJX-UHFFFAOYSA-N,Cc1cc(C)n(CC(=O)N(C)CC2(C)CCOCC2)n1,0.104
YQUVCSBJEUQKSH-UHFFFAOYSA-N,O=C(O)c1ccc(O)c(O)c1,0.921
YWSPHVSQJGSIGA-UHFFFAOYSA-N,CN(C)CC1CCN(CCC(=O)N2CCOCC2)CC1,0.979
GSALMRUBLZIENU-UHFFFAOYSA-N,CCN(C)C(=O)c1ccc(-n2cncn2)cc1,0.332
RQSQHGNKOSWUGK-UHFFFAOYSA-N,COc1cccc(C(=O)NC2CCN(C)CC2)c1OC,0.54
YRVMVANALDYBPB-UHFFFAOYSA-N,CCCc1cc(C(=O)N2CCCN(C)CC2)cs1,0.561
SPSWTHFGQAEUNR-UHFFFAOYSA-N,CC(N)C(=O)N1CCC(Oc2ccccc2Cl)CC1,0.006
PUXKJRCDNKDOOD-UHFFFAOYSA-N,[O-][Cl+3]([O-])([O-])O.[O-][Cl+3]([O-])([O-])O.[Zn].c1ccc2c(-n3cc(CN4CCCNCCN(Cc5cn(-c6cccc7ccccc67)nn5)CCCNCC4)nn3)cccc2c1,0.732
QWGDMFLQWFTERH-UHFFFAOYSA-N,Clc1ccc2c(c1)C(N1CCNCC1)=Nc1ccccc1O2,0.049
YFXSLHYCZQMKRP-UHFFFAOYSA-N,COCCN(CCC#N)Cc1nc2ccccc2n1C,0.062
OEERUWFTNCXKOE-UHFFFAOYSA-N,CN(Cc1cc(=O)n(C)c(=O)n1C)C1CCS(=O)(=O)C1,0.856
SWVBQASTYIZIBN-UHFFFAOYSA-N,CCn1cc(C(=O)O)c(=O)c2ccc3c(nnn3Cc3ccccc3)c21,0.209
QNYNBFJOHVYNDD-UHFFFAOYSA-N,COc1cccc(CN(C)C(=O)c2cccnc2)n1,0.025
XIDPOGPHWUESPD-UHFFFAOYSA-N,CNC(=O)CC(C)N(C)Cc1nc(CSC)no1,0.671
XKOUFLUQCCCRDK-UHFFFAOYSA-N,O=C(Cn1nc2ccccn2c1=O)N1CCCCCC1,0.526
GKWLDOGWLRNWEI-UHFFFAOYSA-N,CCc1cnc(CNC(=O)NCc2cnn(C)c2)s1,0.288
QYZGTALJPUBPNX-UHFFFAOYSA-N,Cc1ccccc1OCCC(=O)NC1CCS(=O)(=O)C1,0.02
PLGHARUUAPKQET-UHFFFAOYSA-N,Cc1ccc(N2CCC(CCOc3ccc(S(C)(=O)=O)cc3)CC2)nn1,0.009
YATPWSPDSQPXFJ-UHFFFAOYSA-N,CCNS(=O)(=O)C1CCN(Cc2cc(C#N)cs2)C1,0.291
SXEBENVACJHTHW-UHFFFAOYSA-N,O=C(Nc1nc(-c2ccccn2)cs1)c1cncn1-c1ccccc1,0.057
HALAWOCGDSNRPT-UHFFFAOYSA-N,COc1ccccc1CNc1nc(C)n[nH]1,0.038
CKDYLWCGAXEGRS-UHFFFAOYSA-N,CCc1noc(C)c1C(=O)N1CCCN(C)CC1,0.634
QCZFIMGWTDJVFW-UHFFFAOYSA-N,CNS(=O)(=O)c1ccc2c(c1)oc(=O)n2C,0.267
JRCJNCXHMGYSGF-UHFFFAOYSA-N,Cc1cscc1-c1cccc(C(=O)N(C)C)n1,0.008
CENBBVPSOFGGNG-UHFFFAOYSA-N,NC(=O)c1cc2cc(Br)c(C(F)(F)F)nc2nc1N,0.006
BYCOSSYLDOXDNE-UHFFFAOYSA-N,FC(F)Oc1cccc(N2CCNCC2)c1,0.138
QCCZKZZNIZJIOJ-UHFFFAOYSA-N,CN1CCC(N(C)C(=O)c2ccc(C#N)cc2)CC1,0.401
QGHCVRONTXAVDB-UHFFFAOYSA-N,CCCn1ncnc1C(C)NC(=O)c1cnccn1,0.27
YMVJINCWEIPOFL-FXMYHANSSA-N,COc1c(N2C[C@@H](C)C[C@H](N)C2)ccc2c(=O)c(C(=O)O)cn(C3CC3)c12.O=C(O)CC(O)C(=O)O,0.92
SZNSAAFNQBTXMB-UHFFFAOYSA-N,O=C(Cn1ccnc1)Nc1ccccc1,0.08
KOKHOGOBVSEISM-UHFFFAOYSA-N,Nc1nc(C2CC(O)C2)cc(N2CC(O)C2)n1,0.976
UGLRLWLHIAIMSJ-UHFFFAOYSA-N,CN1CCN(C2CCN(Cc3ccccn3)CC2)CC1,0.876
OQFCLWJONWVEGG-UHFFFAOYSA-N,O=C(CSc1nnc2c(=O)n(-c3ccccc3)ccn12)Nc1ccc(F)cc1,0.018
ZPJSENCIVROLCD-UHFFFAOYSA-N,Cc1noc(C2CCN(C(=O)c3ccoc3)CC2)n1,0.008
UPJFQWWKDXTOCD-UHFFFAOYSA-N,CN(C)C(=O)NCCNC(=O)NCc1ccco1,0.68
RBMGBWISOFISNU-UHFFFAOYSA-N,OCC1(Cc2ccc(F)cc2)CCNC1,0.853
VCJZLGBOLWQBNF-KKUCYLEMSA-N,CCCCCCCC(=O)N[C@@H](CCN)C(=O)N[C@H](C(=O)N[C@@H](CCN)C(=O)N[C@H]1CCNC(=O)[C@H]([C@@H](C)O)NC(=O)[C@H](CCN)NC(=O)[C@H](CCN)NC(=O)[C@H](CC(C)C)NC(=O)[C@@H](Cc2ccccc2)NC(=O)[C@H](CCCNC(=N)N)NC1=O)[C@@H](C)O,0.735
IKBANQAWHPEJJC-UHFFFAOYSA-N,CCC1(CNC(=O)NCc2nnnn2C2CC2)CCC1,0.936
UOMYUIVWFJEXAV-UHFFFAOYSA-N,COc1cc(C2C(C#N)=C(N)Oc3c2ccc2ccccc32)ccc1O,0.017
FVECELJHCSPHKY-WTFKENEKSA-N,COc1ccc(C(=O)O[C@H]2CC[C@@]3(C)[C@@H]4CC[C@H]5[C@]6(O)C[C@H](O)[C@@]7(O)[C@@H](CN8C[C@@H](C)CC[C@H]8[C@@]7(C)O)[C@]6(O)C[C@@]53O[C@@]24O)cc1OC,0.138
NFUUVUMVEOXIIG-UHFFFAOYSA-N,COC(=O)C(C)N(Cc1ccc(C(N)=O)cc1)C1CC1,0.144
PVRRWVSRGVKFDX-UHFFFAOYSA-N,COc1ccc2c(c1)OCC(CNC(=O)CN(C)C)C2,0.021
OHTPAAUGERJHNA-UHFFFAOYSA-N,CNS(=O)(=O)CCNc1ncnc2c1CCNCC2,0.99
SZLOJKOWPMPOBH-UHFFFAOYSA-N,Nc1cnccc1NC(=O)c1ccccc1,0.121
JQJVVNQIRUDCIS-UHFFFAOYSA-N,CCOP(=O)(OCC)C(Nc1ncccn1)c1ccc2c(c1)c1cc(C=O)ccc1n2CC,0.206
KPDVKERMMMBVKE-UHFFFAOYSA-N,Cc1cc(-c2c[nH]c(N)n2)ccc1NC(=O)c1cc(Cl)cc(Cl)c1.Cl,0.064
UMVZZRIUJVTCLJ-UHFFFAOYSA-N,CCc1nnsc1C(=O)N1CCc2sccc2C1,0.062
JETGRGCZENLVDS-UHFFFAOYSA-N,COCC(O)CNc1nc(CC(C)C)ns1,0.094
LPSDABDUDJLXBH-UHFFFAOYSA-N,Cc1ccc(CNC(=O)Cn2nc3c(SC4CCCCC4)nccn3c2=O)cc1,0.022
OGKFLICQTCKCHQ-UHFFFAOYSA-N,COc1cccc(CNCCCS(C)(=O)=O)c1OC,0.165
XXWMMOABJVHTQB-UHFFFAOYSA-N,Cc1n[nH]cc1C(F)(F)F,0.003
ZPYYCTSFKKLSBC-UHFFFAOYSA-N,CNC(=O)NC(=O)CCSc1ccc2ccccc2n1,0.149
FHBPKFKTFKDXTK-UHFFFAOYSA-N,NC(=O)CCC(C(=O)O)N1C(=O)C2C3CCC(C3)C2C1=O,0.677
XIVCKEQNSBHYNL-UHFFFAOYSA-N,NC(=O)CCNCc1ccc(Cl)c2cccnc12,0.424
YDHSHIWXKUCTCS-TXEJJXNPSA-N,Cc1ncsc1CCN(C)C(=O)[C@H]1CC[C@@H](O)CC1,0.463
YKELQXIWZFQQQS-UHFFFAOYSA-N,CC1CN(CCCN)CCCO1,0.99
GXANBYQJQKHHRI-UHFFFAOYSA-N,NS(=O)(=O)c1ccc(Sc2ccc(F)cc2F)nc1,0.02
HTSYYQSYMPQXMU-UHFFFAOYSA-N,O=C(NC(CCCc1ccccc1)C(=O)O)c1cccc2ccccc12,0.01
MNNZTHVYXBDPSG-UHFFFAOYSA-N,O=C(c1cncc(-c2cn[nH]c2)n1)N1CCCCC1,0.371
KEJKDUUDNHQKLQ-UHFFFAOYSA-N,CSCc1nc(CNCC2(O)CCCNC2)cs1,0.998
SCKWNQRIZNNYFA-UHFFFAOYSA-N,CCOC(=O)C1=C(C)Nc2nc3c(c(N)c2C1c1cccc(OC)c1)CCCC3,0.006
YPDMZTAHAUZDKO-IUALCLIASA-N,CSC[C@H](O/N=C(\C(=O)N[C@@H]1C(=O)N(OS(=O)(=O)O)C1(C)C)c1csc(N)n1)c1cc(=O)c(O)cn1O,0.69
POOZUXUDUOHPIJ-UHFFFAOYSA-N,Cn1cnnc1SCCNC(=O)Cc1cccnc1,0.668
DOVXMGWZFABOKI-MFKMUULPSA-N,CC(C)OCC(=O)N1C[C@@H](C)[C@](O)(C2CC2)C1,0.007
WVLJEQFKGXGGOA-UHFFFAOYSA-N,Cc1nnc(NC(=O)N(CCO)C2CC2)s1,0.951
FGQYTIDUGQKIRR-UHFFFAOYSA-N,O=C(NCCCN1CCOCC1)c1cc(Br)c[nH]1,0.013
ZMLZNPBMXKJMKC-UHFFFAOYSA-N,COc1cccc(NC(=O)NCC2CCN(C)CC2)c1,0.118
JYBAIAUTOJFEQQ-VPDPAHHZSA-N,CCN(CC)CC.C[C@@H](CC1O[C@H]([C@@H](O)CO)[C@@H](O)[C@H](O)[C@@H]1O)OP(=O)(O)OC[C@H]1O[C@@H](n2cnc3c(N)ncnc32)[C@H](O)[C@@H]1O,0.95
IKRVJRAQFTVTML-UHFFFAOYSA-N,Cc1cccc(CSc2nnc3c(=O)n(-c4ccc(Br)cc4)ccn23)c1,0.003
NBOGCEDOJFCLNC-UHFFFAOYSA-N,O=C(CN1CCS(=O)(=O)CC1)N1CCc2sccc2C1,0.498
GINUUJGFHJRLEM-UHFFFAOYSA-N,Cc1ccc(Oc2nc3ccccc3n3c(=O)n(CC(=O)Nc4ccccc4C(F)(F)F)nc23)cc1,0.011
ZBRRPSPBDBVIEL-UHFFFAOYSA-N,O=C(CCc1nnc2c3cc(-c4ccc(Cl)cc4)nn3ccn12)N1CCN(c2ccccn2)CC1,0.068
VKTHDZYHYKRMKP-UHFFFAOYSA-N,O=C(Oc1cc(OC(=O)c2cc(O)cc(O)c2)c2ccccc2c1)c1cc(O)c(O)c(O)c1,0.089
FEIFNIHQNKBENM-UHFFFAOYSA-N,CC(C)Cc1nc(COCc2ncc[nH]2)no1,0.004
MMDHAOPFTWINLX-UHFFFAOYSA-N,Cc1nc(C)c(CN2CC3(CCNCC3)OC2=O)s1,0.282
WMYIOXDJWIOUGL-UHFFFAOYSA-N,Cc1ccc(C(=O)NCc2ccc3c(c2)OCCO3)o1,0.001
ANCXHTCVVXGNHB-UHFFFAOYSA-N,Cc1ccccc1NC(=S)NC(=O)c1cnn(C)c1,0.029
YNUOCEUWVHPSAW-UHFFFAOYSA-N,CC(Cn1cccn1)NC(=O)NCCn1ccnc1,0.882
YXWRRHKWNOMNPC-KOLCDFICSA-N,CO[C@H]1CN(C(=O)c2csc(CN(C)C)n2)CC[C@H]1N,0.973
XHYUHDSHLJXQPK-BAGHJPGISA-N,CC(C)C[C@@H]1NC(=O)[C@@H](Cc2ccccc2)NC(=O)[C@H](CCN)NC(=O)[C@@H](NC(=O)[C@H](CN)NC(=O)[C@@H](NC(=O)C[C@H](CN)C2CCCCC2)[C@@H](C)O)CCNC(=O)[C@H]([C@@H](C)O)NC(=O)[C@H](CCN)NC(=O)[C@H](CCN)NC1=O,0.693
ONFDSBAJXZEYLD-UHFFFAOYSA-N,O=C(CSc1nnc2c(=O)n(-c3ccccc3)ccn12)Nc1ccc2c(c1)OCO2,0.005
UEOPMFNVWVRVFJ-FLIBITNWSA-N,COC(=O)C1=C(C)NC(=O)/C1=C\c1ccccc1,0.0
QKEXQELISPDIMT-UHFFFAOYSA-N,CC1(C)OB(O)c2ccc(C3=NOC(c4cc(Cl)c(F)c(Cl)c4)(C(F)(F)F)C3)cc21,0.007
UAIHQEQYMJNPIC-UHFFFAOYSA-N,CCOCCSc1nnnn1CC1CCCO1,0.619
ZNQRSGNGWJMDDB-UHFFFAOYSA-N,Cc1ccoc1C(=O)N(C)C1CCN(C)CC1,0.608
DFEINBRRTFYPQB-KOEMQTGPSA-N,CCCCCCC(=O)N[C@@H](CCN)C(=O)N[C@H](C(=O)N[C@@H](CCN)C(=O)N[C@H]1CCNC(=O)[C@H]([C@@H](C)O)NC(=O)[C@H](CCN)NC(=O)[C@H](CCN)NC(=O)[C@H](CC(C)C)NC(=O)[C@@H](Cc2ccccc2)NC(=O)[C@H](CCN)NC1=O)[C@@H](C)O,0.733
HZXGOYLCWKGQHT-UHFFFAOYSA-N,O=C(CNc1cccc(CO)c1)NCc1ccc(Cl)s1,0.048
XCXUIUGWQZRDLH-UHFFFAOYSA-N,COc1cccc(S(=O)(=O)CCN(C)CCO)c1,0.315
MZSDMALCQZKLPS-UHFFFAOYSA-N,OCc1ccccc1OCCn1ccnc1,0.077
GHLDSWKBZUJLLI-UHFFFAOYSA-N,CC(=O)Nc1nnc(C2CCCN2)o1,0.975
ZNVNPQCUKCYTFT-UHFFFAOYSA-N,O=C(Cn1nc2c(Oc3ccccc3)nccn2c1=O)Nc1ccc(F)cc1F,0.009
FQUAVPCAZIXATA-UHFFFAOYSA-N,Cc1nnc2c(S(=O)(=O)N(Cc3cc(F)cc(F)c3)c3cccc(F)c3)cccn12,0.003
ZCTKQKULYBSQIO-UHFFFAOYSA-N,CC(C)C(NCC(N)=O)c1ccc(F)cc1,0.005
FAOZLTXFLGPHNG-UHFFFAOYSA-N,CC(=O)C1(O)CCC2C3CC(C)C4=CC(=O)C=CC4(C)C3(F)C(O)CC21C,0.001
VWBAXYQHRIEEAH-AFUMVMLFSA-N,O=C(O)c1ccc(-n2cc(/C=N/Nc3ccccc3F)c(-c3ccccc3)n2)cc1,0.003
SYSYQFDRKXQBPG-UHFFFAOYSA-N,Cc1ccccc1CC(=O)NC1CCS(=O)(=O)C1,0.091
RJNKDRCJNIVDII-UHFFFAOYSA-N,NCC1(c2ccc(F)cc2)CCOCC1,0.053
RZTAMFZIAATZDJ-UHFFFAOYSA-N,CCOC(=O)C1=C(C)NC(C)=C(C(=O)OC)C1c1cccc(Cl)c1Cl,0.0
RMTBZBCCZIVHOB-UHFFFAOYSA-N,CCCCCn1cc(-c2ccnc(N)n2)c2cc(Br)ccc21.Cl,0.01
SYWJTMPTLCHKGS-UHFFFAOYSA-N,Cc1cc(C(=O)N2CCCN(C)CC2)c(C)s1,0.552
ABCYQIHAWFHBIW-UHFFFAOYSA-N,CC(NC(=O)c1ccc(Br)s1)C(=O)N(CCO)C1CC1,0.023
SNFGXRZRBNBULL-STQMWFEESA-N,CCC[C@H]1CN(C(=O)CCCn2cccn2)C[C@@H]1N,0.931
WSCAASGWBXDJHB-UHFFFAOYSA-N,Cc1cnn(CC(C)NCCCS(C)(=O)=O)c1,0.884
KJCJORXJBSYUFT-UHFFFAOYSA-N,CN1CCCN(C(=O)c2ccc3ccccc3n2)CC1,0.432
VTAVVCJXHUVZGG-UHFFFAOYSA-N,CCC(NC(=O)c1ccc(C#N)nc1)c1ccnn1C,0.068
VIHSWCYWBAIOCH-UHFFFAOYSA-N,CN1CCN(C)C2(CCN(C(=O)C(C)(C)O)CC2)C1,0.872
UMRYEROXGGYCBP-UHFFFAOYSA-N,NCC1CCN(Cc2cccc(F)c2)CC1,0.192
JYBAIAUTOJFEQQ-IXZQZDGPSA-N,CCN(CC)CC.C[C@H](CC1O[C@H]([C@@H](O)CO)[C@@H](O)[C@H](O)[C@@H]1O)OP(=O)(O)OC[C@H]1O[C@@H](n2cnc3c(N)ncnc32)[C@H](O)[C@@H]1O,0.928
VTOSBFRYBFKPLV-UHFFFAOYSA-N,O=C(NCC1(CO)CCOCC1)c1n[nH]c2c1CCC2,0.445
JCOHJFTWJZFUCQ-UHFFFAOYSA-N,O=S(=O)(Cc1ccc(F)c(Cl)c1)NC1CCCNC1,0.862
NMQXRDXNSSOHBU-UHFFFAOYSA-N,Cn1cc(Br)c(=O)c(NC(=O)Cc2ccc(O)cc2)c1,0.018
PWPVUCPXTWEMSV-UHFFFAOYSA-N,O=C(NCCN1CCCC1)c1ccccc1F,0.038
ZYDTZCCVAQKZSI-UHFFFAOYSA-N,CCNC(=O)N1CCN(Cc2ccc(OC)nc2)CC1,0.256
CHELKNKRGUSISS-BQYQJAHWSA-N,Cc1nonc1NC(=O)/C=C/c1ccccc1,0.001
SNUNRHZTVLARFB-UHFFFAOYSA-N,CCC(NC(=O)c1cccc(=O)[nH]1)c1nc(C)c[nH]1,0.45
NIDISTSIGRLLDW-UHFFFAOYSA-N,CCN1CCN(C(=O)C2(C#N)CCOCC2)CC1,0.384
XORQJYUNRQDTMQ-UHFFFAOYSA-N,Cc1ccc(NC(=O)Cn2nc3ccc(SC(C)C)nn3c2=O)c(Cl)c1,0.005
OPPJKZIKWYVFBW-UHFFFAOYSA-N,Cc1ccc(-n2ccn3c(=O)n(Cc4ccccc4)nc3c2=O)cc1C,0.011
GPFWOTXSHMVYOI-UHFFFAOYSA-N,CN1C(=O)Cc2cc(NC(=O)c3cccn3C)ccc21,0.173
YWRWYLWPFBGUBJ-UHFFFAOYSA-N,CCOC(=O)c1nc(C2CCCCC2)sc1-c1ccccc1C#N,0.0
YXLPBPVJWZWWIN-UHFFFAOYSA-N,Cc1nn(C)c(C(=O)NCCCn2ccnc2)c1Cl,0.021
XFMFNVYEANZUHC-UHFFFAOYSA-N,CS(=O)(=O)c1cccc(CO)c1,0.296
XPVKRNJOBDEBIH-UHFFFAOYSA-N,CCCNCCc1ccccn1,0.353
POBSQPUNRFZHBN-UHFFFAOYSA-N,CCCCCc1ccc(C(=O)Nc2ccc3c(c2)nc(N)n3CCCCc2c[nH]c3ccccc23)cc1.Cl,0.06
UGXANNZSHQYPTI-UHFFFAOYSA-N,CCC(C)NC(=O)c1cccc(CN)c1,0.157
PVIWFAQVAWONNN-UHFFFAOYSA-N,CCc1ccc(S(=O)(=O)NC(CO)C(=O)OC)cc1,0.017
QSDYQGFAKRIXKL-BHBHXYCSSA-N,CCCCCCCCCCCC(=O)N1CCC[C@H]1C(=O)N[C@@H](CCCNC(=N)N)C(=O)N1CCC[C@H]1C(=O)N[C@@H](CCCNC(=N)N)C(=O)N1CCC[C@H]1C(=O)N1CCC[C@H]1C(=O)N[C@@H](CCCNC(=N)N)C(=O)NCCCNCCCCNCCCN,0.989
JDEZVLSUQZQWDS-UHFFFAOYSA-N,CNC(=O)NC(=O)C(C)OC(=O)c1ccc(CO)cc1,0.215
HZSTVWBHDTTXEW-UHFFFAOYSA-N,Cc1cc(=O)n2nccc2[nH]1,0.747
KXMKTWJFNYKQPK-UHFFFAOYSA-N,CS(=O)(=O)CCNC(=O)c1ccc2c(c1)CCCC2,0.124
PPFMWEFKLWLFKX-UHFFFAOYSA-N,CC1NCCCNC1=O,0.999
NZGQJZBAVZMPCC-UHFFFAOYSA-N,CCN(CC)S(=O)(=O)c1cccc(NCC(=O)OC)c1,0.003
QEQADKMMORGKNM-UHFFFAOYSA-N,c1ccc(CNCCNC2CC2)cc1,0.577
BNDHJGHPTMKWMG-UHFFFAOYSA-N,Cc1cc(Br)cnc1N1CCN(C(C)C(N)=O)CC1,0.032
ZRRHRPJWTXTLTR-UHFFFAOYSA-N,COc1ncccc1C(=O)NCCc1cncn1C,0.095
XROWYRCXSYKEGG-JHEYCYPBSA-N,C[N+]1(C)CCC[C@@H]1C(=O)N[C@@H](Cc1cc(Br)c(O)c(Br)c1)C(=O)O.O=C([O-])C(F)(F)F,0.01
SPJCXTLSWZUUDL-UHFFFAOYSA-N,NC(=O)CC1CCN(Cc2ccccc2F)CC1,0.096
MSMFTFJQWDHRBP-GTHPEIMFSA-N,Cc1cc(=O)oc2cc(/N=C3/S/C(=C\c4csc5ccccc45)C(=O)N3CCO)ccc12,0.003
GYHLCXMCGCVVCG-UHFFFAOYSA-N,NNC(=O)Cc1c[nH]c2ccccc12,0.695
ZVCPOBVFXCXOTQ-UHFFFAOYSA-N,CS(=O)(=O)c1nccn1CCN1CCCCC1,0.453
CLAGZZPZZXARKH-UHFFFAOYSA-N,CC(O)CCS(C)(=O)=O,0.952
JVQATAAFFIMBHA-UHFFFAOYSA-N,Cc1ccncc1NS(=O)(=O)Cc1ccccc1,0.032
QDVSSBLJGGKBAP-UHFFFAOYSA-N,CN1CCN(c2ccc3nc(-c4ccc(OCc5cn(CCN=[N+]=[N-])nn5)cc4)[nH]c3c2)CC1,0.867
XYHWSQIJVHWAHB-UHFFFAOYSA-N,NC1CCN(C(=O)c2ccccc2C(F)(F)F)CC1,0.266
DFMQCPTWGBWVDW-UHFFFAOYSA-N,CCOC(=O)C1CCCN(c2nccnc2C#N)C1,0.001
PDIFNPZBFMEKHP-UHFFFAOYSA-N,Cc1c(Cl)cccc1-n1ccn2c(=O)n(Cc3c(F)cccc3Cl)nc2c1=O,0.005
GPIVLOMOPOBPIG-UHFFFAOYSA-N,O=C(NCCC(F)(F)F)NC1CCC2(CC1)OCCO2,0.072
ZUSVHLRNMFDRDQ-RSGUCCNWSA-N,CCCNc1cc(/C=C/c2ccc(N(C)C)cc2)c2ccccc2[n+]1C.[I-],0.013
RQWSCDRFGHLEGJ-NTEUORMPSA-N,COc1ccc(/C(C#N)=C/c2cccnc2)cc1,0.0
IZGLBMVIMNQIAJ-AWEZNQCLSA-N,COC[C@@H]1CCCN1C(=O)Nc1ccc(C(C)=O)cc1,0.078
NCRUAUCUBRNXGY-UHFFFAOYSA-N,COc1ccc(C(=O)Oc2cccnc2O)cc1,0.008
GJUHBHHDTPOPIB-UHFFFAOYSA-N,CCN(CC(C)C#N)Cn1ncc2ccccc2c1=O,0.045
GRZFTZFNDXZGMG-UHFFFAOYSA-N,Cc1cccc(NC(=O)C(C)N)c1,0.031
HWKYAXTUFUAOBN-UHFFFAOYSA-N,CNC1(CO)CCc2ccccc21,0.367
LDYMWEOTMAXEMH-SNVBAGLBSA-N,Cc1c[nH]c(CN2CCNC[C@H]2C)c(C)c1=O,0.933
CUGDJBUUTWZPCY-SNVBAGLBSA-N,N[C@@H]1CCCc2c(F)cc(F)cc21,0.027
QSISIEZCYJFVIK-RNFRBKRXSA-N,CS(=O)(=O)N[C@@H]1CCCC[C@H]1N,0.995
QLCLFPHLCYTDAG-UHFFFAOYSA-N,COCCn1cc(CNC(=O)NCC(F)F)cn1,0.029
AFZFFLVORLEPPO-UVYJNCLZSA-N,CO/N=C(\C(=O)N[C@@H]1C(=O)N2C(C(=O)OCOC(=O)C(C)(C)C)=C(/C=C\c3scnc3C)CS[C@H]12)c1csc(N)n1,0.0
VPQVBMBOSXNXHX-UHFFFAOYSA-M,Cc1cccc2c1-c1ccccc1[I+]2.O=S(=O)([O-])C(F)(F)F,0.002
MCAPUDZAASUBBW-NEAAHOCMSA-N,CC(C)[C@@H]1CC[C@@H](C)C[C@H]1OC(=O)N(CCCCCCc1cn(CCCCCc2c[nH]c(N)n2)nn1)CCc1ccccn1.Cl,0.008
KQPCHDNKKVNQHX-MXAHPTGISA-N,CO[C@H]1/C=C/O[C@@]2(C)Oc3c(C)c(O)c4c(c3C2=O)C2NC3(CCN(CC(C)C)CC3)NC2=C(NC(=O)/C(C)=C\C=C\[C@H](C)[C@H](OC(=O)CN(C)C(=O)CNC(=O)OCc2ccc(OP(=O)(O)O)cc2)[C@@H](C)[C@@H](O)[C@@H](C)[C@H](OC(C)=O)[C@@H]1C)C4=O,0.001
JJGGINWUQLZQBB-UHFFFAOYSA-N,Cc1cc(C(=O)NCc2ccnc(N(C)C)c2)no1,0.022
HVDGRMAVRJIMSO-UHFFFAOYSA-N,CC(C)CCn1c(=O)c2ccccc2n2c(=O)n(CC#N)nc12,0.006
VGRLMKNPHWNDKF-UHFFFAOYSA-N,CCN(C(=O)COc1ccccc1)C1CCS(=O)(=O)C1,0.029
CATIIXRYOFEWAO-UHFFFAOYSA-N,Cn1ccc(NC(=O)c2ccnn2C)n1,0.65
ZLPWCJQFEROJQN-UHFFFAOYSA-N,Oc1ccc(NCc2ccccc2OCc2ccccc2)cc1,0.004
KMGIUEVURYGDAE-UHFFFAOYSA-N,Cc1ccc(CN)cc1S(C)(=O)=O,0.743
NRPXHCKCZJQVBN-UHFFFAOYSA-N,COCc1ccc(SCC(=O)N(C)C)cc1,0.015
VMGKQRQGNUCHLD-UHFFFAOYSA-N,CC(C)NC(=O)C(C)N1CCNCC1,0.986
NVJOAINDJBJIKW-UHFFFAOYSA-N,CCC(N)CN(C)CCCN(C)C,1.0
GNLRWHDPUIYJBU-UHFFFAOYSA-N,CC(=O)NCCC(=O)NCC1(c2ccccc2)CC1,0.428
SDTWTTZXNOZSTH-JDMDJTOJSA-N,CC1(C)[C@H](NC(=O)/C(=N\O[C@@H](COc2ccc(NC(=O)N[C@H]3CCCNC3)cc2)C(=O)O)c2csc(N)n2)C(=O)N1OS(=O)(=O)O,0.807
AOGNVMITJQUBKK-UHFFFAOYSA-N,OCc1csc(N2CCC3(CC2)OCCCC3O)n1,0.711
BMYHTSQSKFVOJS-FQEQRRFLSA-N,CC(C)C[C@@H]1NC(=O)CNC(=O)[C@H](Cc2ccc(-c3ccccc3)cc2)NC(=O)[C@H](CCCNC(=N)N)NC(=O)[C@H](CC(C)C)NC(=O)[C@H](Cc2ccc(-c3ccccc3)cc2)NC(=O)[C@H](CCCNC(=N)N)NC1=O,0.013
HGTDUQHWIYPKRM-BBACVFHCSA-N,CCCCCCCCCCCCCCCC(=O)N[C@@H](CCCCN)C(=O)N[C@@H](CCCCN)C(=O)N[C@@H](CCCCN)C(=O)N[C@@H](CCCCN)C(=O)O,0.925
FIGVLUNPJRWQAN-UHFFFAOYSA-N,CCc1c(-c2ccc(N3CCC(NC)C3)cc2)[nH]c(=O)c2c(=O)[nH]sc12,0.751
GWSADJNBNMCFFF-UHFFFAOYSA-N,COc1cc(CNc2ccc(CO)cn2)cc(OC)c1,0.024
PYHYGIPVYYRJHU-QWDNBKTCSA-N,CC(C)C[C@@H]1NC(=O)[C@@H](Cc2ccccc2)NC(=O)[C@H](CCN)NC(=O)[C@@H](NC(=O)[C@H](CCN)NC(=O)[C@@H](N)[C@@H](C)O)CCNC(=O)[C@H]([C@@H](C)O)NC(=O)[C@H](CCN)NC(=O)[C@H](CCN)NC1=O,0.771
ISHPOQDVAXQYDN-UHFFFAOYSA-N,C#CCNc1nc(NC2CCN(Cc3ccccc3)CC2)c(C#N)c(-c2ccccc2)c1C#N,0.019
WJQOZVSWZAPDOR-UHFFFAOYSA-M,COc1ccc2cc3[n+](cc2c1OCC(O)Cn1cnc([N+](=O)[O-])c1)CCc1cc2c(cc1-3)OCO2.[Br-],0.031
SDJFPMLCJWILQV-ZIAGYGMSSA-N,N[C@@H]1CCN(C(=O)CCSCc2ccccc2)C[C@H]1O,0.82
YQGOZYIFQYFBBD-UHFFFAOYSA-N,CN(CCCN)C(=O)Cc1cccc(Br)c1,0.072
KRBYVJQIRDZROK-UHFFFAOYSA-N,COCCN1CCCC2(CCN(C(=O)C(C)C)C2)C1=O,0.04
GUDDJEMXGSJOAS-UHFFFAOYSA-N,c1cn(CC2CCCNC2)nn1,1.0
LPBVHAMFJLKBCE-UHFFFAOYSA-N,CN(C)C(CNC(=O)c1ccc(O)nc1)c1ccsc1,0.605
AJRLLZFEAPXHJN-UHFFFAOYSA-N,O=C(Cn1nc2c(Sc3cccc(F)c3)nccn2c1=O)N1CCN(c2ccccc2)CC1,0.029
PTEMGJSNACOECE-UHFFFAOYSA-N,CC(=O)Nc1cc(NC(C)=O)ncn1,0.985
PTNWKARSBPSAPV-UHFFFAOYSA-N,CC(C)CCn1c(CO)cnc1S(=O)(=O)CC(C)C,0.003
KPQZUUQMTUIKBP-UHFFFAOYSA-N,Cc1ncc([N+](=O)[O-])n1CC(C)O,0.397
RWYKRBLDLDGWNB-UHFFFAOYSA-N,O=C(CSc1nnc2c(=O)n(-c3ccccc3)ccn12)Nc1cc(F)ccc1F,0.011
UDMKIYHXPIWRCW-UHFFFAOYSA-N,COC(=O)CN(CCn1cncn1)C1CCCC1,0.139
KONYYTAQVXXQFC-UHFFFAOYSA-N,CN(C)CC(=O)Nc1ccc2c(c1)C(O)CC2(C)C,0.797
XUXXEYVYOWAHLB-UHFFFAOYSA-N,N#Cc1ccc(S(=O)(=O)N2CCCO2)c(Cl)c1,0.011
ZEVFBTPFHHBJMK-UHFFFAOYSA-N,O=C(COC(=O)CN1CCCC1=O)NCc1cccs1,0.385
QWGBFEYUXCGYSY-UHFFFAOYSA-N,COc1ccc(C2C(C#N)=C(Cl)Oc3c2ccc2ccccc32)cc1OC,0.002
DPQMVUSNQKZSOE-UHFFFAOYSA-M,COc1ccc2cc3[n+](cc2c1OCC(O)CSc1nnnn1C)CCc1cc2c(cc1-3)OCO2.[Br-],0.126
WUJANTYPNFZVNA-CYBMUJFWSA-N,COc1cc(C#N)ccc1CN[C@H](CO)C(C)C,0.013
SGGKJQNZRVPQLT-UHFFFAOYSA-N,N#CC1=C(Cl)Oc2c(ccc3ccccc23)C1c1ccc([N+](=O)[O-])cc1,0.003
GUKZYHABVUWYLJ-UHFFFAOYSA-N,NS(=O)(=O)CC1CCCN1Cc1cccc(Br)c1,0.058
AWSUQDONIJHUFY-UHFFFAOYSA-N,CSCC(CCO)NC(=O)c1coc2ccccc12,0.34
IEBWUNKDPFASLW-UHFFFAOYSA-N,COc1ccc(-c2cc3c4nnc(SCC(=O)Nc5ccc(C)c(F)c5)n4ccn3n2)cc1,0.009
PBAULEGLRQCXKD-UHFFFAOYSA-N,c1csc(C2CNCCO2)c1,0.133
GHXUKKLUMMZDFG-UHFFFAOYSA-N,CC(C)CCOc1ccc2ncc(F)c(CCC34CCC(NCc5ccc6c(n5)NC(=O)CO6)(CC3)CO4)c2n1,0.008
KJKWLEDZWZRZMU-UHFFFAOYSA-N,c1ccc(CNCCOc2ccccn2)cc1,0.009
LWSUFDUSBJZVNK-UHFFFAOYSA-N,Cc1ccc(C(=O)NCCCN(C)C)o1,0.952
KURXLGYIIXNQPE-QRVIBDJDSA-N,O=C(/C(=C/c1ccc(F)cc1)Oc1ccc2c(CN(CCO)CCO)cc(=O)oc2c1)c1nccs1,0.045
RXTPXDFPFGCINK-UHFFFAOYSA-N,O=C1COc2ccc(CNC34CCC(CCc5c(F)cnc6cccnc56)(CC3)OC4)nc2N1,0.124
VWKBJZOHPWJWAX-UHFFFAOYSA-N,Cl.Nc1ncc(Cc2ccccc2)n1Cc1ccccc1,0.053
PKYAYLHRCSHJPN-UHFFFAOYSA-N,O=C(Nc1nc(-c2ccsc2)ns1)C1CCCN1,0.798
IHAXDCHIJWBJFG-UHFFFAOYSA-N,CC(C)C(C)(CO)NC(=O)CN(C)C1CC1,0.434
XAJNDBMJYKWZRH-UHFFFAOYSA-N,NC(=O)c1cc2c(cc1Br)OCO2,0.0
XMVMCKFNOJBELO-UHFFFAOYSA-N,Cn1nc(-c2nc(C(C)(C)C)no2)ccc1=O,0.0
UVZDULLMQHHKQO-NXEZZACHSA-N,CS(=O)(=O)N[C@@H]1CCOC[C@H]1OCc1cscn1,0.831
QWXBVRRUKZHDQL-UHFFFAOYSA-N,CC(C)NC(=O)c1ccc(C(C)C)cc1,0.0
JYPMUKUEDYINIG-UHFFFAOYSA-N,CC(O)CN1CCN(CCC(=O)N2CCCCC2)CC1,0.95
XVNGJKMSRUYMJF-UHFFFAOYSA-N,CCCCCCCCN1c2ccccc2C(=O)N(O)C1c1ccc(C)cc1,0.017
VFMPMWGAAXPQKC-UHFFFAOYSA-N,CSCCc1nc(CC2CCS(=O)(=O)C2)n(CCO)n1,0.684
HUVAAOZUPLEYBH-UHFFFAOYSA-N,Cc1n[nH]c(C)c1C,0.002
LGZXRXBRLDPIHO-UHFFFAOYSA-N,Cc1occc1C(=O)NCCCNCc1cccnc1,0.238
VFFVADTTYGXVKM-UHFFFAOYSA-N,CN(CCCOc1ccccc1)CC(=O)NC(N)=O,0.505
LIMCETCKGOYBGP-ZHMRWWBASA-N,NC[C@@H]1O[C@H](O[C@H]2[C@@H](O)[C@H](O[C@@H]3[C@@H](O)[C@H](N)C[C@H](N)[C@H]3O[C@H]3O[C@H]4[C@@H](OCCC[C@@H]4O)[C@H](O)[C@H]3N)O[C@@H]2CO)[C@H](N)[C@@H](O)[C@@H]1O,0.996
BBWJBXHCZYXMSO-UHFFFAOYSA-N,CC(C)C(=O)NCc1ccc(-n2ccnc2)cc1,0.005
LLJCEPUFQPXEPR-UHFFFAOYSA-N,Cc1nc(CN(C)C2CCNC2)no1,0.992
KMVWDPFKFUWGNM-UHFFFAOYSA-N,Cc1nc(CNC(=O)c2ccc3c(c2)N(C)CC3)no1,0.102
MFQUTRLUTVAUFY-UHFFFAOYSA-N,Cc1cc2c(cc1S(=O)(=O)N1CCCC(N)C1)OCO2,0.003
DTBFDCHQTALABK-UHFFFAOYSA-N,Cc1nc(CCCN)sc1C,0.434
OGFZXISUQWBULC-ABLWVSNPSA-N,CO[C@H]1CNCC1NC(=O)c1ccn(C2CCCC2)n1,0.721
HGITVJREDSXKPN-UHFFFAOYSA-N,CN1CCC(CC(=O)NCc2ccccc2)CC1,0.187
ZDHKVKPZQKYREU-UHFFFAOYSA-N,Cl.ClCc1ccncc1,0.025
QOHUKFMDHSPSCH-FTFMFKDUSA-N,CC(C)C[C@@H]1NC(=O)[C@@H](Cc2ccccc2)NC(=O)[C@H](CCN)NC(=O)[C@@H](NC(=O)[C@H](CN)NC(=O)[C@@H](NC(=O)[C@H](CCN)NC(=O)c2ccnc(-c3ccccc3Cl)c2)[C@@H](C)O)CCNC(=O)[C@H]([C@@H](C)O)NC(=O)[C@H](CCN)NC(=O)[C@H](CCN)NC1=O,0.569
XZJLAMVKYUITNU-UHFFFAOYSA-N,NC1CC(=O)N(Cc2ccccc2C(F)(F)F)C1,0.264
NDCREQVTVXYWDZ-QCAMNUJHSA-N,CCC(C)CCCCC(=O)N(C)[C@@H](CCN)C(=O)N[C@@H](CN[C@@H](CCN)C(=O)N[C@H]1CCNC(=O)[C@H]([C@@H](C)O)NC(=O)[C@H](CCN)NC(=O)[C@H](CCN)NC(=O)[C@H](CC(C)C)NC(=O)[C@@H](CC(C)C)NC(=O)[C@H](CCN)NC1=O)[C@@H](C)O,0.749
QQHROFJPPMNBTM-UHFFFAOYSA-N,O=S(=O)(c1ccccc1)c1ccc(-c2n[nH]c(=S)n2-c2ccc(OC(F)(F)F)cc2)cc1,0.011
JXYTZWNICAQANO-UHFFFAOYSA-N,O=C(CCNC(=O)c1ccccc1F)Nc1nccs1,0.121
PPLAWOXMMCJCFP-UHFFFAOYSA-N,Cc1ncsc1C(=O)N1CCOc2cccc(F)c2C1,0.005
CBGUOGMQLZIXBE-XGQKBEPLSA-N,CCC(=O)O[C@]1(C(=O)CCl)[C@@H](C)C[C@H]2[C@@H]3CCC4=CC(=O)C=C[C@]4(C)[C@@]3(F)[C@@H](O)C[C@@]21C,0.002
XQMKQQJWGAQMRM-UHFFFAOYSA-N,Cc1n[nH]cc1CNCc1cccs1,0.043
MDBPFVSVLGYVCQ-UHFFFAOYSA-N,CN1CCN(C(=O)Nc2ccc(F)cc2)CC1,0.192
MHRBHOIISVQEAB-UHFFFAOYSA-N,CSCC(C)(O)CNC(=O)CC1=CCCCC1,0.928
SGKFLQXMQKMHNA-UHFFFAOYSA-N,O=C(O)c1cc(-c2ccccc2-c2ccccc2Cl)nc2c1cnn2Cc1ccncc1,0.038
UMWRMSDGWMFMEB-UHFFFAOYSA-N,NC(=O)COc1cccc(C(=O)N2CCCCCC2)c1,0.5
RTCCQBRMWCDXII-UHFFFAOYSA-N,Cc1nccn1CC1CCN(C(C)C(=O)N(C)C)CC1,0.696
BXRPNSYIUBXOEM-UHFFFAOYSA-N,Cc1ccc(C(=O)NCCSCCCO)cc1,0.168
MYXTXHBUFQBCLL-UHFFFAOYSA-N,COc1c(C)cnc(CN2CCOCC2C)c1C,0.007
GQJKVVAGGSYTRC-UHFFFAOYSA-N,Cc1cnc2c(S(=O)(=O)N(C)C)cccc2c1,0.001
KBVLCKMCELLBPE-UHFFFAOYSA-N,CCc1c[nH]c(S(=O)(=O)CC(=O)NCc2ccco2)n1,0.239
WLFCZZGVSCGEAL-UHFFFAOYSA-N,COc1ccc(CC2CCN2)cc1,0.089
LDZJHQYHCGZDHV-UHFFFAOYSA-N,COc1ccccc1CC1(O)CCNCC1,0.793
UMOATXSQXFELJE-UHFFFAOYSA-N,COc1cc(C2=NCCN2)ccc1-n1cc(-c2cccc(C3=NCCN3)c2)nn1.O=CO.O=CO,0.731
UAJCGLORZBKZSL-UHFFFAOYSA-N,O=C(Nc1cccc(OCC(F)F)n1)C1CCOC1,0.004
CBWMBXWWXQXLAY-UHFFFAOYSA-N,CC(NC(N)=O)C(=O)NCCc1ccc(Cl)cc1,0.07
KHHPWTINEBWNNF-OVCLIPMQSA-N,COc1ccc(/C=C/C(=O)c2ccc(Nc3nc4ccccc4o3)cc2)cc1,0.002
LWZBTOVRCATRRC-UHFFFAOYSA-N,Cc1noc(C(=O)NCCN2CCOCC2)c1Cl,0.023
DDZCDRUVOUFPSV-UHFFFAOYSA-N,CC1CCCN(C(=O)COc2ccccc2C(N)=O)C1,0.287
HLVDGKNOMLOINM-UHFFFAOYSA-N,Cc1ccc(C(=O)N2CCCC2c2cccs2)c(=O)[nH]1,0.031
KYUFJUMCBQKNRI-UHFFFAOYSA-N,Cc1cccc(C(=O)Nc2ncc(C)s2)n1,0.107
KNQTYXKLWHIOTI-UHFFFAOYSA-N,O=C(c1ccccc1-n1cccn1)N1CCSCC1,0.242
JPDWOAOVCHLDTO-UHFFFAOYSA-N,CNCC(C)(CO)CO,0.999
MZNVUJXUAWDYPQ-UHFFFAOYSA-N,N#Cc1ccc(NCCOc2ccccc2)nc1,0.007
DNZIIQONAXHOOQ-IPZCTEOASA-N,COCCOC1CCN(C(=O)c2cc(NC(=O)c3cc(NC(=O)c4ccc(/C=C/c5ccc(OC)cc5)cc4)cn3C)cn2C)CC1.O=S(=O)(O)O,0.126
PLXBDZAPWFMHEZ-UHFFFAOYSA-N,Cc1csc(NC(=O)CCn2ccccc2=O)n1,0.464
VJZHCBXOUNAGNF-UHFFFAOYSA-N,CC(C)n1c(=O)c2ccc(C(=O)NC3CCCC3)cc2n2c(=O)n(Cc3cccc(C(F)(F)F)c3)nc12,0.025
ACDKWPKOHJDANV-UHFFFAOYSA-N,Cc1cccc(OCCNS(C)(=O)=O)c1,0.032
UQCFKPIKRCRAKW-UHFFFAOYSA-N,Cc1ncn(CC(=O)N2CCN3CCCC3C2)c1C,0.945
NITQNKFJCNHPKB-UHFFFAOYSA-N,CCn1nc(C)cc1C(=O)N1CCC(O)(C(F)(F)F)C1,0.04
WIWGHUIUMQTPSA-UHFFFAOYSA-N,COc1ccc(OC)c(NC(=O)Cn2nc3c4cc(-c5ccc(F)cc5)nn4ccn3c2=O)c1,0.013
PYZGXBIDCLDUBO-UHFFFAOYSA-N,c1cc(C2CNCCO2)nc(N2CCCC2)n1,0.602
UVHPYNUTHCSELY-UHFFFAOYSA-N,CN(C)CCCN1CCN(C(=O)c2ccc(NC(=O)c3ncc(-c4ccc(OCC#N)c(F)c4F)n3C)cc2Cl)CC1,0.22
XKNIHQYFNOLZIN-UHFFFAOYSA-N,O=C1C(O)c2ccccc2N1CCn1cncn1,0.65
VAMPPVCDJNJGQP-UHFFFAOYSA-N,CCCn1nc(C(=O)NCc2ccccn2)ccc1=O,0.1
DCVGOYLPSMUJNN-VNVZGTSJSA-N,CC(C)CCCCC(=O)N[C@@H](CCN)C(=O)N[C@H](C(=O)N[C@@H](CCN)C(=O)N[C@H]1CCNC(=O)[C@H]([C@@H](C)O)NC(=O)[C@H](CCN)NC(=O)[C@H](CCN)NC(=O)[C@H](CC(C)C)NC(=O)[C@@H](Cc2ccccc2)NC(=O)[C@H](CCN)NC1=O)[C@@H](C)OC(=O)[C@@H](N)CS,0.566
LOYSLMYOMGYOMW-UHFFFAOYSA-N,CN1CCN(C(=O)CC2Cc3ccccc3C2)CC1,0.36
VZZWSMMVINBBGD-UHFFFAOYSA-N,Cc1cc2nn(CC(=O)NC3CCCCC3)c(=O)n2c(Nc2ccc(F)c(C)c2)n1,0.039
OXEGKMGNKOTZTQ-UHFFFAOYSA-N,CNC(=O)CS(=O)(=O)c1nccn1C,0.857
RKXASYGJLKILOC-UHFFFAOYSA-N,CCC(C)NC(=O)c1ccc(NC(=O)C2(c3ccccc3)CCCC2)cc1,0.01
TZMPIXOXQFETMX-NWDGAFQWSA-N,Cc1c[nH]c(C(=O)N2C[C@@H](N(C)C)[C@H](C(C)C)C2)n1,0.152
WSOHYVIGDOOTAW-UHFFFAOYSA-N,CN1CC(Nc2ccc(F)cc2C#N)CCC1=O,0.027
MPMHBBHMNIUZMW-ODMPXSNFSA-N,CC(C)(O/N=C(\C(=O)N[C@H]1CON(C2(C(=O)O)C[C@H](NC(=O)OCc3ccccc3)C(=O)O2)C1=O)c1csc(N)n1)C(=O)O,0.014
JYAUHIVFKGLJPD-JGVFFNPUSA-N,N[C@@H]1CN(c2ncccn2)C[C@H]1CO,0.975
RZRWAGUDAGNTJF-UHFFFAOYSA-N,CSc1ccccc1-c1[nH][nH]c(=O)c1CCN,0.395
QYZOOZUXCBFMHV-UHFFFAOYSA-N,N#CC1=C(Nc2ccccc2Cl)SC(c2ccncc2)NC1=O,0.011
CCANAUMTDUNXQZ-QMMMGPOBSA-N,C[C@H](NC(=O)CSCc1ccccc1Cl)C(N)=O,0.037
YMJJGRPDUIJYQN-UHFFFAOYSA-N,COc1cccc(-n2ccn3c(SCC(=O)NC(C)C)nnc3c2=O)c1,0.016
ATDRZFNPPHNGJX-UHFFFAOYSA-N,CN(C)C(=O)c1cc2ccccc2cc1O,0.021
CUDNWPKFWJLPPK-VHSHMJAOSA-N,CC(C)(O/N=C(\C(=O)N[C@@H]1C(=O)N2C(C(=O)[O-])=C(C[N+]3(CCN)CCCC3)CS[C@H]12)c1csc(N)n1)C(=O)O,0.77
AYEDHZZFDMVMOR-UHFFFAOYSA-N,CS(=O)(=O)CCN(CC(O)c1ccc(F)cc1)C1CC1,0.092
OHUTYIXHMZIWDL-UHFFFAOYSA-N,Cc1noc(C)c1CC(=O)N1CCC(CC(N)=O)CC1,0.798
BTDZDIWXZBEUKD-UHFFFAOYSA-N,Cn1c(=O)[nH]c(=O)c2ccc(C(=O)N3CCCC3)nc21,0.493
YUPCYYUZAHLKKK-UHFFFAOYSA-N,O=C(NCC1CNCCOC1)NC1CCCCC1,0.991
PIJVXDXISMCXHK-UHFFFAOYSA-N,CCC(CNS(=O)(=O)N(C)CC)c1ccccc1,0.018
VMZOZQSSELUHEN-DEOSSOPVSA-N,Cc1cccc(CCN2CCN(CCCC[C@H]3CNC(=N)N3CC3CCCCC3)C2=N)c1,0.451
ISAOGXJRSFGWEF-UHFFFAOYSA-N,Cc1cccc2nc(CN3CCOCC3)cn12,0.124
QELDJEKNFOQJOY-UHFFFAOYSA-N,COc1ccc2c(c1O)-c1c(OC)c(OC)cc3c1C(C2)N(C)CC3,0.353
VLBJZIBTXZSAAW-UHFFFAOYSA-N,Cc1cc(C)n(C(C)C(=O)NCCS(=O)(=O)N(C)C)n1,0.203
VZVHVMQSQXHROF-UHFFFAOYSA-N,CCC(=O)NCc1ccncc1OCC(F)(F)F,0.017
OSVAGSVIFPXKDY-UHFFFAOYSA-N,CC(C)(N)c1nc2c(c(=O)[nH]1)CCCC2,0.187
DEBNUQDKUXAUQG-ZDUSSCGKSA-N,O=[N+]([O-])c1cn2c(n1)OC[C@@H](OCc1ccc(N3CCSCC3)c(F)c1)C2,0.003
PLYZITDKZOOXAC-UHFFFAOYSA-N,COc1ccc(NC(=O)Cn2nc3c4cc(-c5ccc(C)c(C)c5)nn4ccn3c2=O)c(OC)c1,0.012
NHFLCGVYVOSCAV-UHFFFAOYSA-N,COc1cc(Cl)ccc1CN,0.015
HQIFHNMTFIBILI-SYRJXDITSA-N,CN(C)c1ccc(/C=C/c2cc(-c3ccc(Br)cc3)cc(-c3ccc(Br)cc3)[o+]2)cc1.F[B-](F)(F)F,0.0
NSGKOTGJTZQSGV-UHFFFAOYSA-N,CCCn1c2ccccc2c2c(OCC(O)CN(Cc3ccccn3)Cc3ccccn3)cccc21,0.064
SDLSAJBSFZJZJF-UHFFFAOYSA-N,N#Cc1cc(C#N)c(N2CCCC2)nc1N,0.024
NGNXHJDLPHMLFY-UHFFFAOYSA-N,Cc1nc2c(CCC34CCC(NCc5ccc6c(n5)NC(=O)CO6)(CC3)CO4)ccnc2cc1C#N,0.207
GULYBIGMHOEZOG-UHFFFAOYSA-N,OCC1CCN(CCc2ccccc2)C1,0.174
UENKUMZAMCXZRE-UHFFFAOYSA-N,NC(=O)C1CCCN(Cc2ccc(Cl)cc2)C1,0.033
UIIYMYHCDJKWOP-UHFFFAOYSA-N,CCc1oc(C(=O)NC(COC)C(N)=O)cc1C,0.069
JLKKUICFUAAPFA-UHFFFAOYSA-N,Cn1c(=O)oc2ccc(NC(=O)C3COCCN3)cc21,0.865
IVAHAFXZXGBFQQ-UHFFFAOYSA-N,CCc1cc(N2CCNCC2)ncn1,0.978
KHBANVJOJANEDV-UHFFFAOYSA-N,COCC(=O)N(C)Cc1cc(Br)cs1,0.003
HMIDFSLWZNOPOE-UHFFFAOYSA-N,CCc1nc(C)ccc1OCC(=O)N1CCOCC1,0.232
POLHKLAJFBICMI-UHFFFAOYSA-N,Cc1ccc(C(=O)N2CCC(N3CCN(C)CC3)C2)s1,0.536
LHYPKUNFABMXRJ-UHFFFAOYSA-N,CC(C)NC(=O)c1cn(Cc2ccc(Cl)cc2)nn1,0.007
YJYCYFFDISXNDH-UHFFFAOYSA-N,O=C(Nc1cncc(Br)c1O)C1=CCCC1,0.002
XQXBKPDDBWRDRJ-UHFFFAOYSA-N,COc1cccc(SCC(=O)N2CCOC(C)C2)c1,0.004
ZIQLDZYJUIPASJ-UHFFFAOYSA-N,COC(=O)c1cc(C#N)ccc1F,0.0
FQUBFDDPWLBKIZ-LLVKDONJSA-N,[N-]=[N+]=NC[C@@H]1CN(c2ccc(N3CCOCC3)c(F)c2)C(=O)O1,0.001
BEKZFGVCQDFVGK-UHFFFAOYSA-N,CN1CCN(c2ccc3nc(-c4ccc(OCCN=[N+]=[N-])cc4)[nH]c3c2)CC1,0.59
XSZAKRSPRAZJKY-UHFFFAOYSA-N,CCOc1ccccc1NC(=O)Cn1nc2c(SC3CCCCC3)nccn2c1=O,0.02
MHGZYJCSJAGEDM-UHFFFAOYSA-N,Cc1n[nH]c(C)c1C(NC(N)=O)c1ccccc1,0.402
XBBUFGPTEWYXIT-UHFFFAOYSA-N,Cc1n[nH]c(C)c1CN1CCC2(CCNCC2)C1,0.983
QDBDOUAQHHPCNC-SOYRVYTOSA-N,C/C=C1/NC(=O)[C@H](C(C)C)NC(=O)[C@H](O)[C@@H]([C@@H](C)CCCCCCCC(Cl)CC)NC(=O)[C@@H]2CCCN2C(=O)[C@H](CC(N)=O)N(C)C(=O)[C@H]([C@@H](C)OC)NC(=O)[C@@H](C)NC(=O)[C@H](CCC(N)=O)NC(=O)[C@H]([C@@H](C)O)NC(=O)[C@H]([C@@H](C)O)NC1=O,0.033
MPQONADMDXYQNT-SUZFXASJSA-N,CC[C@H]1OC(=O)[C@H](C)[C@@H](OC(=O)Cc2ccccn2)[C@H](C)[C@@H](O[C@@H]2O[C@H](C)C[C@H](N(C)C)[C@H]2O)[C@](C)(OC(=O)CCNCCC#Cc2cnc3ccccc3c2)C[C@@H](C)CN(C)[C@H](C)[C@@H](O)[C@]1(C)O,0.011
ALONBOWWLBRVIO-UHFFFAOYSA-N,Cc1[nH]c(C(=O)Nc2ccc(S(=O)(=O)Nc3nccs3)cc2)c(Cl)c1Cl,0.013
MCDNEVMYDZRGNX-UHFFFAOYSA-N,CC(C)OCCCNCCC#N,0.084
KJKSTMVAOFFYLH-UHFFFAOYSA-N,Cn1c([N+](=O)[O-])cnc1C(=O)NC1CCCCC1,0.055
QETBJJUDAOYRGL-UHFFFAOYSA-N,CC(C)c1ccc(-c2nc(CN3CCN(c4ccnc5cc(Cl)ccc45)CC3)no2)cc1,0.006
HPNKVUDOBCOZFM-DPWJMMOYSA-N,CCCO/N=C/c1cc(OC)c(OCC(O)Cn2c([N+](=O)[O-])cnc2C)c2c1CC1c3cc4c(cc3CCN1C2)OCO4,0.004
GRXKMJHVWTZBGD-LBPRGKRZSA-N,C[C@H]1CN(C(=O)CC(C)(C)C)CCN1C(=S)Nc1cc(C(F)(F)F)cc(C(F)(F)F)c1,0.002
WLCFOHYQJXFZCQ-UHFFFAOYSA-N,Cc1cc(NC(=O)NCCCN2CCCC2=O)no1,0.866
XFRKAZBZVVTALF-UHFFFAOYSA-N,CNCc1ncnn1C,0.973
HPXQSUGPKGNWQQ-HNNXBMFYSA-N,CC(C)(COP(=O)(O)O)[C@@H](O)C(=O)NCCC(=O)NCCc1ccccc1,0.657
NLOURWBZABHPTC-YGFGXBMJSA-N,CN(CC(=O)O)NC(=O)C[C@H](N)C[C@@H](O)CNC(CCN)c1ccccc1,0.992
MACCCEHTOQDLIP-UHFFFAOYSA-N,NCc1ccc(-n2ccnc2)cc1,0.584
BZRREBXYNZGWPK-UHFFFAOYSA-N,CCN(C(=O)Cc1cccs1)C(C)CS(C)(=O)=O,0.108
ZVWHURINXJWEER-UHFFFAOYSA-N,O=C(N(c1ccccc1)c1ccccc1)N(c1ccccc1)c1ccccc1,0.003
VSUBGUPFJVMOMI-WLRTZDKTSA-N,COc1ccc(/C=C/C(=O)c2ccc(OCc3ccc(Br)cc3)cc2)cc1OC,0.0
LSJREFUWPCHFTG-UHFFFAOYSA-N,CN(Cc1ccccc1)C(=O)CC1CCNC1,0.842
ZYYIVBUZZJJSDG-UHFFFAOYSA-N,CNC(=O)C(C)NS(=O)(=O)c1ccc2ccccc2c1,0.055
ZOVUCSAZGDBQME-UHFFFAOYSA-N,CC1(C2CCCN(C(=O)NCCCF)C2)OCCO1,0.816
CKLTYECSRKXAGC-UHFFFAOYSA-N,O=C(Cn1nc2c(SCc3ccc(Cl)cc3)nccn2c1=O)Nc1ccccc1F,0.011
LMMLVNRQZWIZAO-DUSLRRAJSA-N,CC(C)(C)OC(=O)NNC(=O)C(CC#Cc1ccc(N2C[C@H](CO)OC2=O)cc1F)NC(=O)OC(C)(C)C,0.0
MCEAWKHDYKTSKF-UHFFFAOYSA-N,COc1cccc(-n2cc(N)nn2)c1,0.165
DQBWEOAEUFFZEM-UHFFFAOYSA-N,CN(CC(N)=O)C(=O)c1ccc(O)nc1,0.985
QWPGOZUGKJDKTO-UHFFFAOYSA-N,Cc1cc2nn(CC(=O)Nc3cc(F)cc(F)c3)c(=O)n2c(Nc2ccccc2C)n1,0.018
FGEUGVJQIBTCHK-YPXUMCKCSA-N,O=C1c2cccc3c(N/N=C/c4ccc(C(F)(F)F)cc4)ccc(c23)C(=O)N1C(CO)CO,0.042
ZETCXKVUHXHOLJ-UHFFFAOYSA-N,CC(C)c1ccc(COc2cccc(-c3cc([S+](C)[O-])c(C#N)c(=O)[nH]3)c2)cc1,0.005
AWMITHYMEFWENC-UHFFFAOYSA-N,O=C(CSc1nnc2c(=O)n(-c3ccccc3)ccn12)Nc1cccc(Cl)c1,0.02
YSDVNFWVVPHGFX-UHFFFAOYSA-N,CCc1ccc(C2CC(C(F)(F)F)n3ncc(C(=O)NCc4ccc(OC)cc4)c3N2)cc1,0.004
CZITUTUDVFNMNE-UHFFFAOYSA-N,CCn1c(=N)n(CCCOc2ccc(Cl)cc2Cl)c2ccccc21.O=C(O)C(F)(F)F,0.025
VKALDCMAEMVTMA-UHFFFAOYSA-N,CN1c2ccc(Cl)cc2N(c2ccccc2)C(=O)c2cn(Cc3ccc(CN4CCOCC4)cc3)nc21,0.016
UWUKOUVINGGSKI-UHFFFAOYSA-N,CN1c2ccccc2C(=O)N(O)C1c1ccccc1O,0.321
BGHIXZRBTDBPSG-UHFFFAOYSA-N,Cc1nnc2c(SCC(=O)Nc3cccc(Br)c3)nc3ccccc3n12,0.005
VZHLAGPPUWDJDR-UHFFFAOYSA-N,COCCCNc1ccc(C(F)(F)F)cn1,0.011
FITQUUUWEHCOJD-UHFFFAOYSA-N,COc1ccc2ncc(S(C)(=O)=O)c(CCC34CCC(NCc5ccc6c(n5)NC(=O)CO6)(CC3)CO4)c2n1,0.132
BHJRBLDQIGIADB-UHFFFAOYSA-N,CS(=O)(=O)NCCNCc1cnc(-c2cccs2)s1,0.729
RUESJQRALGQVDA-UHFFFAOYSA-N,COc1ccc2nc(SCN3CCCCC3=O)[nH]c2c1,0.039
LHBNRZRBSWXGGL-UHFFFAOYSA-N,Cn1c(CNC(=O)C2=CCCCO2)nnc1C1CCC1,0.002
JJDHPDREIXSEEH-UHFFFAOYSA-N,Cc1ccc(S(=O)(=O)n2cc(-c3ccnc(N)c3)c3cc(Br)cnc32)cc1,0.007
BHNAKRXNJSOMSI-HTQZYQBOSA-N,O=C(N[C@@H]1CCOC[C@H]1O)c1scc2c1OCCO2,0.003
JZCBNRKVGLXJNQ-UHFFFAOYSA-N,O=C(NC1CCC(O)CC1)OCC(F)(F)F,0.017
WXJSBXUTAKFEAK-UHFFFAOYSA-N,NC1CCN(C(=O)c2ccncc2)C1,0.988
XRMZOIJPZHYGOJ-UHFFFAOYSA-N,N#Cc1c(F)cccc1NCCSCCCO,0.036
GLQPKABSYRYADV-UHFFFAOYSA-N,CC(Oc1cccc(Br)c1)C(=O)NN1CCOCC1,0.001
OBGTVXVYDKBKFS-UHFFFAOYSA-N,CCNc1nccc(-c2cn(C)c3cc(Br)ccc23)n1.Cl,0.01
DNPIBZGZYAPTLF-UHFFFAOYSA-N,CN(C)Cc1nnc(-c2ccccc2)o1,0.238
DWZYCNFJCACXKW-UHFFFAOYSA-N,CCOC(=O)CC1(N)CCOCC1,0.179
YQDDBNQHOAEBSU-UHFFFAOYSA-N,Cc1ccc(C(=O)NCC(C)(C)N(C)C)o1,0.061
CSDQYWPSAARLOB-UHFFFAOYSA-N,Cn1c(CN2CCSCC2)cc(=O)n(C)c1=O,0.814
CPQPZEJHVYXXIM-UHFFFAOYSA-N,CCN(CC)CCn1c(=N)n(CC(O)COc2ccc(Cl)cc2Cl)c2ccccc21,0.288
WFHHOSJOWHWDDB-UHFFFAOYSA-N,CCCCCc1ccc(C(=O)NCCn2cc(CCCCCc3c[nH]c(N)n3)nn2)cc1,0.729
IGGXQCAOBXNXEZ-UHFFFAOYSA-N,CC(C)C(C(=O)Nc1ccc(S(=O)(=O)N(C)C)cc1)c1ccc(Cl)cc1,0.001
WKPWGQKGSOKKOO-RSFHAFMBSA-N,COc1cc2cc(c1Cl)N(C)C(=O)C[C@H](OC(=O)[C@H](C)N(C)C(C)=O)[C@]1(C)O[C@H]1[C@H](C)[C@@H]1C[C@@](O)(NC(=O)O1)[C@H](OC)/C=C/C=C(\C)C2,0.0
LYJBVRVJQXVVPI-YFKPBYRVSA-N,C[C@H](N)c1cccs1,0.06
AUFZZFIGVXNWER-UHFFFAOYSA-N,COc1cccc(C2=NN=C(NC3CC3)SC2)c1,0.226
QKVSDMPGNVJAJK-UHFFFAOYSA-N,CS(=O)(=O)Cc1ccccc1NCc1ccsc1,0.022
PPTNNLLFFABYFO-UHFFFAOYSA-N,CC(=O)NCC(=O)NC(C)c1nc2cc(C)ccc2[nH]1,0.161
PTWWNVABGKBAQU-YELRBHIYSA-N,CC(C)SCC(O/N=C(\C(=O)N[C@@H]1C(=O)N(OS(=O)(=O)O)C1(C)C)c1csc(N)n1)c1cc(=O)c(O)cn1O,0.435
UGOAVFCPVAZKHK-UHFFFAOYSA-N,Cc1ccc(NC(=O)Nc2c(Cl)cccc2Cl)cn1,0.004
QSPHKNNSMGVRBC-UHFFFAOYSA-N,CCCCCCCCn1c(N)nc2cc(NC(=O)c3ccc(CCCCC)cc3)ccc21.Cl,0.063
NRKYSIPNHSJOMA-UHFFFAOYSA-N,CCC(=O)N1CCN(S(=O)(=O)c2ccc(C)s2)CC1,0.163
HTKLCTGCRXWLHI-UHFFFAOYSA-N,COc1cccc(NC(=O)CNC(C)(C)C)c1,0.011
RRMIVOPNKIRXSM-UHFFFAOYSA-N,CC(C)N1CCC(C(=O)N(C)Cc2nccn2C)CC1,0.675
LQKGAMQOCAUTMO-UHFFFAOYSA-N,CCC(NC(=O)Cc1cnc[nH]c1=O)c1ccncc1,0.664
ASWIMRMQBNFVPE-UHFFFAOYSA-N,CC(C)(C)OC(=O)N1C(O)C(Cc2ccccc2)CN1S(=O)(=O)c1ccc([N+](=O)[O-])cc1,0.0
HYFHYPWGAURHIV-JFIAXGOJSA-N,COC(=O)C[C@](O)(CCCC(C)(C)O)C(=O)O[C@@H]1C(OC)=C[C@]23CCCN2CCc2cc4c(cc2[C@H]13)OCO4,0.0
SGYSGEBSDVKXPM-UHFFFAOYSA-N,CCCCc1nc(Cl)c(C2NC(=O)NC(C)=C2C(=O)OCC)n1CCF,0.007
QWZVKYBEGGMKEH-UHFFFAOYSA-N,Cc1cccc2ncn(C)c(=O)c12,0.016
BWAAKUOCGZBGIE-VWLOTQADSA-N,COc1cc2c(cc1OCCCC(=O)Nc1cc(C(=O)Nc3ccc4sc(C(=O)N5CCOCC5)cc4c3)n(C)c1)N=C[C@@H]1CCCN1C2=O,0.129
BYOIMOJOKVUNTP-UHFFFAOYSA-N,c1ccc2c(c1)COC21CCNCC1,0.643
MJIRWTSVQYYEMD-UHFFFAOYSA-N,Cc1ccc(NC(=O)CN(C)C(=O)C(C)C)cc1,0.002
WOETWXWIGRSDIE-UHFFFAOYSA-N,CNc1cnc(C#N)cn1,0.581
RIVQCJVXOUAXIS-UHFFFAOYSA-N,CCc1cc(C)c(C(=O)Nc2ccc(C(N)=O)nc2)o1,0.291
RNRDSFASSMRPKU-UHFFFAOYSA-N,Cc1nc(C(N)=O)nc2ccccc12,0.026
JFRKCSFSTFHDLN-UHFFFAOYSA-N,NC(=O)c1ccc(=O)n(Cc2ccc(Br)s2)n1,0.019
NTNHDTQXUCWRCJ-UHFFFAOYSA-N,CS(=O)(=O)NC1CCNC1,1.0
ISUJCQSOLFHMQB-UHFFFAOYSA-N,Cc1ccc2oc(-c3cc(NC(=O)Cc4ccccc4)ccc3Cl)nc2c1,0.014
CISAFUJYQGBPLZ-UHFFFAOYSA-N,CC(C)(C)C(=O)Nc1nccs1,0.0
BPKNINBFRMHMQY-UHFFFAOYSA-N,O=C1C=CC(=O)N1Cc1ccc(Cl)cc1,0.012
WIFUHGQDGIJRFP-UHFFFAOYSA-N,CNC(=O)CCC1CCCCN1,0.996
FRLWRCXCCAGCIP-UHFFFAOYSA-N,Cc1cc(NC(=O)NCc2cccc(C)n2)ccn1,0.179
NKBKRVWPGIIUGY-UHFFFAOYSA-N,CCNC1CCCc2cccnc21,0.247
YGLLSQHKTQOHIF-UHFFFAOYSA-N,CN(c1ccccc1C#N)S(C)(=O)=O,0.004
KRRIARJVNNSXJD-MNOVXSKESA-N,N[C@@H]1CC[C@@H]1NS(=O)(=O)Cc1ccccc1,0.945
PTFWYICRTCPUQP-UHFFFAOYSA-N,COCCCNCc1ccc(OC)cc1,0.009
QKWTXJSLAZKYGV-UHFFFAOYSA-N,COC(=O)c1ccc(NC(C)=O)cc1,0.002
KWKWOCBVTCCTGB-UHFFFAOYSA-N,Cn1cnc2c3c(Cl)c4ccccc4nc3ccc21,0.021
YJVLQNWUIRDZNV-UHFFFAOYSA-N,CC(C)COc1ccc(NC(=O)C2CCOC2)cn1,0.0
KPWSFVFLRLWDHX-UHFFFAOYSA-N,C=C(C)CN1CCN(CC(=C)C)C(C(=O)N(C)C)C1,0.937
XGDDVOXSAYIZRV-UHFFFAOYSA-N,COc1ccc(NC(=O)Cc2cc(OC)ccc2OC)cc1,0.002
XJLFIPBKWMQNDO-UHFFFAOYSA-N,COCC(C)(NC(=O)CCc1ccccc1Cl)C(N)=O,0.008
VQOUDUVJUBAXKV-UHFFFAOYSA-N,CNC(C)(C)CCO,0.998
UPZVFCJFEJGVSF-PKONEQLISA-N,CC[C@H](C)CCCCC(=O)N[C@@H](CCN)C(=O)N[C@H](C(=O)N[C@@H](CCN)C(=O)N[C@H]1CCNC(=O)[C@H]([C@@H](C)O)NC(=O)[C@H](CCN)NC(=O)[C@H](CCN)NC(=O)[C@H](CC(C)C)NC(=O)[C@@H](Cc2ccccc2)NC(=O)[C@H](CCN)NC1=O)[C@H](C)OC(=O)[C@@H](N)CCC(N)=O,0.531
IGQFJFFJSHSLDL-UHFFFAOYSA-N,CCCN1CCN(C2CCNCC2)CC1,0.995
IJHGKXUQHWKCCE-UHFFFAOYSA-N,COc1ccc2ncc(O)c(CCC34CCC(NCc5ccc6c(n5)NC(=O)CO6)(CC3)CO4)c2n1,0.205
WFCUGJYXFYHZHR-UHFFFAOYSA-N,COc1cc(C(=O)NC2CC2)cc(Cl)c1O,0.111
CFMDLEKMSQKSDD-UHFFFAOYSA-N,COCCn1nnc(-c2cccc(OC)c2)n1,0.013
VHULDCZYVVQQMH-UHFFFAOYSA-N,COc1ccc(-c2cc3c4nn(CC(=O)Nc5cc(OC)ccc5OC)c(=O)n4ccn3n2)cc1,0.012
XIYUXMOWSSNSGH-UHFFFAOYSA-N,Cc1cc(C)c(NC(=O)Cn2nc3c(N4CCCC(C)C4)nccn3c2=O)c(C)c1,0.009
KFNIOJLJEWEVSR-UHFFFAOYSA-N,COC(=O)c1ccccc1NC(=O)Cn1nc2c(Oc3ccc(C)cc3)nccn2c1=O,0.008
IFRAFVGTPWYBBQ-UHFFFAOYSA-N,Cc1ccc(C=C2N=C(c3ccccc3)OC2=O)cc1,0.0
CHSUYUPPFHHALU-UHFFFAOYSA-N,CCCCc1ccc(NC(=O)Cn2c(=O)c3nnc(CCC)n3c3ccccc32)cc1,0.027
MOUNJABOHJYSJO-UHFFFAOYSA-N,Nc1cc([N+](=O)[O-])ccc1N1C(=O)CCCC1=O,0.286
NVNKQKPUEKQJRM-UHFFFAOYSA-N,O=C(NCc1ccco1)Nc1ccc([N+](=O)[O-])cc1,0.027
OIQYTQWRKBYRRD-UHFFFAOYSA-N,CNc1nc(C(=O)N(C)C(C)c2ccon2)cs1,0.405
OBULIVXJNUMMAU-UHFFFAOYSA-N,Cc1cc(N(CCO)Cc2cccnc2)nc(C)n1,0.322
JEXXQWDLHIJJPK-UHFFFAOYSA-N,COCCNC(=O)COC(=O)c1ccc2ncsc2c1,0.071
SPLYXRSUMHFDJS-UHFFFAOYSA-N,Cc1noc(C)c1COc1cccc(C(=O)N=c2[nH]cccc2C)c1,0.02
PQBDEVPRPBDJFX-UHFFFAOYSA-N,Cc1nc2cc(-n3cc(COc4ccc5nc(C)n(-c6ccccc6)c(=O)c5c4)nn3)ccc2c(=O)n1-c1ccccc1,0.07
AJLFOPYRIVGYMJ-INTXDZFKSA-N,CC[C@H](C)C(=O)O[C@H]1CCC=C2C=C[C@H](C)[C@H](CC[C@@H]3C[C@@H](O)CC(=O)O3)[C@H]21,0.0
PJUHSBURXDDLKB-UHFFFAOYSA-N,CCC(NC(=O)CCSC)c1ncnn1C,0.603
ULUYEIHQKZWTFL-UHFFFAOYSA-N,O=C(NCCCNCCCCNCCCNC(=O)C(=O)c1c[nH]c2ccc(Br)cc12)C(=O)c1c[nH]c2ccc(Br)cc12.O=C(O)C(F)(F)F.O=C(O)C(F)(F)F,0.051
VCCAMOTVRSWILY-JSOSNVBQSA-N,CCCCCCCCCCCCCCCCCC(=O)Oc1ccc(C[C@H](C)[C@H](C)Cc2ccc(O)c(OC)c2)cc1OC,0.001
XZNBGOPNXXFAET-SKGSPYGFSA-N,CC(C)C[C@@H]1NC(=O)[C@H](Cc2ccc3ccccc3c2)NC(=O)[C@H](CCCNC(=N)N)NC(=O)[C@H](CCC(N)=O)NC(=O)CNC(=O)[C@H](Cc2ccc3ccccc3c2)NC(=O)[C@H](CCCNC(=N)N)NC1=O,0.129
NVDZAZXIBALFGT-UHFFFAOYSA-N,CNc1cccc2cccnc12,0.013
DEUWRRBBZOUQGG-UHFFFAOYSA-N,C[S+]([O-])c1ncn(CCC(=O)Nc2cccc(F)c2)n1,0.016
QOOPAOMWRHIYBT-UHFFFAOYSA-N,COCC(C)(CCO)NCC(=O)Nc1ccccc1I,0.038
GGOCPVIFANHDGM-UHFFFAOYSA-N,CN(C(=O)Cn1ccccc1=O)C1CCS(=O)(=O)C1,0.662
RLMAONDURKPHHT-UHFFFAOYSA-N,COc1ncccc1CN(C)S(=O)(=O)c1cccs1,0.003
XLDPIYNTRNZOKO-SJEOTZHBSA-N,CN(C)c1ccc(/C=C/c2cc(NCCCc3ccccc3)c3ccccc3[n+]2C)cc1.[I-],0.006
FKKAEMQFOIDZNY-CODXZCKSSA-M,C[C@]12C=CC(=O)C=C1CC[C@@H]1[C@@H]2[C@@H](O)C[C@@]2(C)[C@H]1CC[C@]2(O)C(=O)COC(=O)CCC(=O)[O-].[Na+],0.003
ZDAPRCXNVWSRDR-UHFFFAOYSA-N,CCOC(=O)N1CCN(C(=O)CCc2nnc3c4cc(-c5ccc(F)cc5)nn4ccn23)CC1,0.025
HPOODBWTDRQKOO-UHFFFAOYSA-N,Cn1nccc1CC1CCNCC1,0.977
WWDZIUDGOAWEQI-UHFFFAOYSA-N,O=C(c1cnsn1)N1CCN(c2ccccn2)CC1,0.441
AIZLQBCEJNTCIY-INCNWKDOSA-N,CC(C)CCOc1ccccc1-c1ccccc1OCc1cn(C[C@@H](CCCCN)NC(=O)[C@@H](CCCNC(=N)N)NC(=O)OCC2c3ccccc3-c3ccccc32)nn1.Cl.Cl,0.042
CZBSJWJMDNYWBP-UHFFFAOYSA-N,O=C(O)c1cc(-c2cccnc2)nc2c1cnn2Cc1ccncc1,0.246
MPOAGPJVTKHESF-UHFFFAOYSA-N,CCc1cc(N2CCN(Cc3ncc[nH]3)CC2)ncn1,0.644
TZVPHEKAVUIROV-UHFFFAOYSA-N,COC(=O)Nc1nc2c(C)cccc2[nH]1,0.004
WOBMKEGHBJRELE-UHFFFAOYSA-N,COc1ccc(CCNC2=NCCS2)cc1,0.021
VHQAIGFYIMYIIS-UHFFFAOYSA-N,CC(C)NC(=O)c1cccc(C(N)=O)c1,0.088
CARSFZJMGZOXPN-ZDUSSCGKSA-N,CC(=O)NC[C@H]1CN(c2ccc3c(c2)Oc2ccccc2O3)C(=O)O1,0.002
HJMXYBNPVQWRDZ-UHFFFAOYSA-N,OC(c1ccccc1)(c1ccccc1)C1CCN(Cc2ccc(-c3ccccc3)cc2)CC1,0.011
NVNJHFQMTSTZRI-UHFFFAOYSA-N,COc1ccc(C(=O)N(C)CCn2cccn2)cc1,0.024
KAVJVVVIFOIZKM-UHFFFAOYSA-N,Cn1c(=O)c2c(ncn2CCC#N)n(C)c1=O,0.085
LEHYAKNQMPDIQG-UHFFFAOYSA-N,O=C(C1CCCN1Cc1ccccn1)N1CCOCC1,0.457
RUJXIYLYASMXCR-UHFFFAOYSA-N,Cc1cc(NC(C)CO)nc2ccccc12,0.073
FFUCDNZHTZOCKV-UHFFFAOYSA-N,N#Cc1ccc2c(C(=O)C(=O)NCCCNCCCCNCCCNC(=O)C(=O)c3c[nH]c4cc(C#N)ccc34)c[nH]c2c1.O=C(O)C(F)(F)F.O=C(O)C(F)(F)F,0.27
GNJZNWFUFRHAGT-UHFFFAOYSA-N,Cc1ccncc1N1CCNCC1,0.972
SIDOLLMOSSHQGR-UHFFFAOYSA-N,CCN(CC)C(=O)c1cc(C)oc1C,0.052
ACEPGLSYFIHKNB-UHFFFAOYSA-N,NCc1cc2c([nH]c1=O)CCC2,0.893
FRSSRWCJBPVFBD-UHFFFAOYSA-N,CC1(C)N=C(N)N=C(N)N1c1ccc(OCCCOc2ccccc2)c(Cl)c1.CCS(=O)(=O)O,0.037
HZOXVRPWDPJBGA-UHFFFAOYSA-N,c1ccc(CN2CCCCC2CN2CCOCC2)nc1,0.173
QNGGHNQTYIDUMO-UHFFFAOYSA-N,CCCc1nnc2c(=O)n(CC(=O)Nc3ccc(C(C)=O)cc3)c3ccccc3n12,0.104
HBXOSTNCLIFDCJ-UHFFFAOYSA-N,Cc1noc(C)c1C(=O)NCCN1CCCCCC1=O,0.134
KORWOFIKLKGGQH-UHFFFAOYSA-N,COc1ccc2ncc(Cl)c(CCC34CCC(NCc5ccc6c(n5)NC(=O)CO6)(CC3)CO4)c2n1,0.043
KTFCSELDFDDNMO-UHFFFAOYSA-N,CCCCc1ccc(NC(=O)CSc2nc3ccccc3n3c(C(C)C)nnc23)cc1,0.004
WZMRPGJQQPGXIR-UHFFFAOYSA-N,Cc1cc(CN2CCc3ncnc(N(C)C)c3C2)on1,0.173
VLGXFONMHSHLES-UHFFFAOYSA-N,CC(C)(O)COc1ccc(S(C)(=O)=O)cc1,0.08
OGZHHNQWMSOMMN-UHFFFAOYSA-N,CN(C)C(=O)c1cccc(CC#N)c1,0.012
QOBSMGAXLCXYJJ-UHFFFAOYSA-N,Cc1ccc(CCn2ccn3cc([N+](=O)[O-])nc3c2=O)cc1,0.005
TVSXDMPNMGEQFL-UHFFFAOYSA-N,CCN(CC)C(=O)c1ccccc1N(C)S(C)(=O)=O,0.061
NFSCYDUOIFMBSA-UHFFFAOYSA-N,O=S(=O)(c1ccc(Cl)cc1)c1ccc(C2=NN3C(c4ccccc4)=CSC3N2)cc1,0.026
RNDFIDUOVAGOQF-DCIPZJNNSA-N,COc1ccccc1/C=C/C(=O)/C=C/c1ccccc1O,0.0
FZCFVGJUKDDSOZ-UHFFFAOYSA-N,O=C(Nc1nncs1)N1CCN(Cc2ccsc2)CC1,0.836
BERATYJEEPMBPV-UHFFFAOYSA-N,CN1CCN(S(C)(=O)=O)c2ccccc2C1,0.617
QJFCFDAKSXPGJP-JXDSQHKYSA-N,CN(C)Cc1ccc2cc3c(c(O)c2c1)C(=O)C1=C(O)[C@]2(O)C(=O)C(C(N)=O)=C(O)[C@@H](N(C)C)[C@@H]2C[C@@H]1C3,0.978
RETIMRUQNCDCQB-UHFFFAOYSA-N,Cc1cccc(C)c1NC(=O)C1CCCCN1C.Cl,0.02
TUSPQFBMQKZVAL-UHFFFAOYSA-N,c1cc(-c2nn[nH]n2)ccc1-c1nn[nH]n1,0.998
XAYQDTYBTYHZNN-UHFFFAOYSA-N,CCCCCc1ccc(C(=O)NCCn2cc(CCCCCc3cn(C4CC4)c(N)n3)nn2)cc1.Cl,0.488
RVBSHRUYJYRNJW-MDZDMXLPSA-N,Cc1c(CN(C)C(=O)/C=C/c2cnc3c(c2)C(C)(C)C(=O)N3)oc2ccccc12,0.003
NTQAZLHHSFWLLZ-HZPDHXFCSA-N,CN(C)[C@@H]1CN(Cc2ccccc2C#N)CC[C@@H]1CO,0.9
DUULYRKQZCMHPF-UHFFFAOYSA-N,O=C1CCC(CO)(c2ccccc2)CN1,0.702
PLBZLHAXEIRBPK-UHFFFAOYSA-N,Cc1ncc(CN2CCn3ccnc3C2)s1,0.639
YBBWTVGRVHTTDD-MOSHPQCFSA-N,Cc1cc(/C=C2\S/C(=N\c3ccccc3)NC2=O)c(C)n1-c1ccc(C(F)(F)F)cc1,0.003
JHUGVNMZHNUHGP-OAHLLOKOSA-N,O=C1O[C@@H](CO)CN1c1ccc(-c2ccnc(N3CCCC3)c2)c(F)c1,0.005
DEHRPAGONRZGJJ-UHFFFAOYSA-N,Cc1nccc(O)c1OCC(=O)Nc1ccncc1,0.485
KLSHBXSMQKOREL-UHFFFAOYSA-N,CC1=NN(C(=O)Cn2cc(C)cn2)C(O)(C(F)F)C1,0.134
SEYZOVYXWWFKGO-UHFFFAOYSA-N,Cc1n[nH]cc1CNCCCN1CCCC1=O,0.938
LCFRTZBAWQDNQL-MSOLQXFVSA-N,CCCCCCCN1C(=N)NC[C@@H]1CCCCN1C[C@@H](CCC)NC1=N,0.962
QOXVAGJFVJKLFF-UHFFFAOYSA-N,CCNc1ncc(C(=O)NCc2ccncc2)cn1,0.222
CTQOYESIKDMYGL-UHFFFAOYSA-N,CN(CCCN)C(=O)CCCn1ccnc1,0.987
CPKPLMIACZZOMF-UHFFFAOYSA-N,Cc1cccc(Oc2nccn3c(=O)n(CC(=O)NCCCc4ccccc4)nc23)c1C,0.017
LRYNWQXYHSVEDL-UHFFFAOYSA-N,N#Cc1ccc(NC(=O)NCc2cncnc2N)cc1,0.154
NAXGQPINKHFVKC-UHFFFAOYSA-N,CCNC(=O)CN1CCN(c2cc(C)nc(C)n2)CC1,0.725
OZQVCBKJJUMZKM-UHFFFAOYSA-N,CNC(=O)CCNCc1ccc(Br)cc1,0.011
KWYSGKBGRUHYCU-RYUDHWBXSA-N,CCN(C(=O)COc1ccccc1Cl)[C@H]1COC[C@@H]1O,0.038
UPUSDGHTJSUHME-UHFFFAOYSA-N,O=C(Cn1ccnc1)Nc1ccc(F)cc1,0.042
ZNGDCPZPMYRCLZ-UHFFFAOYSA-N,O=S(=O)(NC1CC1)c1cccs1,0.476
UHNFOGGKSGYYBN-UHFFFAOYSA-N,Cc1c(C(=O)N(CC2CCOC2)C2CC2)cnn1C,0.116
FXWRUNXMOLCZEE-UHFFFAOYSA-N,C=Cc1ccc(CCN)cc1,0.122
JUIIMLZQLAZPDH-OLZOCXBDSA-N,Cn1cc(CCC(=O)N2C[C@H](C3CC3)[C@@H](N)C2)cn1,0.943
CZNIRQMVWKWRPN-UHFFFAOYSA-N,CNC1CC(=O)N(Cc2ccccc2)C1=O,0.573
GXPNJFMKOZQCKE-UHFFFAOYSA-N,CCCc1nnc(NCCc2ccnn2C)o1,0.245
VDTMKYQLLVZDID-UHFFFAOYSA-N,O=C1CNCCN1Cc1ccccc1F,0.438
FQXGAKQKUSKRSQ-UHFFFAOYSA-N,CC(NC(=O)CCCn1cncn1)c1cnn(C)c1,0.776
ZLXXCAUZZYFHLE-UHFFFAOYSA-N,O=C(Nc1ncccn1)OCc1ccccc1,0.004
FITUMOVAIJRMJA-UHFFFAOYSA-N,CCOc1ncccc1C(=O)N1CCCN(CC)CC1,0.24
ANDMIYNRUJEEMJ-UHFFFAOYSA-N,Cn1ccnc1CN(CCO)CC1CC1,0.894
MZUPUIOJKDNYMB-UHFFFAOYSA-N,CCOC(=O)CC1(C)NC(C(=O)O)C(C)(C)S1,0.99
ABNOVCYQWFZTPI-UHFFFAOYSA-N,OCCCNCC(F)(F)F,0.012
FTFCBGPPKMZIPK-UHFFFAOYSA-N,CC(O)(CNc1ncccc1F)C1CCCC1,0.004
LJGNTPXJDGOXRO-UHFFFAOYSA-N,COCCCNCc1ccc2c(c1)OCCO2,0.001
HBEVKPPOXABVBA-BDAKNGLRSA-N,Cc1nc(N)sc1C(=O)N1C[C@H](C2CC2)[C@@H](N)C1,0.942
DVIKANWXDINGHK-UHFFFAOYSA-N,CCC(C)(N)c1nc(COC)cc(=O)[nH]1,0.728
SVQQZUACMXQWBD-UHFFFAOYSA-N,CCCc1nccn1-c1ccnc(NS(=O)(=O)c2ccc(N)cc2)n1,0.154
IMEFHYRQGSBUQA-BDAKNGLRSA-N,Cc1c([C@@H]2OCC[C@H]2N)cnn1C,0.963
YAUZBTIYJYBTBR-UHFFFAOYSA-N,O=S(=O)(c1ccc2nsnc2c1)N1CCOCC1,0.052
NCLWFNRQOFPDDE-UHFFFAOYSA-N,Cc1cc(C(=O)NCc2ncnn2C)c(C)cc1Br,0.003
VNMQXUUZAKALKK-MNOVXSKESA-N,N[C@H]1CN(C(=O)Cn2cc(Cl)cn2)C[C@@H]1C1CC1,0.811
ZUJFINUSULUXKT-UHFFFAOYSA-N,O=C(CSc1nnc2c3cc(-c4ccccc4)nn3ccn12)NCc1ccc(Cl)cc1,0.023
WFAHPZSKZQQOQF-UHFFFAOYSA-N,COc1ccc(C(=O)Nn2cnnc2)cc1OC,0.427
SUDCHSGYTNJRPR-UHFFFAOYSA-N,CC(=O)N1CCC(CN(C)Cc2ccc(Br)o2)C1,0.155
ROBUXNZPPWMZQE-UHFFFAOYSA-N,Clc1ccnc(N2CCCC2)c1,0.001
NZNHAKSGYVELLB-UHFFFAOYSA-N,CS(=O)(=O)CCSCC(=O)Nc1ccccc1,0.076
VFIVWSJXCUWHMX-UHFFFAOYSA-N,O=C(NCCn1cc(Cc2c(Br)[nH]c3ccccc23)nn1)c1ccccc1F,0.021
HHEQCIZTLNCHPG-UHFFFAOYSA-N,C=C(C)CNC(=O)NCCC(=O)NC1CCCC1,0.836
RPGBGSVWCXFHTB-UHFFFAOYSA-N,O=C(CCc1nnc(-c2ccsc2)o1)NC1=NCCS1,0.151
WGQZIDDGDQPMNB-UHFFFAOYSA-N,CC1CCC(NC(=O)c2ccc(S(N)(=O)=O)cc2)CC1,0.527
DBYLMNBUAQQWSD-ZIAGYGMSSA-N,O=C(Cc1c[nH]c2ccccc12)N[C@@H]1CCOC[C@H]1O,0.366
DGMPVYSXXIOGJY-UHFFFAOYSA-N,CCCCc1ccc(C(=O)O)nc1,0.223
BCQNKYXHWFDQPF-UHFFFAOYSA-N,CC(=O)c1cc(CN2CC(N3CCOCC3)C2)n(C)c1,0.872
AQWAMSQUPMXIIA-JLGVQSOYSA-N,CCCCCCc1ccc(-c2ccc(C(=O)N[C@@H](CCCN)C(=O)N[C@H](C(=O)N[C@@H](C)C(=O)N[C@H]3Cc4cn(nn4)CCN4C[C@@H]5OB(O[C@@H]5C4)[C@H](C)NC3=O)[C@@H](C)O)cc2)cc1,0.789
HHVHCIGHFCLSQW-UHFFFAOYSA-N,CCCOc1cccc(NC(=O)C(C)n2cncn2)c1,0.023
OCBNKFIYGWYICX-AATRIKPKSA-N,COc1ccc2c(c1)cc(/C=C/[N+](=O)[O-])n2C,0.0
BWVWHGCAQNBCLQ-OUKQBFOZSA-N,O=c1c2ccccc2nc(/C=C/c2ccccc2[N+](=O)[O-])n1-c1cccc(O)c1,0.012
UOAGQXZBTMNDDE-UHFFFAOYSA-N,COc1ccc(NC(=O)CCN2CCCSCC2)cc1,0.035
LABQXQWLYZVERI-UHFFFAOYSA-N,O=C(CN1CCn2ccnc2C1)NCc1ccco1,0.75
INKVBISWADOENN-UHFFFAOYSA-N,O=C(CCc1nnc2c3cc(-c4ccc(F)cc4)nn3ccn12)N1CCC(Cc2ccccc2)CC1,0.019
ZJTJUVIJVLLGSP-UHFFFAOYSA-N,Cc1cc2nc3[nH]c(=O)[nH]c(=O)c3nc2cc1C,0.151
PIZVFNUFIGSNOJ-JHOILYSLSA-N,CC(C)CCCCC(=O)N[C@@H](CCN)C(=O)N[C@H](C(=O)N[C@@H](CCN)C(=O)N[C@H]1CCNC(=O)[C@H]([C@@H](C)O)NC(=O)[C@H](CCN)NC(=O)[C@H](CCN)NC(=O)[C@H](CC(C)C)NC(=O)[C@@H](Cc2ccccc2)NC(=O)[C@H](CCN)NC1=O)[C@@H](C)OC(=O)[C@@H](N)C(C)C,0.362
PYJUUDMSMNPYDZ-UHFFFAOYSA-N,CC(C(N)=O)S(=O)(=O)Cc1ccc(Br)s1,0.014
KLLLJCACIRKBDT-UHFFFAOYSA-N,c1ccc(-c2cc3ccccc3[nH]2)cc1,0.002
STTADZBLEUMJRG-IKNOHUQMSA-N,Br.COc1ccc2c(c1)[C@]13CCCC[C@@H]1[C@H](C2)N(C)CC3.O,0.33
SYTDAWJMOLIFKR-UHFFFAOYSA-N,CC(C)(CNC(=O)C(C)(C)C)CNC(=O)C(C)(C)C,0.0
XZTCHRACVNJTBK-RKWRKANPSA-N,O=c1ccc2ncc(F)c3c2n1C[C@@]3(O)CC12CCC(NC/C=C/c3ccccn3)(CC1)CO2,0.151
MURKCEKKPHFPGV-UHFFFAOYSA-N,COc1ccc2cc1Oc1cc(ccc1OC)CCC(OC(=O)Cc1ccccc1)CCCC2,0.0
TUWLYFAEAPMOJS-UHFFFAOYSA-N,COCc1cc(O)ncn1,0.647
BUZAJRPLUGXRAB-UHFFFAOYSA-N,Cc1c(C(=O)NN2CCCCC2)nn(-c2ccc(Cl)cc2Cl)c1-c1ccc(I)cc1,0.002
OEIIMKREKVDEAO-UHFFFAOYSA-N,COc1cc(CN)ccc1OCC(N)=O,0.936
PEYUFDRUMXHAQC-UHFFFAOYSA-N,CNC(=O)c1cccc(NCc2c(C)noc2C)c1,0.023
SHFPPYKRRSXLLG-YCHCEJIKSA-N,CCCCCCCC(=O)NCC(=O)N[C@@H](CCN)C(=O)N[C@H](C(=O)N[C@H]1CCNC(=O)[C@H]([C@@H](C)O)NC(=O)[C@H](CCN)NC(=O)[C@H](CCN)NC(=O)[C@H](CC(C)C)NC(=O)[C@@H](Cc2ccccc2)NC(=O)[C@H](CCN)NC1=O)[C@@H](C)O,0.647
WWTIYAQEOJDAPY-UHFFFAOYSA-N,COc1ccc2c(c1)CN(C(=O)C1CCCOC1)CC2,0.014
VZJMIYLTPATHJF-UHFFFAOYSA-N,N=C(Nc1nc(-c2ccccn2)cc2ccccc12)c1ccccn1,0.114
HURLLCJYGATXPR-UHFFFAOYSA-N,CC(O)CC(C)(C)CN,0.998
AHJHXLBVCPEERJ-UHFFFAOYSA-N,CC(=O)N1CCc2[nH]c3ccccc3c2C1,0.284
CJUQZZWQDBCQJA-UHFFFAOYSA-N,COc1cccc(-n2ccn3c(SCC(=O)NCc4ccc(Cl)cc4)nnc3c2=O)c1,0.015
KJHIZYQJIJRUCX-UHFFFAOYSA-N,CCc1c(C)nc(-n2nc(C)cc2NC(=O)c2ccccc2SC)[nH]c1=O,0.088
WQSYUXTWMKFDLH-UHFFFAOYSA-N,CC(=O)N1CCc2cc(C(=O)N(C)C)ccc21,0.403
JSPVBLCPCMQYSO-UHFFFAOYSA-N,CCN(c1ccccc1)c1nc(Cl)nc2c1cnn2C,0.005
QYGCRZARFUVKLC-UHFFFAOYSA-N,CC(N)c1noc(-c2ccccc2)n1,0.012
XJOLZGNBOXJMQY-UHFFFAOYSA-N,OCC1CCCN(Cc2ccc(O)cc2)C1,0.655
JPWHIKJDLCPEEM-UHFFFAOYSA-N,CC(=O)Nc1ccccc1C(=O)N(C)C,0.133
WZNCYMHOYWBPDS-UHFFFAOYSA-N,CC(C(N)=O)S(=O)(=O)c1ncccc1Cl,0.072
UUANWYNEXZXNGC-UHFFFAOYSA-N,Cc1ccc(NC(=O)CN2CCNC(=O)C2)c(Cl)c1,0.156
FPVNXBNJCSHELP-MWLCHTKSSA-N,N[C@@H]1CCO[C@H]1c1ccnn1CC1CC1,0.818
ZVMBNIPLWQTADX-UHFFFAOYSA-N,COc1cccc(Nc2ccccc2)c1-c1ccc([N+](=O)[O-])cc1,0.003
PBJJLCCOISGRBR-UHFFFAOYSA-N,CCc1cc2c(=O)n(CCN3CCNCC3)cnc2s1,0.911
DTWGFNBKPLPRDW-UHFFFAOYSA-N,COc1ccc2c(c1)CN(C(=O)c1ccccn1)CC2,0.026
LWEOFVINMVZGAS-UHFFFAOYSA-N,OCCCN1CCNCC1,1.0
BGKPWPDOYDZTFI-UHFFFAOYSA-N,N=C(N)NCCCCN1C(=O)N(CCCCNC(=N)N)C(=O)C(Cc2ccc(Br)c(Cl)c2)(Cc2ccc(Br)c(Cl)c2)C1=O.O=C(O)C(F)(F)F.O=C(O)C(F)(F)F,0.018
BEHNKMNOBMEIPZ-JRUHLWALSA-N,CCCNc1cc(/C=C/c2ccc(N(C)C)cc2)[n+](C)c2ccccc12.[I-],0.009
LEYCRRFDWYPWQK-UHFFFAOYSA-N,N=c1n(CCCOc2ccc(Cl)cc2Cl)c2ccccc2n1CCN1CCOCC1.O=C(O)C(F)(F)F,0.028
RVBVQBYYWQSUAB-UHFFFAOYSA-N,NC1CNCCNC1,1.0
AGYCZXTXPNQVHB-UHFFFAOYSA-N,CCN1CCC(CNC(=O)c2ccncc2F)C1,0.513
POENRVBNQIKKKN-UHFFFAOYSA-N,O=C(NCCN1CCCCC1)NCC1CCS(=O)(=O)C1,0.926
FKZIHJDQFHKWEE-UHFFFAOYSA-N,C[Si]1(C)OB(O)c2ccc(C(F)(F)F)cc21,0.019
GSWPDYQUMLQZAL-UHFFFAOYSA-N,Cc1cccc(NC(=O)C2CCN(CCCO)CC2)n1,0.779
LLQBSQDQAWVALY-UHFFFAOYSA-N,CCCCCCc1cnc(N)n1Cc1ccccc1.Cl,0.067
DTFBQVLNVYUNQW-DTWKUNHWSA-N,O=C(N[C@@H]1CNC[C@H]1CO)C1CCC1,0.987
AIQFWGHZZVQUGY-UHFFFAOYSA-N,CC1CCN(C(=O)CNS(=O)(=O)c2ccccc2)CC1,0.067
CFDFXFORLGTQCQ-UHFFFAOYSA-N,O=C1NCCC1C1(O)CCOCC1,0.905
SHTAFWKOISOCBI-UHFFFAOYSA-N,CCOC(=O)C1(c2ccccc2)CCN(CCC(C#N)(c2ccccc2)c2ccccc2)CC1.Cl,0.005
GMHGKHUFFLBWHU-NVMNQCDNSA-N,O=C(/C(=C/c1csc2ccccc12)n1cnc2cc(Cl)ccc2c1=O)c1nccs1,0.005
KVZISRSXNDKCGO-UHFFFAOYSA-N,CCCn1c(=O)c2sccc2n2c(=O)n(CC(=O)c3cc(C)ccc3C)nc12,0.033
DBPGMSYKGUQMMM-UHFFFAOYSA-N,CC(C)(C)c1[nH][nH]c(=O)c1CCN,0.033
IEQKIMBCJWERMO-UHFFFAOYSA-N,CN(CC(=O)NC(C)(C)C)C(=O)c1cncc(Br)c1,0.001
NPBUMVMXXGQOEG-UHFFFAOYSA-N,Cc1noc(CN)n1,0.535
MYOGCCRCMAOPEH-QRVIBDJDSA-N,O=C(/C(=C/c1ccc(Br)cc1)Oc1ccc2c(CN(CCO)CCO)cc(=O)oc2c1)c1nccs1,0.022
VPUMALKGEMPTIH-UHFFFAOYSA-N,Fc1cccnc1NCc1cccc2c1OCCCO2,0.0
VWRQCJRTHKUVNF-UHFFFAOYSA-N,OC(C#Cc1ccccc1)(c1ccccc1)c1ccccc1,0.003
QZNCTJJPONPRMH-UHFFFAOYSA-N,CC(=O)Nc1ccc(-n2cncn2)nc1,0.712
NLCQTXHBBVFDPF-UHFFFAOYSA-N,COCC(O)CN(C)C(=O)Cc1cc(Cl)ccc1Cl,0.043
YJXJLESRRZVQPW-UHFFFAOYSA-N,COC(=O)c1cnc2[nH]nc(C)c2c1,0.001
XOIIMBMFUNMUTA-UHFFFAOYSA-N,N#CCCNCC1CCOC1,0.913
KWUIUZNTUGNFOF-UHFFFAOYSA-N,c1coc(CNCC2CCCO2)c1,0.041
MTPVEGLFMUSMEF-UHFFFAOYSA-N,CC(C)c1ccc(C(N)CNS(C)(=O)=O)cc1,0.469
RVFUNJWWXKCWNS-UHFFFAOYSA-N,CCN(CC)CCNC(=O)c1cc(Cl)c(N)cc1OC.Cl,0.199
KXCFZIVKJRDVEX-UHFFFAOYSA-N,NCC(CO)Cc1ccncc1,0.964
RKTKAMCIUUUJBZ-UHFFFAOYSA-N,CCc1nccc(CN2CCC(NC(C)=O)C2)n1,0.902
GGCNDTDZDXKCKW-UHFFFAOYSA-N,Cc1cc(C(=O)N2CCCNCC2)c(F)cc1F,0.303
XJNUHVMJVWOYCW-GBNZRNLASA-N,Cl.O[C@@H]1CCCC[C@H]1N1CCC(c2ccccc2)CC1,0.008
VXQWAFKLHFMTNG-UHFFFAOYSA-N,Cc1nc(CN2CCN(CC3(O)CCNC3)CC2)cs1,0.993
PGLWHWVPDJQHRX-UHFFFAOYSA-N,CCc1ccccc1Sc1nccn2c(=O)n(CC(=O)Nc3cccc(C)c3)nc12,0.014
VHAFWUDSWAGTJW-UHFFFAOYSA-N,COCC1=Nc2ccccc2CN1,0.036
JDMRPTSLBHFQQV-UHFFFAOYSA-N,C1COC(CN2CCCNCC2)C1,0.99
VLXIHKQJPCMDML-UHFFFAOYSA-N,O=C(NCCO)Nc1cc(F)ccc1N1CCCCC1,0.113
USFPMJJSKRRNPR-UHFFFAOYSA-N,NC1CCCN(C2CCCCC2)C1=O,0.552
OZVXTNDTEWDMGH-UHFFFAOYSA-N,Cn1cc(C(N)CO)cn1,0.997
LERUNZMFAXPXIZ-UHFFFAOYSA-N,COc1cc(NC(=O)CSc2nnc3c(=O)n(-c4ccc(C)c(C)c4)ccn23)cc(OC)c1,0.01
SACWRDOLURRAEB-UHFFFAOYSA-N,CC(C)N1CCC(NC(=O)c2ccc3[nH]nnc3c2)C1,0.974
OBDJQQGOWYVQMC-UHFFFAOYSA-N,Cc1nonc1OCCNC(=O)CN1CCOCC1,0.281
PKLHHIKWRAZZSC-UONOGXRCSA-N,CO[C@@H]1CN[C@@H](C(=O)NCCCc2cccc(F)c2)C1,0.102
UXNNKEDKNRPGDV-UHFFFAOYSA-N,Cc1nn(C)c(C)c1CCC(=O)NCC1CCCO1,0.072
DLGMVKDCPVVQJQ-HPRDVNIFSA-N,[2H]C([2H])([2H])Nc1cc(F)cc2c1[nH]c1nc(Oc3cnc(C)nc3)nc(N3CC(=C(CC)CN)C3)c12,0.813
JWCSIUVGFCSJCK-CAVRMKNVSA-N,CO[C@@]1(NC(=O)C(C(=O)O)c2ccc(O)cc2)C(=O)N2C(C(=O)O)=C(CSc3nnnn3C)CO[C@@H]21,0.96
DQMWMUMCNOJLSI-UHFFFAOYSA-N,NC(=S)NC(=O)c1ccccc1,0.309
SLCXEKBKTJKNQQ-UHFFFAOYSA-N,COc1ccc(CN2CCOC(C(N)=O)C2)cn1,0.135
INQONUZORXTJKZ-UHFFFAOYSA-N,CC1C(=O)N(Cc2ccc(OCCN3CCOCC3)cc2)C1(Cc1ccccc1)C(=O)O,0.072
XFVPUIRKLTWLFA-UHFFFAOYSA-N,CC(NC(=O)c1cc(N(C)C)ccn1)c1ncon1,0.025
SLXUJHCHKLQTPI-UHFFFAOYSA-N,Cc1csc(NC(=O)CN2CCn3ccnc3C2)n1,0.931
VSNXXQCIDZDDSG-UHFFFAOYSA-N,COc1cc(NC(=O)CSc2nnc3c(=O)n(-c4ccccc4)ccn23)cc(OC)c1,0.015
SQJUWOOEEHEZRW-UHFFFAOYSA-N,Cc1cnn(CC(=O)NC2CCc3c(O)cccc32)c1,0.183
XQIAOFNLOSZVBJ-UHFFFAOYSA-N,CCOC(=O)c1cnn(-c2ccc(Br)cn2)c1N,0.001
PSMBKEXPFLAAKM-UHFFFAOYSA-N,O=c1n(Cc2cccc(Cl)c2)nc2ccc(-c3ccccc3)nn12,0.014
FBCHNVSSPQNPKT-UHFFFAOYSA-N,NC1CCCN(c2noc(-c3ccccc3)n2)CC1,0.231
IKGXIBQEEMLURG-NVPNHPEKSA-N,C[C@@H]1O[C@@H](OC[C@H]2O[C@@H](Oc3c(-c4ccc(O)c(O)c4)oc4cc(O)cc(O)c4c3=O)[C@H](O)[C@@H](O)[C@@H]2O)[C@H](O)[C@H](O)[C@H]1O,0.918
ODUNXFWZCCVAFI-UHFFFAOYSA-N,CC(NC(=O)c1ncc([N+](=O)[O-])n1C)c1ccc(F)cc1,0.003
KCIUNFUNNCNYJF-ZETCQYMHSA-N,CCS(=O)(=O)N1CC(F)(F)C[C@H]1c1nc(C)no1,0.023
KWQYIBRKCMDPKA-UHFFFAOYSA-L,CCCCCC[N+](CCCCCC)(CCCCCC)CCCCCCCCCC[P+](CCCCCC)(CCCCCC)CCCCCC.[Br-].[Br-],0.002
FNYXGWPMUYUTEW-UHFFFAOYSA-N,CCn1cc(Br)c(=O)c(NC(=O)c2cc(C)on2)c1,0.009
IKTMGLOLBNFYBA-QMRJJIQGSA-N,Nc1nc(/C(=N/Oc2ccccc2)C(=O)N[C@@H]2C(=O)N(S(=O)(=O)O)[C@@H]2CNC(=O)NCc2cc(=O)c(O)cn2O)cs1,0.579
OGBAYGZWFQBRNU-UHFFFAOYSA-N,CS(=O)(=O)CCCNc1ccccc1F,0.008
OWLKMGXECCVTPA-UHFFFAOYSA-N,CNC(=O)C1(C)CCN(C(=O)c2n[nH]c(N)c2Cl)CC1,0.213
RLBXNYCARFXYIU-BHDAINGDSA-N,CO[C@H]1CC=C2C(=O)c3c(cc(C)c(-c4c(C)cc5c(c4O)C(=O)C4=CC[C@H](OC)[C@H](O)[C@]4(C)O5)c3O)O[C@@]2(C)[C@@H]1O,0.008
CSCUIKCCBTYIMH-UHFFFAOYSA-N,COc1cc(CN(C)C)ccc1O,0.648
XKKYZUUXPZWFHQ-UHFFFAOYSA-N,c1ccc(-c2nnc3oc(-c4cccs4)nn23)cc1,0.006
TWXHOSPGOFLPKU-UHFFFAOYSA-N,O=S(=O)(Nc1ccc(-c2nc3cc(NS(=O)(=O)c4cccc5nsnc45)ccc3o2)cc1)c1cccc2nsnc12,0.116
IOQXFDQOXKEVAF-SDNWHVSQSA-N,O=C(/C=C/c1ccccc1Cl)c1ccc(Nc2nc3ccccc3o2)cc1,0.003
KDZZWZVDEDMULO-UHFFFAOYSA-N,CC(C)(CO)NCC(O)c1cccc(F)c1,0.634
XHEBIULWCXDAMO-UHFFFAOYSA-N,COCCN(CC(N)=O)S(=O)(=O)c1cccc(C)c1,0.043
VYVPWGVXOHZRRQ-MNOVXSKESA-N,O=C(Cn1cccnc1=O)N1[C@H]2CCNC[C@@H]1CC2,0.992
VXDUVINZNILVIC-UHFFFAOYSA-N,CN(C)S(=O)(=O)NCCN,0.993
WVYFSSHQFLNEMD-UHFFFAOYSA-N,COCC(C)N(C)C(=O)c1cc(-c2ccc(C)s2)[nH]n1,0.007
HYNCRIXZPRIMBU-UHFFFAOYSA-N,Cc1cc(NC(=O)CCNC(=O)C2CCCC2)n(C)n1,0.39
GXOLKDKCZWHIKQ-UHFFFAOYSA-N,O=C(O)c1ccc(Cl)cc1NCc1ccc(Sc2ccc(Cl)c(Cl)c2)c([N+](=O)[O-])c1,0.004
AOTUVEVKKXNPKA-NALGKMIZSA-N,COC(=O)C[C@H]1[C@H](/C=N\NC(=O)c2ccncc2)[C@@H](O[Si](C)(C)C(C)(C)C)C[C@@H]1Cl,0.004
PXNMNRMWWDKFPE-UHFFFAOYSA-N,CN(CC(N)=O)C(CCO)c1ccccc1,0.931
ZVCSXSWPMDRIIL-UHFFFAOYSA-N,COc1ccc(OC(=O)Nc2ccc([N+](=O)[O-])cc2OC)cc1,0.001
HGDCRMOPVMHNLX-UHFFFAOYSA-N,CS(=O)(=O)Nc1ccc(-c2nc3cc(NS(C)(=O)=O)ccc3o2)cc1,0.679
VACDYCRDTCUYGE-UHFFFAOYSA-N,CN(C)c1ccc(NC(=O)c2ccc(Cl)o2)cn1,0.014
CNLUJDWHUYJSJZ-UHFFFAOYSA-N,CCNC(=O)Oc1cccnc1O,0.147
UQGKUQLKSCSZGY-UHFFFAOYSA-N,CCCc1nc(C(C)(C)O)c(C(=O)OCc2oc(=O)oc2C)n1Cc1ccc(-c2ccccc2-c2nnn[nH]2)cc1,0.183
YIXFOMCMLRKSNX-UHFFFAOYSA-N,CCOC(=O)c1cc2cc(OC(=O)Oc3ccc([N+](=O)[O-])cc3)ccc2[nH]1,0.001
TWDSHCWBMKCJOR-KOVWWDFRSA-N,CN1C=C2C[C@@H]3[C@H](C[C@@H](CNC(=O)/C=C/c4ccc(Cl)cc4)CN3C)C3C=CC=C1C23,0.0
MJYBERRESLTWIM-UHFFFAOYSA-N,CC(C)C(=O)NCCCNC(=O)N1CCC=C(Br)C1,0.006
ZLHZLMOSPGACSZ-NSHDSACASA-N,O=[N+]([O-])c1cn2c(n1)OC[C@@H](OCc1ccc(OC(F)(F)F)cc1)C2,0.001
HCGHPNOUSMVGBR-UHFFFAOYSA-N,CCc1ccc(N(Cc2ccccc2)S(=O)(=O)c2cccn3c(C)nnc23)cc1,0.005
BZUUTGWBZYOHDM-HAQNSBGRSA-N,O=C(N[C@H]1CC[C@H](O)CC1)c1ccccc1,0.404
VNOBACPLPRWLDD-UHFFFAOYSA-N,O=C(NCC1(CO)CC1)OCc1ccccc1,0.002
HHVUVBZOZXNSCX-UHFFFAOYSA-N,O=C(c1cccs1)N1CCN(C(=O)C2CCCO2)CC1,0.304
YORMATAXHWPXGT-UHFFFAOYSA-N,CN(C)CC(N)c1ccco1,0.992
IAGCFASKOAWPMW-UHFFFAOYSA-N,CC1(C)CNC(=O)c2nc(CCN3CCCC3)[nH]c2C1,0.411
AWUYKPXESMVWAP-UHFFFAOYSA-N,CC(C)c1ccc(N(Cc2cc(F)cc(F)c2)S(=O)(=O)c2cccn3cnnc23)cc1,0.002
VIUHJEYRGSUXOI-UHFFFAOYSA-N,COc1cccc(N2CCNCC2C)c1,0.313
PZTNLCIXYNAAAX-UHFFFAOYSA-N,O=C(CCc1nnc2c(N3CCCCC3)nc3ccccc3n12)NCCc1ccc(Cl)cc1,0.014
KAZMCIGKULUUMR-UHFFFAOYSA-N,Cc1ccc(N)nn1,0.954
XZZGOTGAUFYWKG-UHFFFAOYSA-N,CCc1ncnc(N(CC)CC(N)=O)c1F,0.163
QAROCPJEUJODHA-UHFFFAOYSA-N,CC(C)(C)NC1=NCCNC(c2ccccc2)=C1.CS(=O)(=O)O,0.007
PCBWRBOAOYBSFD-OTYWXXTKSA-N,CC(C)C[C@H](NC(=O)[C@H](Cc1c[nH]c2ccccc12)NC(=O)CN)C(=O)N[C@@H](CCCCN)C(=O)N[C@@H](CCCNC(=N)N)C(=O)N[C@@H](Cc1c[nH]c2ccccc12)C(=O)N[C@@H](CCCCN)C(=O)N[C@H](C(=O)N[C@@H](CC(C)C)C(=O)N[C@@H](Cc1c[nH]c2ccccc12)C(N)=O)[C@@H](C)O,0.171
YYXDQRRDNPRJFL-UHFFFAOYSA-N,N#Cc1cccnc1N,0.13
QGHQTXTUYHRMBI-UHFFFAOYSA-N,CCCc1nc(CN2Cc3ncccc3C2=O)cs1,0.317
ODAUWESXUCMNQA-UHFFFAOYSA-N,CC(C)OC(=O)c1cccnc1NCc1ccncc1,0.001
LFMYNZPAVPMEGP-PIDGMYBPSA-N,COCCCC/C(=N\OCCN)c1ccc(C(F)(F)F)cc1.O=C(O)/C=C\C(=O)O,0.012
DBMVAWDROSYMOP-UHFFFAOYSA-N,Cc1cccnc1CNc1ncnc2nc[nH]c12,0.053
UHGSMCVCGLSUOE-UHFFFAOYSA-N,O=C(O)c1cc(-c2ccc(CO)cc2)nc2c1cnn2Cc1ccncc1,0.557
SRTNEQSPQAWJHW-UHFFFAOYSA-N,Cc1ccccc1Nc1ccccc1-c1ccc([N+](=O)[O-])cc1,0.002
OQVWKPSQVYDJHR-UHFFFAOYSA-N,Cn1ccc(CNC(=O)c2cccnc2C(F)(F)F)c1,0.02
KGTCXUVNIBOXQA-UHFFFAOYSA-N,CC(=O)c1csc(C)c1,0.004
HFHKRYREBJSPFZ-UHFFFAOYSA-N,COCCN(C(=O)Cc1cccc(C)c1)C(C)C(N)=O,0.278
MBWXNTAXLNYFJB-UHFFFAOYSA-N,CC1=C(CC=C(C)CCCC(C)CCCC(C)CCCC(C)C)C(=O)c2ccccc2C1=O,0.0
DESQUQJVIHLQJU-JTQLQIEISA-N,C[C@H](N)c1cccc(OCCN(C)C)c1,0.907
TVFKOQNEHZEDOF-UHFFFAOYSA-N,COc1ccc2nc(C)cc(OCC(=O)NCc3ccccc3)c2c1,0.02
IMTPCXZHFKCADN-UHFFFAOYSA-N,COc1ccc(C(=O)CSc2nnc3c(=O)n(-c4cccc(OC)c4)ccn23)cc1,0.012
XBYPRBJGQHLXHO-UHFFFAOYSA-N,C=C(C)CCOC(=O)c1cc(C(N)=O)cs1,0.004
OPJAAOUABCWNKP-UHFFFAOYSA-N,COc1ccc(SCC(=O)N2c3ccccc3Sc3ccccc32)cc1,0.001
MMPJDGQUUIZMGJ-UHFFFAOYSA-N,C#CCN1CCc2nc3nc(N4CCCC4)c(C#N)cc3c(N)c2C1,0.158
AFGGGSIYCGXXQY-UHFFFAOYSA-N,Cn1ncc2c(N3CCCC3)nc(NCCO)nc21,0.298
SASSSFJSYMOFHX-UHFFFAOYSA-N,Cc1ccoc1C(=O)NCc1cccc(S(N)(=O)=O)c1,0.315
KLWRPUFCSYVCQM-UHFFFAOYSA-N,CNC(=O)c1ccc(NC(=O)N(C)CCOC)cc1,0.26
MMSRGBOXMVSUGD-UHFFFAOYSA-N,NCCC1(O)CNC1,1.0
LTKRJIIWRZTRQQ-UHFFFAOYSA-N,Fc1ccc(-c2cc(-c3cccs3)cc(-c3ccccc3)n2)cc1,0.002
DFDVNJJIXMHGII-UHFFFAOYSA-N,CC1C(=O)NCCN1C(=O)NCc1cc(F)cc(Br)c1,0.026
MXPPFJKYUNJXQO-UHFFFAOYSA-N,Cc1ccc(-c2cc(C(=O)O)c3cnn(Cc4ccncc4)c3n2)cc1,0.056
BCVDARLQBSJQEB-UYKZIQRGSA-N,Cc1cc(=O)oc2cc(/N=C3/S/C(=C\c4c[nH]c5ccccc45)C(=O)N3CCO)ccc12,0.009
FKQNPNQVMXXBFR-UHFFFAOYSA-N,CCS(=O)(=O)NCC(=O)NCc1cc(C)c(F)c(C)c1,0.016
CRLGPRNTBCRIBM-UHFFFAOYSA-N,CS(=O)(=O)Nc1ccc(F)c(F)c1,0.003
VMEUQOMHWNIZJN-UHFFFAOYSA-N,Cc1nccn1-c1ccc(CN)cc1F,0.113
HDBBFGLBBHOQCL-VXKWHMMOSA-N,N=C(N)NCCC[C@H]1C(=O)N(Cc2ccccc2)[C@@H](CCCNC(=N)N)C(=O)N1Cc1ccccc1,0.917
ABXFRPQXQHAVQQ-UHFFFAOYSA-N,CC(C)(C)C(O)C(=O)NCCC(=O)NCCc1ccccc1,0.003
FOCJXECLIBAZSA-UHFFFAOYSA-N,N#CCC(=O)C1CCCC1,0.032
MMOBYDHTCMKZLR-UHFFFAOYSA-N,O=C(O)c1cc(-c2ccco2)nc2c1cnn2Cc1ccncc1,0.257
NZRBDLCVIPFIPD-UHFFFAOYSA-N,Cn1nnnc1SCCNCc1ccc(Br)cc1,0.016
OHGUYIYUDLQFCB-USWWRNFRSA-N,Cc1nc(N)nc(C)c1CC(=O)N[C@H]1C[C@@H]2OCC[C@H]12,0.817
BTBPFQINNMDCQZ-UHFFFAOYSA-N,CC(=O)c1cccc(NC(=O)c2cn(C)nc2C)c1,0.07
UXYUJFCRMDVTQV-JLHYYAGUSA-N,O=C(O)c1cccc(-n2c(/C=C/c3ccc(F)cc3)nc3ccccc3c2=O)c1,0.009
PSIHAZTYJRELBU-WNMGUVTHSA-N,O=c1ccc2ncc(F)c3c2n1C[C@@]3(O)CC12CCC(NCc3cc(-c4cccs4)on3)(CC1)CO2,0.268
KBCYUPGQRGLEFY-DBYSDTNQSA-N,CC(C)CCOc1ccc2ccccc2c1-c1c(OCc2cn([C@H](CCCCN)C(=O)N[C@H](CCCNC(=N)N)Cn3cc(CC4CCCCC4)nn3)nn2)ccc2ccccc12.Cl.Cl,0.292
JUEZUFOKLZXUEC-UHFFFAOYSA-N,COCCNS(=O)(=O)c1ccc2c(c1)CCO2,0.008
DTQVPWUALIPZLF-UHFFFAOYSA-N,CCOC(=O)C1CC(=O)c2cc(OC)c(OC)cc2C1,0.002
HNVLVORHMBKFKO-UHFFFAOYSA-N,Cc1nn(C)c(Cl)c1C1CCCN1,0.166
XNIJBEPGQHDGAV-WDEREUQCSA-N,Cc1nc(N)sc1C(=O)N1C[C@@H](N(C)C)[C@H](C(C)C)C1,0.208
ALYKYQFBPPPPMI-UHFFFAOYSA-N,Cn1ncc(C#N)c1Cl,0.001
VBGIWAZOKLKBKM-UHFFFAOYSA-N,O=C1CCNC(C2CC2)C1,0.996
KRLVPLCYCIABHH-UHFFFAOYSA-N,Cc1nc(CC(=O)NCCN2CCNC2=O)c(C)s1,0.943
SKFKFGFXQKMEOI-GHMZBOCLSA-N,CCCS(=O)(=O)N1C[C@@H](CN(C)C)[C@@H](CO)C1,0.962
PMVYKCWAHIWJTC-UHFFFAOYSA-N,CC(C)C(O)CCNS(=O)(=O)c1ccccc1,0.032
ZICNHHFTLCVQCR-UHFFFAOYSA-N,Cn1cc(CCCO)cn1,0.906
ATCFHFPKXRXEKP-JBAQVSMNSA-N,C[C@@H]1C[C@@H](O)[C@H]2O[C@H](O[C@H]3[C@H](O[C@@H]4O[C@H](CO)[C@@H](O[C@H]5O[C@@H](CN)[C@@H](O)[C@H](O)[C@H]5N)[C@H]4O)[C@@H](O)[C@H](N)C[C@@H]3N)[C@H](N)[C@@H](O)[C@@H]2O1,0.997
UNMJTGUGNFQISJ-UHFFFAOYSA-N,Cl.Nc1nc(-c2ccc(NC(=O)c3ccc(Cl)c(C(F)(F)F)c3)cc2F)c[nH]1,0.052
CVKPWTFZIPWKKW-UHFFFAOYSA-N,CCN(C1CC1)S(=O)(=O)c1ccc2c(c1)OCCO2,0.0
TYRSYCGIFCALOX-RVCFJTAVSA-N,NC[C@@H]1O[C@H](O[C@H]2[C@@H](O)[C@H](O[C@@H]3[C@@H](O)[C@H](N)C[C@H](N)[C@H]3O[C@H]3O[C@H](CN)[C@@H](O)[C@H](O)[C@H]3N)O[C@@H]2Cn2cc(COc3cc(Cl)cc(Oc4cc(Cl)cc(Cl)c4)c3)nn2)[C@H](N)[C@@H](O)[C@@H]1O,0.934
FETFRXSLZYUVPG-UHFFFAOYSA-N,O=c1c2nnc(SCc3ccccc3)n2ccn1-c1ccc(Br)cc1,0.004
PSOUWTVLZKPEQY-UHFFFAOYSA-N,Cc1noc(C)c1C(=O)N1CCCN(C)CC1,0.611
SMNYZOHUSIVFNV-UHFFFAOYSA-N,CC(O)CNC1CCS(=O)(=O)CC1,0.995
FEKLUIFIHULGTC-GHMZBOCLSA-N,CCO[C@@H]1COCC[C@H]1NC(=O)CCc1csc(N)n1,0.796
LBEBBJAIKFCPCI-UHFFFAOYSA-N,CNC(=N)NCCCCCCCCN(CCCCCCCCNC(=N)N)C(=O)N(CCCCCCCCNC(=N)N)CCCCCCCCNC(=N)NC,0.967
PDQONILJNQREFJ-UHFFFAOYSA-N,CCCCCCn1cc(CCCCCc2cn(CCNC(=O)c3ccc(CCCCC)cc3)nn2)nc1N.Cl,0.312
URVCVNNBOXIDES-UHFFFAOYSA-N,Cc1ccn2c(C(=O)NCc3ccccc3)c(C)nc2c1,0.014
KECLIAJCWXLVOH-UHFFFAOYSA-N,CN(C)C(C)(C)CNC(=O)c1c(O)cccc1F,0.054
BARSDRQMSGDHMO-WNMGUVTHSA-N,O=c1ccc2ncc(F)c3c2n1C[C@@]3(O)CC12CCC(NCc3cc4c(cn3)S(=O)(=O)CCO4)(CC1)CO2,0.341
DOOPRBDIWCLDHN-UHFFFAOYSA-N,Cc1ccc(C)c(OCc2cn(-c3cccc(-n4c(C)nc5ccccc5c4=O)c3)nn2)c1,0.028
NNSGGLNHMNFSDD-UHFFFAOYSA-N,COc1ccc(Br)c(C(=O)N(CC(N)=O)C(C)C)c1,0.006
LTUOVJDGSZVKHP-RYUDHWBXSA-N,O=C(N[C@H]1COC[C@@H]1N1CCCCC1)c1cnc[nH]1,0.956
CVQHKIDIDQIVKM-UHFFFAOYSA-N,Nc1nc2ccc(C(=O)N3CCNCC3)cc2o1,0.994
WLHGHZCPMPCXDB-UHFFFAOYSA-N,Cc1ccccc1C1(O)CCN(Cc2cccnc2)C1,0.134
XQBPZYBVYBIRAE-UHFFFAOYSA-N,CS(=O)(=O)NCc1cc(C#N)ccc1F,0.068
BDYGEDWPWTXLIW-ZDUSSCGKSA-N,Cc1c(CC(=O)N[C@@H](C)C(=O)O)c(=O)oc2c(C)c3occ(-c4ccc(Cl)cc4)c3cc12,0.03
GNENRVSFKFTRMK-UHFFFAOYSA-N,O=S(=O)(NC1CCCNC1)c1cccc(F)c1,0.958
YPRIRSXIRZNARU-UHFFFAOYSA-N,NCC(Cc1ccccc1Cl)C(N)=O,0.208
ZDHTUQQKMRZCEY-UHFFFAOYSA-N,CSc1nc2sccc2c(=O)n1C,0.022
KZONYEVZGCOMPP-UHFFFAOYSA-N,Cc1cnc(C(=O)Nc2nnc3n2CCCC3)cn1,0.548
KVIIOPUIJZONJL-UHFFFAOYSA-N,CN(C)CCNC(=O)Cn1cc(NCC(C)(C)C)cn1,0.923
CPDDZSSEAVLMRY-FEQFWAPWSA-N,CCCCCNC(=N)N/N=C/c1c[nH]c2ccc(OC)cc12.O=C(O)/C=C\C(=O)O,0.033
BPFDFYJRECYFMJ-UHFFFAOYSA-N,CN(CCNc1ccc2cc[nH]c2n1)S(C)(=O)=O,0.753
MUCHVCHFVIZAKP-UHFFFAOYSA-N,Nc1ccc(S(=O)(=O)Nc2nccc(-n3cnc4ccccc43)n2)cc1,0.099
SRTJABHVTIZEBY-UHFFFAOYSA-N,OCCc1cnn(-c2cccc(-n3cnnc3)c2)c1,0.793
KDHUTPHQDFDKRS-UHFFFAOYSA-N,CCC(=O)N1CCCN(C(=O)C2(N)CCCCC2)CC1,0.928
VTANFANGXKBCIX-UHFFFAOYSA-N,COCCN(C)C(=O)Nc1ncc(C)s1,0.369
QORDEQSOEWEGNI-UHFFFAOYSA-N,Cc1cc2nn(CC(=O)Nc3ccc(F)c(F)c3)c(=O)n2c(Nc2ccc(C)c(F)c2)n1,0.008
JPSZEHWPNLUUOO-ORCRQEGFSA-N,O=C(/C=C/c1c[nH]c2ccc(O)cc12)c1cc(O)ccc1O,0.032
YDTVXHUGBSHUCS-ZETCQYMHSA-N,Cc1csc(C(=O)N2CC[C@H](O)C2)c1I,0.015
HNCRMFPSKBGCPI-UHFFFAOYSA-N,O=S(=O)(c1ccc2nncn2c1)N(Cc1ccccc1F)c1cccc(F)c1,0.006
QJJVAUMJKWWKTD-UHFFFAOYSA-N,Cc1[nH]c(C(=O)Nc2nc3c(OCc4ccccc4)cc(C(=O)O)cc3s2)c(Cl)c1Cl,0.012
KCDLKWWBDBMSJO-STQMWFEESA-N,CCN(C(=O)CCc1cccnc1)[C@H]1COC[C@@H]1O,0.623
WPBPETYTHOIJOE-UHFFFAOYSA-N,COC(=O)CCCC(=O)N(C)c1ccccc1F,0.0
ZPPBXYMLLGMARQ-DOZZXWOPSA-N,Nc1nc([C@@H]2c3[nH]c(N)nc3C[C@H](CNC(=O)c3cc(Br)c[nH]3)[C@H]2CNC(=O)c2cc(Br)c(Br)[nH]2)c[nH]1,0.015
NEOQMMWFZUUQDZ-UHFFFAOYSA-N,C1COCCN1.O=C(O)C(C=C(Cl)Cl)N1CCOCC1,0.802
KZQRAFVPFRLEFX-UHFFFAOYSA-N,CN(CCNC(=O)c1cc[nH]n1)Cc1ccccc1,0.525
HLXAUJGKSKAMSM-UHFFFAOYSA-N,CCCN1CCN(C(=O)CN(C)C)CC1,0.994
QMVAMTAXUQODNR-MNOVXSKESA-N,Cc1ccc(C(=O)N2C[C@H](C3CC3)[C@@H](N)C2)s1,0.408
VRZPSWUYYCBXMR-UHFFFAOYSA-N,O=C(CNc1cncc(Br)c1)N1CCCCC1,0.006
DOKHLJWPKPBOMM-UHFFFAOYSA-N,CC(C)Oc1ccc(CNC(=O)C2CCC(=O)N2)cc1,0.002
ANFLPTDQGKPBFJ-UHFFFAOYSA-N,OC(COc1ccc2c(c1)OCO2)CN1CCCCC1,0.001
CCPCZMBTPHIIHC-KPKJPENVSA-N,N#Cc1ccc(/C=C/c2nc3ncccc3c(=O)n2-c2ccc(S)cc2)cc1,0.005
RRORVLWWOZLNDA-UHFFFAOYSA-N,O=C(NC1(CCO)CCC1)c1c(O)cc(F)cc1F,0.065
HYNQVNWTMZZODR-UHFFFAOYSA-N,CC(C)(C)NC(=O)CN1CCN(CCC#N)CC1,0.031
DPHZFXYOAKGMRV-UHFFFAOYSA-N,Cc1c(Cl)cccc1NC(=O)Cn1nc2c(N3CCOCC3)nc3ccccc3n2c1=O,0.012
MMAYSNPRUQYPGT-UHFFFAOYSA-N,CCC(CO)NC(=O)c1ccc(F)cc1C(F)(F)F,0.014
QJLSJKUARMTQRA-UHFFFAOYSA-N,CSCc1noc(CN2CCN(C3CCNC3)CC2)n1,0.981
FUMINTAAUJUVMP-UHFFFAOYSA-N,Cl.NC1CCN(c2cccc(Cl)n2)CC1,0.439
PKKWLMYBLBBXLB-UHFFFAOYSA-N,CCC(O)(CC)CCN,0.987
QDMNNMIOWVJVLY-UHFFFAOYSA-N,O=C1NC(c2ccccc2)CO1,0.0
KVCJPMSZNAUMPO-UHFFFAOYSA-N,CNS(=O)(=O)c1cccc(C(=O)Nc2cccnc2)c1,0.266
QUNLVELMQUZULD-UHFFFAOYSA-N,O=C(NC1CCOCC1)c1cn2ccsc2n1,0.133
VZEKRYBNAKTFQR-UHFFFAOYSA-N,Cn1c(C(=O)O)cc2cc(OCCCC3CCN(Cc4ccccc4)CC3)ccc21,0.026
RTEGGKHVTAVZQY-UHFFFAOYSA-N,Cc1n[nH]cc1CNC(C)CO,0.977
LJDBWJGRQUBZBU-UHFFFAOYSA-N,NC1CCN(C2CCSCC2)CC1,0.997
VNKCGLOWNGXLIS-UHFFFAOYSA-N,O=C1COCc2ccc(Br)cc2N1Cc1ccc(C(F)(F)F)cc1,0.002
OMBXTUMYKPKSBM-UHFFFAOYSA-N,CCNC(=O)c1ccn(-c2ccccc2)n1,0.019
NZJWITSLFKTATC-UHFFFAOYSA-N,N#CCCCNCc1ccccc1,0.019
WMQDQVQEMZMTFU-UHFFFAOYSA-N,c1ccc(-c2nnc3nc(N4CCCCC4)nc(N4CCCCC4)n23)cc1,0.002
NVPOTXLFDXEESJ-UHFFFAOYSA-N,CCN1CCN(CC(=O)NC(C)(C)C)CC1,0.032
LPSRKXGJKPZCGE-UHFFFAOYSA-N,CC1(C(=O)NCC2CCCCC2)CCCCC(=O)N1,0.011
UDSIPCNTWHMWSU-UHFFFAOYSA-N,O=S(=O)(Nc1ccc(-c2nc3cc(NS(=O)(=O)c4cccs4)ccc3o2)cc1)c1cccs1,0.045
ACGMQPXRVMJTKD-UHFFFAOYSA-N,N#CC1=C(N)Oc2c(ccc3ccccc23)C1c1ccc([N+](=O)[O-])cc1,0.009
QBMJWJJDVZNBTE-UHFFFAOYSA-N,CN1c2ccccc2NS1(=O)=O,0.008
HKEWOTUTAYJWQJ-UHFFFAOYSA-N,c1ccc(-c2cc[nH]n2)nc1,0.286
OEBNJAZLJKAVTJ-UHFFFAOYSA-N,COC(=O)c1ccc(N2CCCC2)nn1,0.001
GPYZNYUMYXNZGI-UHFFFAOYSA-N,CC(C)c1nc(CN2CCCC3(CCNC3)C2)co1,0.962
MKMXMYQLOQBORD-UHFFFAOYSA-N,CNCC(=O)Nc1cc(C)ccn1,0.882
OVHNRTXDZSQCJF-UHFFFAOYSA-N,O=C(Nc1cc(Cl)ccc1Oc1ccc(Br)c2ccccc12)c1cc(Cl)cc(I)c1O,0.002
KDTSAMCTLHBETH-UHFFFAOYSA-N,Cc1cc(C)n(C(=N)NC(=O)c2ccccc2)n1,0.351
VDBRONRBLWRARF-UHFFFAOYSA-N,CCC(NC(=O)C1CC1)(C(N)=O)C(C)C,0.0
ZMUGMQOOSSFMJS-UHFFFAOYSA-N,CNC(=O)NC(=O)CN1CCn2ccnc2C1,0.984
NEEXTJBVIRVOKK-UHFFFAOYSA-N,Cc1ccc(C(N)CF)cc1,0.014
DLTZUAXVUYKERD-UHFFFAOYSA-N,COc1cccc(-n2ccn3c(SCC(=O)c4c[nH]c5ccc(OC)cc45)nnc3c2=O)c1,0.021
NOVMHLOCIFFYMS-UHFFFAOYSA-N,COc1ccc(CCNC(=O)CSc2nncs2)cc1,0.047
SBLBFRUAAPEBKY-KKMKTNMSSA-N,O=C(O)c1ccc(N/N=C/c2cn(-c3ccc(C(=O)O)cc3)nc2-c2ccc(F)c(F)c2)cc1,0.012
YGHDLAGZWXIPNK-NTEUORMPSA-N,O=[N+]([O-])c1ccc(O)c(/C=N/c2ccccc2)c1,0.0
FRELWYGMYPSUEJ-UHFFFAOYSA-N,CCCC(C#N)NC(=O)c1ccn(-c2ccccc2)n1,0.004
GKNCCSYPASYORX-UHFFFAOYSA-N,Nc1ncc2cc(-c3ccccc3-c3ccccc3)c(N)nc2n1,0.021
KLPFXWWLKUFIIF-DEDYPNTBSA-N,C/C(Cc1ccccc1)=N\NC(=O)c1c[nH]c2ccccc12,0.002
JUPJZTZJIZYMSN-UHFFFAOYSA-N,Cc1ccc(-c2cc(C(N)=O)[nH]n2)cc1C,0.038
PTQNQSITMIRYCX-UHFFFAOYSA-N,CCCCCc1ccc(C(=O)Nc2ccc3c(c2)nc(N)n3CCc2ccc(OC)cc2)cc1.Cl,0.026
SEKDOVYMHFZYIG-UHFFFAOYSA-N,CC(C)CNC(=O)N(C)Cc1cnn(C)c1,0.068
ASDWCWPVACRMHK-UHFFFAOYSA-N,COCCNC(=O)Nc1cc(Cl)ccc1OC,0.006
LUBRPHXUAXETOG-UHFFFAOYSA-N,COCC(=O)NC1CCN(c2ccccc2)C1=O,0.056
IDHKXPRTFRVFMH-SUFGWMAESA-N,CC(C)(O/N=C(\C(=O)N[C@@H]1C(=O)N(S(=O)(=O)O)[C@@H]1Cn1cc(-c2cc(=O)c(O)cn2O)nn1)c1csc(N)n1)C(=O)O,0.697
TXXGSZUBPHBXRS-CCHMTFDQSA-N,Nc1nc(/C(=N/OC2(C(=O)O)CCC2)C(=O)N[C@@H]2C(=O)N(S(=O)(=O)O)[C@@H]2CNC(=O)NCc2cc(=O)c(O)cn2O)cs1,0.876
YPEUTQKEMPFPKO-UHFFFAOYSA-N,O=[N+]([O-])c1cc([N+](=O)[O-])c2cccnc2c1O,0.016
FHFYDNQZQSQIAI-UHFFFAOYSA-N,CCn1cc(C(=O)O)c(=O)c2cc(F)c(N3CCN(C)CC3)cc21,0.798
QGPKADBNRMWEQR-UHFFFAOYSA-N,NC1CCN(c2c(F)cc3c(=O)c(C(=O)O)cn(C4CC4)c3c2Cl)C1,0.621
FABPRXSRWADJSP-MEDUHNTESA-N,COc1c(N2C[C@@H]3CCCN[C@@H]3C2)c(F)cc2c(=O)c(C(=O)O)cn(C3CC3)c12,0.922
YUPZHKUNWOZQRP-XINAWCOVSA-N,O=C1C(Br)=C(Br)[C@@](O)(C(Br)Br)[C@@H]1Br,0.0
FKFKFWIZQCBLSY-ANKLPKQLSA-N,CN(C)[C@@H]1C(O)=C(C(N)=O)C(=O)[C@@]2(O)C(O)=C3C(=O)c4c(O)c5c(c(OC(F)(F)F)c4C[C@H]3C[C@@H]12)[C@@H]1[C@H](CN5)CC2CCCCN21,0.939
YCRUJUNRIOZMKL-VMMCHAFVSA-N,CN(C)[C@@H]1C(O)=C(C(N)=O)C(=O)[C@@]2(O)C(O)=C3C(=O)c4c(O)c5c(c(OC(F)(F)F)c4C[C@H]3C[C@@H]12)C1NCCC1CN5,0.966
JPWFFQIWLZDLMD-YPONLCDMSA-N,CC1C[C@H]2CNc3c(O)c4c(c(OC(F)(F)F)c3[C@H]2N1C)C[C@H]1C[C@H]2[C@H](N(C)C)C(O)=C(C(N)=O)C(=O)[C@@]2(O)C(O)=C1C4=O,0.934
RSTPAIZCANZZGX-GPCUVHDXSA-N,CN(C)[C@@H]1C(O)=C(C(N)=O)C(=O)[C@@]2(O)C(O)=C3C(=O)c4c(O)c5c(c(OC(F)(F)F)c4C[C@H]3C[C@@H]12)[C@@H]1[C@H](CN5)CC2COCCN21,0.941
HQSLMDSMOMTZGA-UHFFFAOYSA-N,CC1=C(Br)C(=O)C(C(C)(C)CC(=O)N2CCN(c3cc4c(cc3F)c(=O)c(C(=O)O)cn4C3CC3)CC2)=C(C)C1=O,0.018
UTXUMLHMDDSISB-UHFFFAOYSA-N,CC1=C(N)C(=O)C(C(C)(C)CC(=O)N2CCN(c3cc4c(cc3F)c(=O)c(C(=O)O)cn4C3CC3)CC2)=C(C)C1=O,0.093
XXVQFNBYTCFFOV-UHFFFAOYSA-N,CC(C)(C)CC(=O)N1CCN(c2cc3c(cc2F)c(=O)c(C(=O)O)cn3C2CC2)CC1,0.033
MWWSFMDVAYGXBV-RUELKSSGSA-N,COc1cccc2c1C(=O)c1c(O)c3c(c(O)c1C2=O)C[C@@](O)(C(=O)CO)C[C@@H]3O[C@H]1C[C@H](N)[C@H](O)[C@H](C)O1.Cl,0.973
HPAQMDHJDAJMJQ-UHFFFAOYSA-N,O=C1CC(CBr)N1OS(=O)(=O)c1ccc([N+](=O)[O-])cc1[N+](=O)[O-],0.017
AEUBKXOYMKBMCS-PAOTWTTCSA-N,CC(C)[C@H](O/N=C(\C(=O)N[C@@H]1C(=O)N(OS(=O)(=O)O)C1(C)C)c1nsc(N)n1)c1cc(=O)c(O)cn1O,0.118
MKVLRCBEUIQVCQ-JZBRPHLYSA-N,COCC(O/N=C(\C(=O)N[C@@H]1C(=O)N(OS(=O)(=O)O)C1(C)C)c1csc(N)n1)c1cc(=O)c(O)cn1O,0.701
CWVKWDRGOXDCGV-HGIBLQKJSA-N,CC(C)C(O/N=C(\C(=O)N[C@@H]1C(=O)N(OS(=O)(=O)O)C1(C)C)c1nc(N)sc1Cl)c1cc(=O)c(O)cn1O,0.046
KLHZOKWTTCMZTF-JZBRPHLYSA-N,CCC(O/N=C(\C(=O)N[C@@H]1C(=O)N(OS(=O)(=O)O)C1(C)C)c1csc(N)n1)c1cc(=O)c(O)cn1O,0.588
YORLEPUZHBDPSD-ZOEUBGRQSA-N,CC(C)[C@@H](O/N=C(\C(=O)N[C@@H]1C(=O)N(OS(=O)(=O)O)C1(C)C)c1csc(N)n1)c1cc(=O)c(O)cn1O,0.176
RNSSEBFUEJUWPS-ILWABNMSSA-N,CNC(=O)C(O/N=C(\C(=O)N[C@@H]1C(=O)N(OS(=O)(=O)O)C1(C)C)c1csc(N)n1)c1cc(=O)c(O)cn1O,0.885
VUTHACFGOHTGCP-LTXZJTGJSA-N,CC(O/N=C(\C(=O)N[C@@H]1C(=O)N(OS(=O)(=O)O)C1(C)C)c1nc(N)sc1Cl)c1cc(=O)c(O)cn1O,0.35
QXXPBTANDBVMNN-MEOZQXGPSA-N,CC1(C)[C@H](NC(=O)/C(=N\OC(c2cc(=O)c(O)cn2O)C2CC2)c2csc(N)n2)C(=O)N1OS(=O)(=O)O,0.598
YORLEPUZHBDPSD-MEOZQXGPSA-N,CC(C)C(O/N=C(\C(=O)N[C@@H]1C(=O)N(OS(=O)(=O)O)C1(C)C)c1csc(N)n1)c1cc(=O)c(O)cn1O,0.139
YOBIQSHPBZNOFA-GYXPSCGXSA-N,CC1(C)[C@H](NC(=O)/C(=N\OC(C(=O)O)c2cc(=O)c(O)cn2O)c2csc(N)n2)C(=O)N1OS(=O)(=O)O,0.906
CWVKWDRGOXDCGV-GEHQGGQLSA-N,CC(C)[C@H](O/N=C(\C(=O)N[C@@H]1C(=O)N(OS(=O)(=O)O)C1(C)C)c1nc(N)sc1Cl)c1cc(=O)c(O)cn1O,0.035
QWTGOIRRRQOFPG-PUYBVPCBSA-N,CC(O/N=C(\C(=O)N[C@@H]1C(=O)N(OS(=O)(=O)O)C1(C)C)c1csc(N)n1)c1cc(=O)c(O)cn1O,0.677
AEUBKXOYMKBMCS-LVKILCFZSA-N,CC(C)[C@@H](O/N=C(\C(=O)N[C@@H]1C(=O)N(OS(=O)(=O)O)C1(C)C)c1nsc(N)n1)c1cc(=O)c(O)cn1O,0.203
YORLEPUZHBDPSD-NQAVGREPSA-N,CC(C)[C@H](O/N=C(\C(=O)N[C@@H]1C(=O)N(OS(=O)(=O)O)C1(C)C)c1csc(N)n1)c1cc(=O)c(O)cn1O,0.106
PWXVXSWXNXANGS-KIPUREDTSA-N,CC1(C)[C@H](NC(=O)/C(=N\OC(CO)c2cc(=O)c(O)cn2O)c2csc(N)n2)C(=O)N1OS(=O)(=O)O,0.863
AEUBKXOYMKBMCS-IOEMPLOMSA-N,CC(C)C(O/N=C(\C(=O)N[C@@H]1C(=O)N(OS(=O)(=O)O)C1(C)C)c1nsc(N)n1)c1cc(=O)c(O)cn1O,0.158
XMJMKUOWUYBALF-LOBODTGGSA-N,CC(O/N=C(\C(=O)N[C@@H]1C(=O)N(OS(=O)(=O)O)C1(C)C)c1nsc(N)n1)c1cc(=O)c(O)cn1O,0.704
RYSIZPRZWKMNOI-NLAVPISJSA-N,CN1CCCCC1c1cc(O)c2c(c1Cl)C[C@H]1C[C@H]3[C@H](N(C)C)C(O)=C(C(N)=O)C(=O)[C@@]3(O)C(O)=C1C2=O,0.789
