key,input,value
ALGPHOUNWIZIOQ-UHFFFAOYSA-N,COc1ccccc1CNC(=O)CCn1c(=O)[nH]c2ccsc2c1=O,0.0012057607877068222
QFVDKARCPMTZCS-UHFFFAOYSA-N,CN(C)c1ccc(C(O)(c2ccc(N(C)C)cc2)c2ccc(N(C)C)cc2)cc1,0.0005795683711767197
HKNNPGWJKJDXCN-UHFFFAOYSA-N,Cc1ccc(-c2cc3c(SCC(=O)Nc4cc(C(F)(F)F)ccc4Cl)nccn3n2)cc1,0.00043626666083582675
QQNUVMRXVVLAAU-UHFFFAOYSA-N,CCOC(=O)C1=C(c2ccccc2)N=c2sc(=Cc3cc(C)n(-c4ccc(F)cc4)c3C)c(=O)n2C1c1cccc(OC)c1OC,2.784912112474558e-05
MSGARPVVCYTSLR-UHFFFAOYSA-N,CCOC(=O)c1cnc2c(C)cc(C)cc2c1Nc1ccc(OC)c(OC)c1,0.001211592843174003
OINUBRUVZASSAQ-UHFFFAOYSA-N,Cc1cc(C)cc(Nc2cc(C)nc3nc(C(F)(F)F)nn23)c1,0.0012952946985024028
AZZXQPIFKYDBCE-UHFFFAOYSA-N,CCC1(C)CC(CCNCc2ccccc2O)(c2ccc(C)cc2)CCO1,0.000967340765055269
PZWRJRCMVZQVJZ-UHFFFAOYSA-N,CCc1c(C)c(=N)c2ccccc2n1C,0.026341642206534743
DHRLFEJASBKCIX-UHFFFAOYSA-N,Cc1cc(C=C2SC(=Nc3ccccc3)N(C3CCCC3)C2=O)c(C)n1-c1ccc(Cl)cc1,8.265467477031052e-05
MDEZQGGMJQGHSE-UHFFFAOYSA-N,Cc1cccc(Nc2nc(N)c3ccccc3n2)c1,0.004387368715833872
RXQJJBRAANNIDY-UHFFFAOYSA-N,COc1cc(OC)c(N(C)C(=O)c2cc3c(s2)-c2ccccc2S(=O)(=O)C3)cc1Cl,0.00011336104907968547
FCLDOLAQOJSJQS-UHFFFAOYSA-N,Cc1ccc(N2C(=O)C3C(C2=O)C2(c4ccccc4)C(=O)C3(c3ccccc3)C(c3ccccc3)=C2c2ccccc2)cc1,1.9197675510440603e-05
DBMWJGNXJQSAFH-UHFFFAOYSA-N,COc1ccc(Br)cc1C1Nc2ccc3ccccc3c2C2=C1C(=O)CC(c1ccccc1)C2,4.208293455576495e-05
TXAHZBLJKKTYRX-UHFFFAOYSA-N,CCc1ccc(Nc2cc(C)c3ccc(O)cc3n2)cc1,0.0027245394419878723
YWTIYHOQOGEVON-UHFFFAOYSA-N,CCn1c(CN2CCN(Cc3ccccc3)CC2)nc2cc(NC(=O)c3cccs3)ccc21,0.00016505047024111262
HJNQYIKLYITOGQ-UHFFFAOYSA-N,O=C(NCC(c1ccsc1)N1CCCCCC1)c1ccc(C(F)(F)F)cc1,2.503716689261637e-05
YUNBRHOGRKHXNG-UHFFFAOYSA-N,Fc1ccc2[nH]c3c(NCCCN4CCOCC4)ncnc3c2c1,0.00043153202277608217
NNTIUAYUQKWPSI-UHFFFAOYSA-N,CCCCCC(=O)N1c2ccccc2N=C2CC(c3ccc(OC)c(OC)c3)CC(O)=C2C1c1ccc(C(F)(F)F)cc1,1.2255417323103756e-05
JAPBALWUJAIERZ-UHFFFAOYSA-N,CCCc1c(CC)c(=N)c2ccccc2n1C,0.025317599551635796
VLUCXPDTWDLJRX-UHFFFAOYSA-N,Cc1cc(Nc2ccc(C)c(Cl)c2)n2nc(C(F)(F)F)nc2n1,0.0010990540002239868
QITUAKDIBCEXLI-UHFFFAOYSA-N,Cc1cc(NCCN2CCCCC2)c2ccc3ccccc3c2n1,0.007671631406992674
MHYOLZRPLFWQHQ-UHFFFAOYSA-N,CCOC(=O)c1cn(CC)c2cc(N(C)CCc3ccc(OC)c(OC)c3)c(F)cc2c1=O,0.0009578025637893006
ILMGWMKPCOEJRH-UHFFFAOYSA-N,CC1CCN(Cc2ccc(NC(=O)c3cc4ccc5cccnc5c4[nH]3)cc2)CC1,0.009250850370153784
ZJARZYJNVSBADE-UHFFFAOYSA-N,CSc1ccccc1C(=O)Nc1nc(-c2ccccn2)cs1,0.0003445848196861334
OWDSNDZARSGGNT-UHFFFAOYSA-N,O=[N+]([O-])c1ccc(C=NNc2nc3ccccc3[nH]2)cc1,0.021972725307568906
IZBVFEBRVULVNU-UHFFFAOYSA-N,COc1ccc(-c2nc(NC(=O)CS(=O)(=O)c3ccc(F)cc3)sc2C)cc1,0.00029679224389838054
VMGRDSCIXPOFON-UHFFFAOYSA-N,COc1ccc(C(C)=O)cc1N1C(=O)C2C(C1=O)C1(c3ccccc3)C(=O)C2(c2ccccc2)C(c2ccc(C)cc2)=C1c1ccc(C)cc1,1.0359029101891792e-05
VJGUBCUGFXDMEX-UHFFFAOYSA-N,CN(C)CCCNc1c2ccccc2nc2ccccc12,0.0051259392406791445
DSQFFQFYQVGMPS-UHFFFAOYSA-N,CNCCCNc1ccnc2cc(Cl)ccc12,0.000452671122548054
HGHQOEUVKUMVFT-KRWDZBQOSA-N,COc1cccc(NC(=O)[C@H](C(C)C)n2c(=O)[nH]c3ccccc3c2=O)c1,0.020789540931582452
RTQBJPVFCOCBHF-UHFFFAOYSA-N,COc1ccc(C2=C(c3ccc(OC)cc3)C3(c4ccccc4)C(=O)C2(c2ccccc2)C2C(=O)N(c4ccc(C)cc4)C(=O)C23)cc1,1.7051208487828262e-05
VCVMLWDTGJJHIX-UHFFFAOYSA-N,CSC1=NC(=Nc2c(C)cccc2C)C2(CCC(C(C)(C)C)CC2)N1c1ccc(Cl)cc1,0.00031421178282471375
CHKCMNYNCPRLNW-UHFFFAOYSA-N,COc1ccc(-c2cc3c(SCC(=O)Nc4cc(C(F)(F)F)ccc4Cl)nccn3n2)cc1,0.0003694944352901075
XRACNDLDEFBNBB-UHFFFAOYSA-N,COc1ccc(-c2c(C)nn3c(N)c(C#N)cnc23)cc1OC,0.0002112256076770791
ZJDRIKAAFJMYGX-UHFFFAOYSA-N,O=C(O)C1Cc2c([nH]c3ccccc23)C(c2ccc(Cl)cc2Cl)N1,8.223791119235102e-05
GONCPXNUBXWDEU-UHFFFAOYSA-N,COc1ccccc1CNC(=O)CCn1c(=O)[nH]c2ccccc2c1=O,0.0034529006807133555
PHHQJRNBHFUTSH-UHFFFAOYSA-N,Oc1ccccc1CNCC12CC3CC(CC(C3)C1)C2,0.0004606365200743312
YBPABXGFEMOUTB-UHFFFAOYSA-N,COc1ccc(C=C2SC(=N)N(c3ccccc3OC)C2=O)cc1,0.00011354407179169357
JTVHIQJYLQMKRA-UHFFFAOYSA-N,CC(C)(C)c1ccc(O)c(CNC2CCCCC2)c1,0.00020207799859690568
NJNKZMOPGWSRLN-UHFFFAOYSA-N,CCOC(=O)c1c(NC(=O)c2ccccc2)sc2c(O)c(CN(CC)CC)ccc12,0.003917220421135426
WPVMVODGPNYYEV-UHFFFAOYSA-N,Cc1cc(Nc2ccc3ccccc3c2)n2ncnc2n1,0.0010434864336275496
ZVEVUZGCZYQIMB-UHFFFAOYSA-N,COc1ccc(NC(=O)C2c3ccccc3C(=O)N(CC(C)C)C2c2cccs2)cc1Cl,0.00029028330100118184
VNJSYWPAPLJIMK-UHFFFAOYSA-N,CCOC(=O)c1c(C)n(-c2ccc(Cl)cc2)c2ccc(OC(=O)C=Cc3ccccc3)cc12,0.0003297798270068597
QZKGUNQLVFEEBA-UHFFFAOYSA-N,CN1CCN(c2ccc(Nc3c4ccccc4nc4ccccc34)cc2)CC1,0.0010873730585444718
PESIVUUPADYIOC-UHFFFAOYSA-N,CN(C)c1ccc(C=Cc2nc(=O)c3ccccc3o2)cc1,0.008792571764206513
OJGAAQMNLKYWSQ-UHFFFAOYSA-N,CCN(CC)CCNc1ccnc2cc(Cl)ccc12,0.0023905569920316338
LJXMGMZOYDGWON-UHFFFAOYSA-N,CC1CN(C(=O)c2sc3ccccc3c2Cl)CC(C)O1,6.3603121077449035e-06
WUHHKFJFGLSSEG-UHFFFAOYSA-N,CCCN(CCC)CC(O)COc1ccccc1C(=O)Nc1ccccc1,0.00017676209681667389
FNBBFRCDCVFRON-UHFFFAOYSA-N,C=CC12CCN(CC1)C(C(O)c1ccnc3ccc(OC)cc13)C2,0.0034330338006839157
ODFXNYIMNBBYHF-UHFFFAOYSA-N,CCC(c1ccccc1)c1nn2c(-c3cccs3)nnc2s1,0.0009119851034483873
DAEPSCKFIWDJAQ-UHFFFAOYSA-N,c1ccc(Cn2c(N=Nc3c(Nc4ccccc4)ccc4ccccc34)nc3ccccc32)cc1,0.00015006507928774226
VKKYZYNAWYQWQN-UHFFFAOYSA-N,OC(CNC1CCCCC1)Cn1c2ccccc2c2ccccc21,0.010670754685997963
ZYENOBGPADGVLM-UHFFFAOYSA-N,Cc1cc(C)c2c(c1)OCN(Cc1ccccc1Cl)C2,0.00043376948306104166
QTAGZWRQMULFSI-UHFFFAOYSA-N,Cc1ccc(N2C3c4ccccc4N(S(=O)(=O)c4ccc(C)cc4)C2c2ccccc2N3S(=O)(=O)c2ccc(C)cc2)cc1,0.0005591793622443219
YCGDUUJJIKNHJN-UHFFFAOYSA-N,Cc1cc(NC(=O)C2c3ccccc3C(=O)N(CC(C)C)C2c2cccs2)no1,0.0003525029635056853
YZZGEZJZTYYZGG-UHFFFAOYSA-N,CCN(CC)CCNc1ncnc2c1[nH]c1ccc(Cl)cc12,0.0030195069150067864
CUIFAZGMBMAGJT-UHFFFAOYSA-N,Cc1ccc(-c2cc3nc4c(c(O)n3n2)CCCC4)cc1,0.0011284727399470285
CKMFSEFIICIERE-UHFFFAOYSA-N,COc1ccccc1N=C1C(=O)c2ccccc2C(O)=C1N1CCCCC1,2.6650085874280194e-05
LPLSLEOFBMPIFG-UHFFFAOYSA-N,COc1ccc2c(=O)cc(C(Cl)(Cl)Cl)oc2c1,0.000405797322230228
JYZGRMRMVUUYHG-UHFFFAOYSA-N,CCCc1cc(O)c2c3c(c(=O)oc2c1)CN(C)CC3,0.0033223652397282423
ZFOFJXFVCJQXBL-UHFFFAOYSA-N,CCOC(=O)c1cnc2ccc(CC)cc2c1O,0.003517103343619965
UAHNYHPLYYIAEP-UHFFFAOYSA-N,COc1ccc(-c2nc3cc(Cc4ccc5[nH]c(-c6ccc(OC)cc6)nc5c4)ccc3[nH]2)cc1,0.05233486331999302
IBSWNYUEVDLHHN-UHFFFAOYSA-N,CCN1CCN(Cc2ccc(NC(=O)c3cc4ccc5cccnc5c4[nH]3)cc2)CC1,0.014056716486811638
JAKRPPRRAOYEHH-UHFFFAOYSA-N,COc1ccc(-n2ccnc2SCC(=O)Nc2cc(C)ccc2C)c(OC)c1,0.00043475699640112
ZMRHGYILDNXKHW-UHFFFAOYSA-N,CCCCCCOC(=O)C1=C(C)NC(=O)NC1c1ccccc1F,0.000306450284915627
CMTZXCREJMUZHB-UHFFFAOYSA-N,Cc1cc(Nc2ccc(Cl)cc2)n2nc(C(F)(F)F)nc2n1,0.002029809472151101
WFECTHLZLLOZSO-UHFFFAOYSA-N,COc1cccc(C=Cc2nc(=O)c3ccccc3o2)c1OC,0.005440468643791973
MIOCKRHUPUDHKN-UHFFFAOYSA-N,CCOc1cc2c(cc1OCC)C(c1cc(OC)c(O)cc1Cl)NCC2,0.0004186071622825693
RRDUBKZHUJXICD-UHFFFAOYSA-N,CCOC(=O)c1cn(CC)c2cc(N3CCCCC3)c(F)cc2c1=O,0.0031001575785921886
RHZLKBRFIAZMTN-UHFFFAOYSA-N,Cc1ccc(Nc2nc(NCCO)c3ccccc3n2)cc1C,0.00646206415258348
NQJASZMLBMBHRG-UHFFFAOYSA-N,COc1ccc2c(c1)OC(O)(C(F)(F)C(F)(F)F)CC2=O,0.00012519174822500645
LGNTZQIHXXXLLH-UHFFFAOYSA-N,COc1ccc(NC(=O)C2c3ccccc3C(=O)N(CC(C)C)C2c2cccs2)cc1,0.00031126979010878133
VJESMEKAFRORJB-UHFFFAOYSA-N,O=C(CSc1nccn2nc(-c3ccccc3)cc12)Nc1cc(C(F)(F)F)ccc1Cl,0.0011423924792325125
BFLBDFBTHQVGNL-UHFFFAOYSA-N,c1ccc2cc3c(Nc4ccc(N5CCOCC5)cc4)ccnc3cc2c1,0.00028842946776421743
MGUKTDNBGKTMHQ-UHFFFAOYSA-N,CCOC(=O)c1ccc2nc(-c3ccccc3)cc(O)c2c1,0.011634131614118814
UFFSSWFJZSCGMP-UHFFFAOYSA-O,C[n+]1c2ccccc2nc2ccc(NCCO)cc21,0.0732236472889781
RUPCNQRICRCGRU-UHFFFAOYSA-N,COc1ccc(C(=O)Nc2nonc2-c2ccc(OC)c(OC)c2)cc1Cl,0.0012441781698726117
XCRBIEGWIQBOCM-UHFFFAOYSA-N,Cc1ccc(Nc2nc(-c3ccccn3)cs2)cc1,0.0029367635026574133
OAAGWQPTMMCQCB-UHFFFAOYSA-N,CCOc1ccc(-c2nonc2NC(=O)c2cccc(C)c2)cc1OCC,0.0011126145254820585
ITHVHASAWMAMQC-UHFFFAOYSA-N,Cc1ccc(-c2cc3c(nn2)-c2ccccc2C3=O)cc1,0.0008448593536741101
LAXUZBKJDUGZGQ-UHFFFAOYSA-N,CCOc1cc(Cl)c(C(C)NC(=O)c2ccccc2)cc1OCC,0.0001566121168252721
HUNTUYGOSLDWGM-UHFFFAOYSA-N,CC1CCCCN1CCCNC(=O)c1ccc2c(c1)sc1nc(-c3ccc(F)cc3)cn12,0.00035921999369747937
CCICOXSOKKGTBB-UHFFFAOYSA-N,CCn1c(SCC(=O)Nc2cc(C(F)(F)F)ccc2Cl)nc2ccccc2c1=O,0.0002710833417950198
IYLHACLYXXXIOJ-UHFFFAOYSA-N,O=C(Nc1ccc(Cl)cc1C(=O)Nc1ccncc1)c1ccc(Cl)cc1Cl,0.0022793076117523015
AOAJAGJXWRKYKA-UHFFFAOYSA-N,Cc1ccc(Cn2c(N3CCC(C(=O)NCc4cccs4)CC3)nc3ccccc32)cc1,7.58648820919916e-05
GDEYSCBSQAECPV-UHFFFAOYSA-N,CCCCc1ccc(NS(=O)(=O)c2cc3c4c(c2)CCN4C(=O)CC3)cc1,0.0013727904777624644
ZDXWENNHTOBFEW-UHFFFAOYSA-N,O=C(Nc1ccc(Cl)cc1)N1CCN(c2ccc3nncn3n2)CC1,0.00015065470797708257
HXUXYRJTNVKJTO-UHFFFAOYSA-N,COc1ccc(C2Sc3ccccc3N=C3C2=C(O)c2ccccc23)cc1,0.0007223434688057751
CICSCGMRUIMBNF-UHFFFAOYSA-N,Oc1ccc(Cl)cc1CNc1nc2ccccc2[nH]1,0.0015992839762475342
DQZLPBBLYGATJO-UHFFFAOYSA-N,CC(C)(C)CC(C)(C)NCC(O)COc1ccc2c(c1)CCC2,0.0007959070637298283
DFOQWCGMBXUJKJ-UHFFFAOYSA-N,FC(F)(F)c1cccc(CNC2CCN(CCc3ccccc3)CC2)c1,8.997023928714044e-06
BQRBPWDQFAYRAI-UHFFFAOYSA-N,CCC(C)NCC(O)(c1ccc(Cl)cc1)c1ccc(Cl)cc1,0.0017646110747591593
YGUJXWRSBKIISC-UHFFFAOYSA-N,COCCN(C(=O)Cc1cccs1)C(C(=O)NCc1ccc(OC)cc1)c1ccc(C(C)C)cc1,0.0004540016467217356
NDVQELHLBFVILT-UHFFFAOYSA-N,COCCNC(=O)c1ccc(OC2CCN(Cc3ccc(F)c(F)c3)CC2)c(Cl)c1,0.000269417000527028
LMSHBISGTIUFDO-UHFFFAOYSA-N,CCOc1ccccc1CNC(=O)C1c2ccccc2C(=O)N(CC(C)C)C1c1cccs1,0.00032424962264485655
KHTUVFPJQCSGIT-UHFFFAOYSA-N,CC(O)(c1ccc(Cl)cc1)C(CN1CCCCC1)c1ccccc1,0.00023154642840381712
OGXCZPHWSGKJGK-UHFFFAOYSA-N,O=C(Nc1nc(-c2ccccn2)cs1)c1ccccc1Br,0.00032944510312518107
CCLAOBVTVUUPGH-UHFFFAOYSA-N,CCOc1ccc(C=Cc2nc(=O)c3ccccc3o2)cc1,0.0029025191615801305
SAQHCMSUQDTMSF-UHFFFAOYSA-N,c1ccc(-c2ccc(-c3nc4ccccc4[nH]3)cc2)cc1,0.0002669618363142945
ZQJNQURMLQTVGE-UHFFFAOYSA-N,O=C(c1ccccc1F)N(Cc1ccc(Cl)cc1)c1ccccn1,0.00031579854403389617
SNXTZYJOMPIHKM-UHFFFAOYSA-N,CCN(CC)CCCNc1nc(-c2ccc(Cl)cc2)nc2ccccc12,0.0031435726676136257
MNENUMVAFKDMEM-UHFFFAOYSA-N,CCCCNCC(O)(c1ccc(Cl)cc1)c1ccc(Cl)cc1,0.008808983792550861
SQSMBCLFXHSESJ-UHFFFAOYSA-N,O=C(CCc1ccco1)NC1CCN(CC2(c3ccc(Cl)cc3)CCC2)CC1,0.00012163258652435616
OOBLFXAIBBLOKO-UHFFFAOYSA-N,O=C(Nc1ccccc1O)c1ccc(-c2ccc(Cl)cc2Cl)o1,0.005868356954306364
LETUQHBGUBCUTE-UHFFFAOYSA-N,O=C(NCc1ccco1)C1CCN(S(=O)(=O)c2ccc(Cl)cc2)CC1,3.175568426740938e-05
RNVMJWXSJBTWTP-UHFFFAOYSA-N,CCOc1cccc2sc(N(Cc3cccnc3)C(=O)C3CCCCC3)nc12,0.00046296012005768715
HCHXPMOIMAHZOG-UHFFFAOYSA-N,O=C(CSc1ccc2nnc(-c3cccc(F)c3)n2n1)Nc1ccc2c(c1)OCO2,0.0003167734175804071
LDFWEYVSIXIDAD-UHFFFAOYSA-N,COc1ccc(C(=O)Nc2ccc(Cl)cc2C(=O)Nc2ccncc2)cc1,0.003928651986643672
MEDFKFHQIXAAGU-UHFFFAOYSA-N,COc1cccc(NC(=O)Cn2c(C)c(C#N)c3ccccc32)c1,7.129057557904161e-05
OAMVIBKEICGPKK-UHFFFAOYSA-N,O=C(Nc1cccc(C(F)(F)F)c1)c1cc(Cl)ccc1O,0.14671108722686768
GNNLGOQVCVIUDI-UHFFFAOYSA-N,CC(C)=CCN1CCC(C(=O)Nc2ccc(-c3nc4ccccc4[nH]3)cc2)CC1,0.0002102616854244843
BTQQRTVTLFERGV-UHFFFAOYSA-N,FC(F)(F)c1ccc(Nc2nnnc3ccccc23)cc1,0.001489664660039125
MYBHZNWJSKGXNY-UHFFFAOYSA-N,CN(C)c1ccc(-c2nc3cc(N)ccc3[nH]2)cc1,0.00106631094495242
JDDWQQMMYFXZHN-UHFFFAOYSA-N,COc1cccc(O)c1CN1CCC2(CCCN(Cc3ccc(F)cc3)C2)C1,5.3502220544032754e-05
JZXJHPKFOHDMEK-UHFFFAOYSA-N,Cc1c(C)n(Cc2ccc(F)cc2)c2ccc(C(=O)NCc3ccco3)cc12,0.00012908884600619784
YGHVMEYBSUHIGF-UHFFFAOYSA-N,CCN1CCN(c2cc(C)c3cc(NC(=O)c4ccc(OC)c(OC)c4)ccc3n2)CC1,0.0014043747389223427
UZLRNDHSQJVNMP-UHFFFAOYSA-N,COc1ccccc1N1CCN(C(CNS(=O)(=O)c2ccc(Cl)cc2)c2cccnc2)CC1,9.503000510449055e-05
UYDBKTHSWIROFS-UHFFFAOYSA-N,FC(F)(F)c1cccc(Nc2nc(-c3ccccc3)nc3ncccc23)c1,0.0010432101698825136
BGNXMDRDUPEAQZ-UHFFFAOYSA-N,N=c1n(CCN2CCCCC2)c2ccccc2n1CC(O)c1cccc(Br)c1,0.0007397520064841955
ARMUMDQSBHKWPS-UHFFFAOYSA-N,O=C(Nc1ccccc1O)c1ccc(Oc2cccc(C(=O)Nc3ccccc3O)c2)cc1,0.006683398550376296
UVXZEDMTBRPOPY-UHFFFAOYSA-N,COc1ccc(CNC2CCN(c3ccc(NC(=O)c4cccc(Cl)c4)cc3)CC2)cc1OC,3.1293714891944545e-05
JDIGPHCBSICQLW-UHFFFAOYSA-N,O=C(Nc1ccsc1C(=O)NC1CCCCC1)c1ccc(F)cc1,8.414855929004262e-05
RFTGCCNSOIXDRC-UHFFFAOYSA-N,CCN(CC)c1ccc(NC(=O)c2cccs2)cc1,9.256146240659291e-05
YOPKSOBTIYZVAH-UHFFFAOYSA-N,C=C(C)CCC(C)N1CCC(N2CCC(C(=O)NCCc3ccccc3)CC2)CC1,0.0011986151832388714
BWDAURZJDFZQQM-UHFFFAOYSA-N,COc1ccc(C(=O)Nc2ccc3nc(N4CCCCC4)cc(C)c3c2)cc1OC,0.0008983372594229877
DRCASHPXYKKBNO-UHFFFAOYSA-N,CCN(CC)c1cc(C)c2cc(NC(=O)c3cccc(OC)c3)ccc2n1,0.006013953452929854
XHOIKBBJEDKHDQ-UHFFFAOYSA-N,CCOc1ccc(-c2nc(NC(=O)c3cccc(S(C)(=O)=O)c3)sc2C)cc1,0.00023241892777150496
WRZDLRLFAQCKBJ-UHFFFAOYSA-N,CC(NCc1ccccc1)c1cc(Cl)ccc1O,0.003656857032183325
ROOVJNIBQBDWFK-UHFFFAOYSA-N,O=C(Nc1ccc(CN2CCOCC2)cc1)c1ccc(-c2ccc(Br)cc2)o1,3.860906826957944e-06
JKRALBAWWDRRPL-UHFFFAOYSA-N,COc1ccc(CCN2CCC(CN(C)Cc3cnn(-c4ccccc4)c3)CC2)cc1,8.056780934566632e-05
NVJBCIZHIKOYDF-UHFFFAOYSA-N,O=C(NC(c1ccccc1)c1ccc2cccnc2c1O)c1ccccc1,0.025466911680996417
QQVOUEGGEOFBOX-UHFFFAOYSA-N,CCCc1c(C)nc2ccccc2c1O,0.0032526905997656286
BADRXCZZUGMXDN-UHFFFAOYSA-N,CN1c2ccccc2N(C)C1c1ccc2c(c1)OCO2,0.0013236595332273282
NVFMMXVDSJFVNO-UHFFFAOYSA-N,Cn1c(=O)c2cc(C(=O)NCCCN3CCCCCC3)sc2c2ccccc21,0.013257030118256807
VMUGXQGHCWYMHK-UHFFFAOYSA-N,Cc1ccc(Cl)cc1N1CCN(CCCNC(=O)C2CCN(c3nc4ccccc4[nH]3)CC2)CC1,0.0019961458572652193
LCUDPYILJFKBKX-UHFFFAOYSA-N,COc1cccc(-c2nn(C)c3sc(C(=O)NCCN4CCN(c5ccccc5F)CC4)cc23)c1,1.6109620628412812e-05
HPFVQAYLQOSFOL-UHFFFAOYSA-N,COc1cccc(Nc2nc(NCCO)c3ccccc3n2)c1,0.003345149726374075
ZWACZQHGJUMQPG-UHFFFAOYSA-N,CCOc1cc(Cl)c(C(C)NC(=O)c2cccc(OC)c2)cc1OCC,0.00014990584077168023
XSOXWLLLSNOJGJ-UHFFFAOYSA-N,CCOc1c(Cl)cc(CNC(C)C(O)c2ccccc2)cc1OC,0.00042098177364096044
OBJNNBMWUAKVOJ-UHFFFAOYSA-N,Cc1ccc(CN2CCC(C(=O)Nc3ccc(-c4cc5ccccc5[nH]4)cc3)CC2)o1,0.0011530956777278333
ILZUZHCKWZMMBI-UHFFFAOYSA-N,Cc1cc(C)c2nc(N3CCC(C(=O)NCCCN4CCC(N5CCCCC5)CC4)CC3)sc2c1,0.010247426363639534
CMDUPELKYFELQB-UHFFFAOYSA-N,CCCC(c1nnnn1C1CCCCC1)N1CCN(C(=O)c2ccco2)CC1,0.0004162162091233768
LKBBAJFXXZYVQV-UHFFFAOYSA-N,O=C(Nc1ccc(F)c(Cl)c1)Nc1ccc(Cl)c(Cl)c1,0.29193183556199076
DRTXUXSSVIINLL-UHFFFAOYSA-N,COc1ccccc1CNC(=O)C1c2ccccc2C(=O)N(CC(C)C)C1c1cccs1,0.00024335127855010797
GZKQFQMTVICWQB-UHFFFAOYSA-N,COc1ccc(N2CCN(C(CNC(=O)C3CCCCC3)c3ccc4c(c3)OCO4)CC2)cc1,3.687111275212374e-05
WTMDQRUYOZURPG-UHFFFAOYSA-N,Cc1ccc(CSCc2ccc(C(=O)NC3CC3)o2)cc1,9.4140149121813e-05
VLJWUPFUQDYBCW-UHFFFAOYSA-N,CC(=O)NCCc1nc2ccccc2n1Cc1ccc(C(C)C)cc1,0.0015485191019251944
IPXGOPWZGKLOMJ-UHFFFAOYSA-N,CCOc1cc(Br)c(C(C)NC(=O)c2cccc(OC)c2)cc1OCC,0.00010103626154887025
GIQLSYUQGQPQSU-UHFFFAOYSA-N,Cc1ccc(-c2cc(C(=O)Nc3ccc(S(=O)(=O)N4CCCCC4)cc3)[nH]n2)c(O)c1,0.0028831004165112972
AIGURZIJMUKKHV-UHFFFAOYSA-N,O=C(NCC1Cc2cccc(-c3ccncc3)c2O1)c1csc2c1CCCC2,0.0007858708064304665
LOQNUBSFUPCIAL-UHFFFAOYSA-N,Cc1[nH]c(-c2ccc(F)cc2)cc1C(=O)NC1CCN(Cc2ccccc2)CC1,0.0006947394751477987
RLHOTVBWJJMTKC-UHFFFAOYSA-N,COc1ccc(C2N(C)c3ccccc3N2C)cc1,0.0002577935913905094
HTVRCTNPJQRBFZ-UHFFFAOYSA-N,O=C(NC1CCCC1)c1ccc(N2CCC(NCc3cccc(C(F)(F)F)c3)CC2)cc1,8.940767364151725e-06
PQEMVWNERIBJJT-UHFFFAOYSA-N,CC(C)(C)c1ccc(C(=O)Nc2nc3ccccc3s2)cc1,7.212804048322141e-05
IENYQAIEIIEHTE-UHFFFAOYSA-N,CC(C)OCc1cc(CN2CCN(c3cccc(Cl)c3)CC2)c(O)c2ncccc12,0.0008547434816136956
LEJZVWKPAYYUCZ-UHFFFAOYSA-N,CCCN(CCC)CCCNC(=O)c1cc2c(-c3ccc(OC)c(OC)c3)nn(C)c2s1,0.0019309001800138503
YTILIDHNOSRDBJ-UHFFFAOYSA-N,CCN(CC)CCn1c(=N)n(CC(O)c2ccc(Cl)c(Cl)c2)c2ccccc21,0.007789694843813777
GCMHBHBSRRNKRX-UHFFFAOYSA-N,CC(C)(C)C(=O)Nc1ccc(C(=O)Nc2cccc(-c3nc4ccccc4[nH]3)c2)cc1,0.024076808243989944
UCBVGLVFCREWNM-UHFFFAOYSA-N,COc1ccc(-c2nonc2NC(=O)c2cccc(C)c2)cc1OC,0.0015071581350639463
IGCYDMHHQHPMEJ-UHFFFAOYSA-N,Oc1ccccc1CN1CCC2(CCCN(Cc3ccccc3F)C2)C1,2.3526108907390154e-05
DFPJMRVOZFONNQ-UHFFFAOYSA-N,C=CCc1c(C)nc2ccccc2c1O,0.0014367346419021487
GHWWPKGEXYATFJ-UHFFFAOYSA-N,CN1CCN(c2c3c(c(C#N)c4nc5ccccc5n24)CCC3)CC1,9.559724935570557e-06
DGDUVGYPWBZNBG-UHFFFAOYSA-N,Cc1cccc(-n2ncc3c(=O)[nH]c(-n4nc(C)cc4NC(=O)c4cc5ccccc5o4)nc32)c1,0.001112754049245268
JVJPNYGWKLOKTR-UHFFFAOYSA-N,CCN(CC)CCNc1ncnc2c1[nH]c1ccc(Br)cc12,0.003471897798590362
DVXXNAVZPFVCHP-UHFFFAOYSA-N,O=C(Nc1ccc(N2CCCCC2)c(Cl)c1)c1ccc(Br)o1,7.025048404329937e-06
OIEODRXQXFLPRV-UHFFFAOYSA-N,O=C(Nc1ccc(N2CCN(Cc3ccccc3)CC2)cc1)c1cccs1,5.5900352526805365e-05
AGNPAMOKUJCURB-UHFFFAOYSA-N,CC1CC(C)CN(C(=O)c2ccc(Cl)cc2Cl)C1,4.179533161163818e-06
WWXZPNJGLCBJPZ-UHFFFAOYSA-N,Oc1ccccc1CN1CCN(C(c2ccccc2)c2ccccc2)CC1,5.9240199061605384e-05
NMASMBWBAZCNKJ-UHFFFAOYSA-N,COc1cc(OC)cc(C(=O)Nc2ccc(-c3nc4ccccc4[nH]3)cc2)c1,0.006362468097358942
DXTQMJCEDQUJSJ-UHFFFAOYSA-N,COc1cc2cc(C(=O)Nc3ccccc3)c(N)nc2cc1OC,0.008384221419692039
HWMLVDDPYXCXLQ-UHFFFAOYSA-N,COc1nc(Nc2ccc(C(C)C)cc2)nc(OC)n1,0.0005395229425630532
DSIQFIHYYDCOLI-UHFFFAOYSA-N,COCCNCC(O)Cn1c2ccc(Cl)cc2c2cc(Cl)ccc21,0.009518571570515633
ZGEHZPOONRJVHB-UHFFFAOYSA-N,Cc1cc(NC(=O)c2cccc(C(F)(F)F)c2)n(-c2nc(-c3ccc4c(c3)OCO4)cs2)n1,0.00020974597027816343
ULJISGNQAXNPOC-UHFFFAOYSA-N,Clc1ccc2[nH]c3c(NCCCN4CCOCC4)ncnc3c2c1,0.00024372531843255273
ZRCZENZERHHISS-UHFFFAOYSA-N,CCOc1cccc(C(=O)Nc2ccc(-c3nc4ccccc4[nH]3)cc2)c1,0.0015150652965530754
UIWHEXAVANZGHK-UHFFFAOYSA-N,OC(CNC1CCCC1)Cn1c2ccccc2c2ccccc21,0.007860409514978527
HGNKPMCVRMVSIK-UHFFFAOYSA-N,O=C(NC1CCN(Cc2ccccc2)CC1)c1cc(-c2ccncc2)nc2ccc(Cl)cc12,0.0011392451939173042
VFFXYVJKHGENTG-UHFFFAOYSA-N,Clc1cc(Br)ccc1-c1ccc(CNCC2CCNCC2)o1,3.928014018583781e-06
NAUNGXOLCAXCQZ-UHFFFAOYSA-N,CCOc1ccc(C2N(C)c3ccccc3N2C)cc1,0.00016164139426564362
GPNXIOHGRPOPIQ-UHFFFAOYSA-N,CCOc1cc(CNC(C)C(O)c2ccccc2)cc(Cl)c1OCC,0.0008538097303244285
WAUKSVKCFIGKGN-UHFFFAOYSA-N,CCc1ccc(Nc2cc(C)nc3nc(C)nn23)cc1,0.0003714513755767257
GOFKBYMLZNXKGI-UHFFFAOYSA-N,COc1cccc(C2(C)Nc3ccccc3-c3nc4ccccc4n32)c1,0.002608832169789821
IJOORSDTADHPIO-UHFFFAOYSA-N,CC(C)CNC(=O)c1c(N)n(CCc2ccccc2F)c2nc3ccccc3nc12,0.0008346655704372097
GSOYKOOBWAVEGP-UHFFFAOYSA-N,Cc1cc(N2CCN(C3CCCC3)CC2)n2c(nc3ccccc32)c1C#N,1.3132021103956504e-05
CFAYJTHICHSZHC-UHFFFAOYSA-N,CCN(CC)S(=O)(=O)c1ccc(-c2csc(Nc3ccc(C)c(C)c3)n2)cc1,0.00043750957665906754
VOKMGBFTXWFEQZ-UHFFFAOYSA-N,CC(=O)Nc1nnc(SCc2c(C)cc(C(C)(C)C)cc2C)s1,0.0013468664852553046
RHNHWLJFPWGPFI-UHFFFAOYSA-N,CCCCOc1ccc(C(=O)Nc2cc(C)on2)cc1,0.0008997992845252156
ZLNMPTHIHKWLCJ-UHFFFAOYSA-N,Oc1c2c(nc3cc(-c4ccccc4)nn13)CCCC2,0.0018474371521733702
HSRJUIYSYAXNIE-UHFFFAOYSA-N,CCN(Cc1ccccc1)C1CCN(Cc2cc(Br)ccc2O)CC1,0.0002488335943780839
LGSFGFSFIHSWAC-UHFFFAOYSA-N,CC(C)(C)CC(C)(C)NCC(O)COc1ccc(Cl)cc1Cl,0.0005183354896871606
VWROENVTHCVTHF-UHFFFAOYSA-N,OC(CNCC1CCCO1)Cn1c2ccc(Cl)cc2c2cc(Cl)ccc21,0.005604485934600234
MFSAGTMHCKNNCQ-UHFFFAOYSA-N,CCn1nc(-c2ccc(C(=O)OC)cc2)nc2c(=O)n(C)c(=O)nc1-2,0.0010082651919219644
JVFMMAIMHHHKEZ-UHFFFAOYSA-N,COc1cc(SC)ccc1C(=O)N1CCCC(C)C1,5.2844029916343516e-06
XQBRDVAYQUCUCM-UHFFFAOYSA-N,COc1ccc2nc(C)cc(Nc3ccccc3O)c2c1,0.0035135072306729854
AJYMHYCXEZLKAD-UHFFFAOYSA-N,Cc1cc(NC(=O)c2ccc(-c3ccccc3)cc2)no1,0.0005203816836001351
DWIRVJIYXZLKBW-UHFFFAOYSA-N,Cc1ccc(NC(=O)Nc2cccc(Cl)c2)cc1F,0.02395528871566057
KKCUGKFGLMOMPX-UHFFFAOYSA-N,O=C(NCc1ccco1)C1CCN(S(=O)(=O)c2ccc(Br)cc2)CC1,3.338157057442004e-05
KOEIWNUJWJSLHO-UHFFFAOYSA-N,O=c1nc(C=Cc2ccc(Cl)cc2)oc2ccccc12,0.0010994900861987845
CUWSCNYUVZAUCL-UHFFFAOYSA-N,CCC(O)c1ccc(Br)cc1NC(=O)c1cccc(Cl)c1,0.0009548022469971329
WFJMXMMPYVXLFE-UHFFFAOYSA-N,O=C(Nc1cccc(-c2nc3ccccc3[nH]2)c1)c1cccc(NC(=O)c2ccco2)c1,0.0030750488978810607
YKGCXSIKRZKBAK-UHFFFAOYSA-N,COc1cc2c(cc1OC)C1=NNC(=O)C1=NC(C)(C)C2,5.503939501068089e-05
LQFKPVQRHTZUFB-UHFFFAOYSA-N,CC1(c2ccccc2)Nc2ccccc2-c2nc3ccccc3n21,0.001319857727503404
GFDLOQVUVBBATG-UHFFFAOYSA-N,COc1ccc(Nc2nc(NCc3ccccc3)c3ccccc3n2)cc1,0.0032988016959279776
CTOCGJNJJGMVFB-UHFFFAOYSA-N,Cc1cc(Nc2cccc(F)c2)nc(NCc2ccccc2)n1,0.0006978663586778566
BKZKADMBAHDGRH-UHFFFAOYSA-N,O=C1CC(O)(C(F)(F)C(F)(F)F)Oc2ccccc21,9.940205369503019e-05
UVUCEFFMTRFLDP-UHFFFAOYSA-N,O=C(NC1CCN(Cc2ccccc2)CC1)c1cc(-c2cccnc2)nc2ccc(Cl)cc12,0.0010968403657898307
UKINRRRVXPZMRM-UHFFFAOYSA-N,O=C(Nc1ccc(Br)cc1)Nc1cccc(Cl)c1,0.038196959905326365
PWAJDMSZGVJSQE-UHFFFAOYSA-N,CCOc1ccc(CCNC(=O)c2cccs2)cc1OCC,8.575035694775579e-05
IYTUWYOBMXKSBS-UHFFFAOYSA-N,COc1ccc(-c2nonc2NC(=O)c2cccc(Cl)c2)cc1OC,0.0006806013872846961
SLRRNHXGUZBHNV-UHFFFAOYSA-N,COCCn1c(C)nc2ccccc2c1=O,0.0003591382411286759
XVXWWBFSBXFBOS-UHFFFAOYSA-N,CCOc1c(Cl)cc(CNCC(O)c2ccccc2)cc1OC,0.0003674512470752234
CMUILNOQHBJOCY-UHFFFAOYSA-N,COc1ccc2nc(C)cc(Nc3ccc(Cl)cc3)c2c1,0.00110910227522254
REEHNWBVMQMHCR-UHFFFAOYSA-N,CCCCc1c(C)nc2c(OC)cccc2c1O,0.0016606871681688062
OKNYPLINMPVUFV-UHFFFAOYSA-N,COc1ccc2c(c1)C1(Nc3ccccc3-c3nc4ccccc4n31)C(=O)N2,0.010606902092695237
UJJWLXPPJYJCBA-UHFFFAOYSA-N,CCOC(=O)C1CCN(C(=O)CN2C(=O)c3ccccc3C2c2c[nH]c3ccccc23)CC1,0.007949661370366812
XWBCKKPYRUUVQU-UHFFFAOYSA-N,O=C(Nc1ccc(CN2CCOCC2)cc1)c1ccc(-c2cc(Cl)ccc2Cl)o1,1.3051294081378728e-05
NQOWXNNPHFBNDI-UHFFFAOYSA-N,CCOc1cc2c(cc1OCC)C(c1cc(C)c(O)c(C)c1)NCC2,0.0005966557066130918
NWDJYAXDXGNJBH-UHFFFAOYSA-N,Cc1sc2ncnc(Sc3nc4ccccc4[nH]3)c2c1C,0.0001282908908024183
ABAYPBNJVATNDZ-UHFFFAOYSA-N,CC(C)c1ccc(CNCC(O)c2ccccc2)cc1,0.0003982622572948458
GDDCYANZONIPGV-UHFFFAOYSA-N,Cc1c(C)n(CC(O)CNC2CCCCC2C)c2ccccc12,0.02093600113876164
KSAUAMZGQWQPHW-UHFFFAOYSA-N,CN(C)c1ccc(N2C(N)=NC(N)=NC2(C)C)cc1,0.00122761892125709
JSCXCNHLTGVPCN-UHFFFAOYSA-N,Oc1ccc(Br)cc1CN1CCN(Cc2cccc(F)c2)CC1,2.9537170212279308e-05
REQNEUGQIDRJAL-UHFFFAOYSA-N,COc1cccc(Cn2c(Oc3ccccc3)nc3c2c(=O)n(C)c(=O)n3C)c1,0.0001935517298988998
QWAVSGXBYFASKZ-UHFFFAOYSA-N,CN(C)CCNc1cc(-c2ccccc2)nc2ccccc12,0.000605865400939365
VNMWKWVDDVPSBF-UHFFFAOYSA-N,Oc1c(CN2CCN(c3ccccc3F)CC2)cc(Br)c2cccnc12,0.0005872727604582905
DLHWHOZXEPXGDY-UHFFFAOYSA-N,CCCCN(CCCC)S(=O)(=O)c1ccc(NC(=O)c2ccco2)cc1,0.00012393702218105318
UPYOCTHZNIUVDK-UHFFFAOYSA-N,COc1ccc2nc(C)cc(Nc3cccc(O)c3)c2c1,0.004788986686617136
RKVBRQUSBUXPGZ-UHFFFAOYSA-N,Clc1ccc2c(N3CCCC3)ccnc2c1,0.00034637757562450133
NJZLTVVJBFTKAW-UHFFFAOYSA-N,CCOc1ccccc1NC(=O)CN1CCN(C(=O)c2ccco2)CC1,2.1195614272073728e-05
CVEXTAUZJWYDJX-UHFFFAOYSA-N,Oc1c2c(nc3ccccc13)CCCC2,0.003546417417237535
COULAVLDMWPPTB-UHFFFAOYSA-N,CCOc1ccccc1CN1CCc2nc3cc(C(C)(C)C)nn3c(O)c2C1,0.0019757208414375783
ZPWUTBCALSFPJQ-UHFFFAOYSA-N,Cc1cc(N2CCCC2)nc(Nc2ccc(NC(=O)CCc3ccccc3)cc2)n1,0.0013167995610274374
YVFMXQOVHCJUFX-UHFFFAOYSA-N,CN1CCN(c2ncnc3c2[nH]c2ccc(Cl)cc23)CC1,9.035415896505584e-05
MPEZJSYGXVVBLY-UHFFFAOYSA-N,COc1cccc(C(=O)Nc2ccc(-c3nc4ccccc4[nH]3)cc2)c1,0.0013290925649926066
YIQFCULBVMFGTR-UHFFFAOYSA-N,CN(C)CCCNCc1ccc(-c2ccc(F)c(Cl)c2)o1,2.0173874008833082e-05
QIFXARBSCYEPAY-UHFFFAOYSA-N,CCC(=O)Nc1nnc(Cc2ccc(OC)c(OC)c2)s1,0.0010786534810904413
CDKKRSGGFNLVQB-UHFFFAOYSA-N,OC(CNCc1ccccc1)Cn1c2ccccc2c2ccccc21,0.00507676606066525
MIWSMVFRSRGVDM-UHFFFAOYSA-N,O=c1nc(C=Cc2ccc(Br)cc2)oc2ccccc12,0.0008052127202972769
IFUQBAKVTWMUSZ-UHFFFAOYSA-N,CCOc1cc2c(cc1OCC)C(c1cc(Cl)c(O)c(OCC)c1)NCC2,0.0005707876509404742
OCKIKBXJWZGGOE-UHFFFAOYSA-N,COc1ccc2nc(N)nc(C)c2c1,0.005775384174194187
LFLQZYHNBHYRKF-UHFFFAOYSA-N,COc1ccc(N2CCN(C(CNC(=O)CC(C)(C)C)c3ccc4c(c3)OCO4)CC2)cc1,6.51694420412241e-05
REFKXIHTNUONND-UHFFFAOYSA-N,COc1ccc(C(=O)C2CC2c2ccc(Cl)cc2)cc1,3.707163500621391e-05
LHVBSLSWEHZJFL-UHFFFAOYSA-N,COc1ccc(CN2CCN(Cc3ccccc3)CC2)c(O)c1,6.810632939959759e-05
QVNAHIYRPRUQQY-UHFFFAOYSA-N,COc1ccc(C(=O)NC(c2ccc(Cl)cc2Cl)c2cc(Cl)c3cccnc3c2O)cc1,0.01555838193744421
AQPNTDLFSJHABR-UHFFFAOYSA-N,CCN1CCN(c2c(C(=O)c3ccccc3)cnc3cc(OC)c(OC)cc23)CC1,0.00010652044775270043
WJZWXNNJEAGCKQ-UHFFFAOYSA-N,CCCCCCn1c(=N)n(CC(O)COc2cccc(C)c2)c2ccccc21,0.018175993207842113
KMUSVINZSCTMHQ-UHFFFAOYSA-N,CCOC(=O)c1cnc2ccc(Cl)cc2c1NCCCN(C)C,0.0012188168388092891
OCRPJJVCTSPKOU-UHFFFAOYSA-N,OC1=C2C(=Nc3ccccc3SC2c2ccc(Br)cc2)c2ccccc21,0.0009087734506465495
WYEUQKAJSMQNMO-UHFFFAOYSA-N,CC(C)(C)c1ccc(C(=O)Nc2c3c(nn2-c2cccc(Cl)c2)CSC3)cc1,6.092820003686938e-05
OZYJOQMLIVLHOG-UHFFFAOYSA-N,O=C1c2ccccc2C2=Nc3ccccc3SC(c3cccc(F)c3)C12,0.00013121021456754533
OWEYKIWAZBBXJK-UHFFFAOYSA-N,Oc1ccc(C(=C(Cl)Cl)c2ccc(O)cc2)cc1,0.03829703936353326
QHYRELLXJDJBHO-UHFFFAOYSA-N,O=C1c2ccccc2-c2nnc(-c3ccc(Br)cc3)cc21,0.0006128351815277711
JNLBPEFJUBUZMX-UHFFFAOYSA-N,Cc1nc2ccccc2c(O)c1CC=C(Cl)Cl,0.0002006008117530267
PTBLMHUNNYYRFT-UHFFFAOYSA-N,OC1CCCCC1C1(NC(=S)Nc2ccccc2)CCCCC1,0.00022857141689200944
WIVFVYUMESTSJC-UHFFFAOYSA-N,Cc1ccccc1OCCSc1nc2ccc(NC(=O)c3ccccc3)cc2s1,0.0026983230432961135
SNLLGJBMDQWSKR-UHFFFAOYSA-N,O=C(NCCCN1CCC(N2CCCCC2)CC1)C1=Cc2cc(Br)ccc2OC1,0.001390255126170814
KYWAOSYDNLSUNS-UHFFFAOYSA-N,COc1ccc(OC)c(C2C3=C(CC(C)(C)CC3=O)N(c3ccc(Cl)c(Cl)c3)C3=C2C(=O)CC(C)(C)C3)c1,3.2399286601503265e-05
PDSVCVIYQCAHPK-UHFFFAOYSA-N,CC(C)(C)c1ccc2c(c1)CN(Cc1ccc(Cl)cc1)CO2,0.0003607054546591826
QHKAIZZULJHVRC-UHFFFAOYSA-N,CC(=O)c1ccc(NC(=O)CSc2nc(-c3ccccc3Cl)ns2)cc1,0.0001307977243413916
FZFXKVXUQPPZJU-UHFFFAOYSA-N,CCCCCn1c(=N)n(CC(O)COc2cccc(C)c2)c2ccccc21,0.016955090500414372
CPJKJYRQDTXRIM-UHFFFAOYSA-N,CCOC(=O)C1(Cc2ccccc2)CCN(Cc2cccc(OC)c2O)CC1,7.629861484019785e-05
RGXXAMTXVCJIHY-UHFFFAOYSA-N,Cc1ccc(S(=O)(=O)c2c(COC(=O)c3cccc(C)c3)c(-c3ccccc3)nn2C)cc1,0.00010803963414218742
ANYCHFNVJOZGEJ-UHFFFAOYSA-N,Cc1ccc(OCCCCCCNCCO)c(C)c1,0.0015047842487547313
HNTLASMDVDSBKJ-UHFFFAOYSA-N,CCOC(=O)C1=C(C)N=c2sc(=Cc3cc(Cl)ccc3O)c(=O)n2C1c1ccc(OC)cc1,0.0010766340885311366
SSIMQXGQNYOUGF-UHFFFAOYSA-N,COc1ccc(C)c2sc(N(Cc3cccnc3)C(=O)c3ccc(C#N)cc3)nc12,4.411359459481901e-05
YGDWDKVACVMXAO-UHFFFAOYSA-N,Cc1ccnc(NC(c2cccc(OCc3ccccc3)c2)c2ccc3cccnc3c2O)c1,0.006086369371041655
BDFXCUHFXTXXJL-UHFFFAOYSA-N,CCCCC(O)(c1ccc(Cl)cc1)C(CN1CCOCC1)c1ccc(Cl)cc1,0.00013337245327420532
UEYKQFKCXMRWNW-UHFFFAOYSA-N,Cc1cc(=O)oc2c1ccc1oc(C(=O)c3ccccc3)c(C)c12,0.001503334369044751
RILRKUIAPLEMSF-UHFFFAOYSA-N,CC(C)CCNCC(O)Cn1c2ccccc2c2ccccc21,0.010692573734559119
FOQJAGNDQYWIRF-UHFFFAOYSA-N,FC(F)(F)c1cccc(Nc2nc3ccccc3nc2Nc2cccc(C(F)(F)F)c2)c1,0.0009123220705077983
CFQPOWRJAPPJEW-UHFFFAOYSA-N,COc1ccc2c(c1OC)C(=O)N1c3ccccc3N=C(c3ccc(C)cc3)CC21,8.736339723327546e-05
TZGKWYPKVUZODV-UHFFFAOYSA-N,CC1=C(CC(=O)c2cccc([N+](=O)[O-])c2)C(=O)c2ccccc2C1=O,0.000547893938710331
ICDBBXTXPHUQSO-UHFFFAOYSA-N,CCCCCCc1cc(O)c2c3c(c(=O)oc2c1)CCC(C)C3,0.00478932122932747
YZWSNRVLZSNSPQ-UHFFFAOYSA-N,O=C(Nc1ccc(C23CC4CC(CC(c5ccccc5)(C4)C2)C3)cc1)c1cccs1,0.00029634147031174505
MGYMDXAUKBVLMO-UHFFFAOYSA-N,Cc1ccc2nc(C)cc(Nc3cccc(C(F)(F)F)c3)c2c1,0.0012644559385080357
PXYOGWFHUSGTGE-UHFFFAOYSA-N,COc1ccc(-c2cc(=O)oc3c4c(ccc23)OCN(Cc2ccc(F)cc2)C4)cc1,0.00017526701121823863
CTVWIVNUGCNAIM-UHFFFAOYSA-N,COc1ccc(CCNC(=O)c2cc(S(=O)(=O)N3CC(C)CC(C)C3)ccc2Sc2ccc(F)cc2)cc1OC,4.427562885211955e-06
SZQXHLKSXDMJKW-UHFFFAOYSA-N,Cc1ccc(C2CC(C(F)(F)F)n3nc(C(=O)N4CCN(C(c5ccccc5)c5ccccc5)CC4)cc3N2)cc1,1.3312167232015781e-05
WKMNOOGFBWXMIY-UHFFFAOYSA-N,CC1CCN(Cc2c(O)ccc3cc(-c4nc5ccccc5s4)c(=O)oc23)CC1,0.002366533339954913
DBVHRKVRLJTZND-UHFFFAOYSA-N,O=c1cc(NC2CCN(CCCc3ccccc3)CC2)c2cc(Cl)ccc2o1,0.0003779841441428289
INBPMTNLYMLYAC-UHFFFAOYSA-N,CCOC(=O)c1cnc2c(C)cccc2c1Nc1ccc(C(C)=O)cc1,0.0004970443667843937
MLCOGORERKDZTI-UHFFFAOYSA-N,Cc1ccc2cc3c(N)c4c(C)ccc(C)c4nc3nc2c1,0.09179582521319389
DYRXAXDGAQMJDP-UHFFFAOYSA-N,COc1cccc(C(=O)NC(c2ccc(C)cc2)c2cc(Cl)c3cccnc3c2O)c1,0.004565299302339554
XVEBRLBGCRNIRF-UHFFFAOYSA-N,CCOc1ccc(Nc2c3ccccc3nc3ccccc23)cc1,0.00995103856548667
RRQWNGSEMNJXDW-UHFFFAOYSA-N,CCOc1ccc2c(c1)CN(Cc1ccc(Cl)cc1)CO2,0.0003604395620641299
HURFFFRCSHQNDT-UHFFFAOYSA-N,CCOC(=O)C1=C(C)N=c2sc(=Cc3ccccc3O)c(=O)n2C1c1ccc(OC)c2ccccc12,0.0006344195804558695
XVZPJJOTGNAWKX-UHFFFAOYSA-N,COc1ccc(C2C(C(=O)Nc3cccc(OC)c3)c3ccccc3C(=O)N2C2CCCCC2)cc1,0.00028073269277228974
ZCGSWVONWBMRJF-UHFFFAOYSA-N,COc1ccccc1N1C(=N)SC(=Cc2ccc(OCc3ccccc3F)cc2)C1=O,7.717181797488593e-05
KEJLFKFXGPPPCZ-UHFFFAOYSA-N,CCOc1ccc(-n2cc(-c3ccccc3)c3c(SCc4cc(C)ccc4C)ncnc32)cc1,0.0027386484049202408
YHXCXRGIXGMGEO-UHFFFAOYSA-N,CCCCOC(=O)c1ccc(Nc2cc(C)nc3ccc(OC)cc23)cc1,0.010976858623325824
BBZAEOUKIQSLMH-UHFFFAOYSA-N,c1ccc2c(NCCc3c[nH]c4ccccc34)c3ccccc3nc2c1,0.07568339258432388
PKWCSGIFKDUSFR-UHFFFAOYSA-N,CCCc1c(C)nc2ccc(Br)cc2c1O,0.002909639774588868
SCUWNIHBUXBXKG-UHFFFAOYSA-N,Nc1ccc(-c2nc3cc(Cc4ccc5[nH]c(-c6ccc(N)cc6)nc5c4)ccc3[nH]2)cc1,0.13201396465301513
IYNUCVAQGDCTFO-UHFFFAOYSA-N,c1ccc2c(NCCCCCCNc3c4c(nc5ccccc35)CCCC4)c3c(nc2c1)CCCC3,0.45474769473075866
FVPGDNMUJUZFSC-UHFFFAOYSA-N,Cc1ccc(C)c(Cn2c(N3CCC(C(=O)NCc4cccs4)CC3)nc3ccccc32)c1,8.971290444605983e-05
SUVBDWQXLWTGRI-UHFFFAOYSA-N,COc1ccc(C2NCCc3c2[nH]c2ccccc32)cc1CN1CCN(c2ccc(F)cc2)CC1,0.0002227635442977771
USSCYZYKABYKAR-UHFFFAOYSA-N,CCCCCCC(O)(c1ccc(F)cc1)C(CN1CCOCC1)c1ccccc1,4.982953778380761e-05
RABBDXVGZMQIBS-UHFFFAOYSA-N,COc1cc(OC)cc(N2C(=O)N(Cc3ccc(C(C)(C)C)cc3)c3ccccc3S2(=O)=O)c1,9.647277784097241e-05
DALJFINQIRVMMQ-UHFFFAOYSA-N,O=C(Nc1ccc(-c2nc3cc4ccccc4cc3[nH]2)cc1)c1cccc(Br)c1,0.0036302927415817975
KTSYTPMUPYCPFS-UHFFFAOYSA-N,CCN(CC)CCCNc1ccnc2cc3ccccc3cc12,0.026575241610407828
MCPYFZZYCDSJLZ-UHFFFAOYSA-N,CCCOCc1cc(CN2CCN(c3cccc(Cl)c3)CC2)c(O)c2ncccc12,0.00263684606179595
KVRONVFSLVQHAC-UHFFFAOYSA-N,O=C(NC1CCCCC1)C(c1cccs1)N(CCc1ccccc1)C(=O)c1ccco1,0.0002108803080773214
XXIXVRIIZYQKQQ-UHFFFAOYSA-N,COc1ccc(C(=O)NC(c2ccccc2Cl)c2cc(Cl)c3cccnc3c2O)cc1,0.015652230381965636
IXXFUMUBUIACJY-UHFFFAOYSA-N,CCOC(=O)c1cnc2c(CC)cccc2c1O,0.0014791268207773101
AWTRJSJHAUPRTB-UHFFFAOYSA-N,Cc1ccccc1OCCSc1nc2ccc(NC(=O)c3cccs3)cc2s1,0.0006186478000017815
BKARIVRTTVHMED-UHFFFAOYSA-N,COc1ccc(C(O)(CCC(C)C)C(CN2CCOCC2)c2ccc(Cl)cc2)cc1,2.201194001827389e-05
GHWXGIMICMXCPZ-UHFFFAOYSA-N,CCOc1c(Br)cc(C2C(C(=O)OC)=CN(C)C=C2C(=O)OC)cc1OC,8.410539594478952e-05
YDYIMBIBJGKUCE-UHFFFAOYSA-N,Cc1ccc(F)cc1NC(=O)c1cc(Cl)ccc1Nc1ccccc1,0.00010914433460129658
SJRKOTAQYRWPTE-UHFFFAOYSA-N,COc1cc(-c2nc(-c3ccc(Sc4ccccc4)cc3)c(-c3ccccc3)[nH]2)cc(OC)c1O,0.011773680243641138
HXQRIHGYIOARQJ-UHFFFAOYSA-N,COc1ccc(-c2cc3c(nn2)-c2ccccc2C3=O)cc1,0.0017202861432451754
AUWXBXONGHYVQA-UHFFFAOYSA-N,N=c1c2ccccc2nnn1-c1cccc(C(F)(F)F)c1,0.002362039143918082
UKHSRZJVKOZGAD-UHFFFAOYSA-N,OC(Cn1nnc2ccccc21)Cn1c2ccc(Br)cc2c2cc(Br)ccc21,0.005335882119834423
FNGPGEHLNKUIHA-UHFFFAOYSA-N,COc1ccc(CN2CCCC(C(=O)c3ccc(C(F)(F)F)cc3)C2)c(O)c1,3.3199606878042684e-05
DGBJSVJYBSICRH-UHFFFAOYSA-N,CCCCCCc1cc2cc(-c3nc4ccccc4[nH]3)c(=Nc3ccccc3C)oc2cc1O,0.037123571150004864
NVDLICVFRRZMPR-UHFFFAOYSA-N,Brc1ccc(Nc2nc3ccccc3nc2Nc2ccc(Br)cc2)cc1,0.0016028336889576168
CPNKFVYTKCVGFT-UHFFFAOYSA-N,Cc1ccc(-c2nc3ccccc3o2)cc1NCc1cc(Cc2ccccc2)ccc1O,0.0017234891303814948
UFEMDLAFOZMSRW-UHFFFAOYSA-N,Cc1cc(Nc2ccc(OCc3ccccc3)cc2)nc2cc(O)ccc12,0.004670031531713903
UMEQDRXHICXZHW-UHFFFAOYSA-N,c1ccc(C2=Nc3ccccc3N=C(c3ccccc3)c3ccccc32)cc1,0.0019966690801084042
LBHMIHHQIMMEAI-UHFFFAOYSA-N,Cc1cccc(N2C(=O)C3C(C2=O)C2(c4ccccc4)C(=O)C3(c3ccccc3)C(c3ccc4c(c3)OCO4)=C2c2ccc3c(c2)OCO3)c1,1.4151121695249458e-05
UANYQOUDIMIUKC-UHFFFAOYSA-N,O=C(Cc1ccccc1)NC(c1ccc(Cl)cc1)c1c(O)ccc2ccccc12,0.013084744289517402
MOQNWJSCPYWTQR-UHFFFAOYSA-N,CN(C)c1ccc(N=Cc2ccc(N3CCOCC3)cc2)cc1,3.6139184928174473e-06
UWOLEGVHCLTYCB-UHFFFAOYSA-N,CCN(CC)CCNc1ccnc2cc3ccccc3cc12,0.011460437485948206
CRBJTYVJVJERPH-UHFFFAOYSA-N,COc1ccc(C2c3ccc4ccccc4c3Oc3ncn(CCCn4ccnc4)c(=N)c32)cc1OC,0.004564727601245977
QKVXPISYSQXMSA-UHFFFAOYSA-N,CN(N=O)C1=C(NC2CCCCC2)C(=O)c2ccccc2C1=O,0.0015566893154755235
WJUOPSPFQSXVSK-UHFFFAOYSA-N,O=C(NC1CCN(Cc2ccccc2)CC1)c1cc(C(=O)NC2CCN(Cc3ccccc3)CC2)cc(C(=O)NC2CCN(Cc3ccccc3)CC2)c1,0.0010310352663509548
BCFBJGOOAHACFI-UHFFFAOYSA-N,CCOc1cc2c(cc1OCC)C(c1cc(Cl)ccc1O)NCC2,0.0005646754168992629
XZVGOIOCGWFOMX-UHFFFAOYSA-N,COc1ccc(-c2cn3c(C(=O)Nc4ccccc4Cl)c(-c4ccccc4)c4c3n2CCCC4)cc1,0.0001849739463068545
KEUFFISILHOPIT-UHFFFAOYSA-N,CCCCc1c(CCC)c(=N)c2ccccc2n1C,0.06167011754587293
YKGNLEQTTOPKRJ-UHFFFAOYSA-N,CC1CC2=C(CC1CNCCCN(C)C)C(C)(C)CCC2,0.0027296987160298158
KYFSFPKFVYKTCB-UHFFFAOYSA-N,CC(Oc1ccc(NC(=O)c2cccs2)cc1)C(=O)c1ccc(Cl)cc1,0.0004911496303975582
NLYAJWBXKKMDFW-UHFFFAOYSA-N,CCOC(=O)c1c(C)n(-c2ccccc2)c2ccc(OC(=O)c3cc(OC)c(OC)c(OC)c3)cc12,9.07597126570181e-05
DFAPSRVPHLAGPM-UHFFFAOYSA-N,COc1ccc2sc(N(Cc3cccnc3)C(=O)c3ccc(C#N)cc3)nc2c1,5.384935830079485e-05
TVZWPPUCJIAREL-UHFFFAOYSA-N,COc1ccc(C2c3ccc4ccccc4c3Oc3ncn(CCCN(C)C)c(=N)c32)cc1,0.007936542900279165
TZQBMINEPXWUBX-UHFFFAOYSA-N,c1ccc(CNc2nc(Nc3ccccc3)nc3ccccc23)cc1,0.0037743867142125964
AMDACVCCXDZOTC-UHFFFAOYSA-N,Cc1ccc(C(=O)c2oc3ccc4c(C)cc(=O)oc4c3c2C)cc1,0.0009581136051565409
UUOFLIYGLOGPNZ-UHFFFAOYSA-N,COc1ccc(C=C2SC(Nc3ccc(F)cc3)=NC2=O)c(OC)c1,5.2275965936132705e-05
HGBMOUZLBAYJRN-UHFFFAOYSA-N,CCCCCCc1cc2cc(-c3csc(C=Cc4ccccc4)n3)c(=O)oc2cc1O,0.020737595856189728
GIIJJSVNYMYHHB-UHFFFAOYSA-N,COc1ccc(C=C2SC(Nc3ccccc3)=NC2=O)cc1,1.7449885035603074e-05
APMHAUXGTHQWRF-UHFFFAOYSA-N,COc1ccc(CNC(=O)c2cc3c(=O)n4ccccc4nc3n(CCc3ccccc3)c2=N)cc1,0.0032574831158854066
NPWXHTXMBIOHKI-UHFFFAOYSA-N,Cn1c(=O)n(C)c2cc(CNCCNc3ccnc4cc(Cl)ccc34)ccc21,0.016287481319159268
KDWYQXRDCTWRIT-UHFFFAOYSA-N,CCOc1ccc2nc(C)cc(Nc3ccc(N(C)C)cc3)c2c1,0.008759170956909656
FBKIPJLWVIZHGV-UHFFFAOYSA-N,CCOC(=O)C1=CN(C)C=C(C(=O)OCC)C1c1cc(Br)c(OCC)c(OC)c1,5.062897271273278e-05
LGNBLZYJZBTMFO-UHFFFAOYSA-N,N#Cc1nc(Cc2cccc3ccccc23)oc1N1CCN(C(c2ccccc2)c2ccccc2)CC1,4.564375024074252e-05
MZVSIBXXRHWCLZ-UHFFFAOYSA-N,CCOc1ccc2nc(C)cc(Nc3ccc(Br)cc3)c2c1,0.002017929218709469
JQINXLFRYGCJDZ-UHFFFAOYSA-N,COc1ccccc1C(=O)ON=C(N)Cc1cccc2ccccc12,0.02653239667415619
DFOCUWZXJBAUSQ-UHFFFAOYSA-N,COc1cc2c3cc1Oc1c(OC)c(OC)cc4c1C(Cc1ccc(O)c(c1)Oc1ccc(cc1)CC3N(C)CC2)N(C)CC4,0.0014117241807980463
WLBJJWICAOVTHR-UHFFFAOYSA-N,O=C(Nc1ccc(-c2nc3cc(NC(=O)c4ccc(Cl)cc4)ccc3[nH]2)cc1)c1ccc(Cl)cc1,0.02447234857827425
WVQDCAUNYTWULI-UHFFFAOYSA-N,CCOC(=O)c1cnc2ccc(OC)cc2c1NCc1ccccc1,0.001033109411946498
GMSVPBCCVMQLIL-UHFFFAOYSA-N,Nc1nc(Nc2cccc(F)c2)nc2ccccc12,0.001380509155569598
UTXULAAHKMRIJF-UHFFFAOYSA-N,COc1cccc(Nc2nc(N)c3ccccc3n2)c1,0.003996375680435449
LOZZMOMMUQKBDU-UHFFFAOYSA-N,Cc1sc(NC(=O)c2ccccc2)c(C(c2cccs2)N2CCN(c3ccccc3)CC2)c1C,1.570514473314688e-05
WCDCWOPXWWVJBQ-UHFFFAOYSA-N,CCOC(=O)c1cnc2ccc(OC)cc2c1Nc1ccc(N2CCN(C)CC2)cc1,0.000561235570057761
BOJAXOHWYZMMKZ-UHFFFAOYSA-N,O=C(NC1CCN(Cc2ccccc2)CC1)c1cc2nc(-c3ccc(Cl)s3)cc(C(F)(F)F)n2n1,6.80093919072533e-05
VTHMRLOUPKJVSL-UHFFFAOYSA-N,CN1CCN(c2nc(Nc3ccc(O)cc3)nc3ccccc23)CC1,0.0003269503402407281
NUSKKJAEDSKKNC-UHFFFAOYSA-N,CN1C=C(c2ccc3ccccc3n2)C(c2c[nH]c3ccccc23)c2ccccc21,0.03920594397932291
LFPPEIQRWSPQQB-UHFFFAOYSA-N,Oc1ccc(-c2nc(-c3ccc4oc5ccc(-c6[nH]c(-c7ccc(O)cc7)nc6-c6ccccc6)cc5c4c3)c(-c3ccccc3)[nH]2)cc1,0.019365315325558186
DCYHFXPFOLJRAD-UHFFFAOYSA-N,CC(C)(C)c1ccc(C2CC3=Nc4ccccc4N(C(=O)c4ccccc4Cl)C(c4ccc(F)cc4)C3=C(O)C2)cc1,0.0005864626378752291
JWFSARIOZVATFH-UHFFFAOYSA-N,OC(CNC1CCCCC1)Cn1c2ccc(I)cc2c2cc(I)ccc21,0.009775062836706639
UDBUKNAECQQGSK-UHFFFAOYSA-N,Oc1ccc(Br)cc1CN1CCN(Cc2ccc(Cl)cc2)CC1,0.00013749282043136192
SCEVFJUWLLRELN-UHFFFAOYSA-N,O=C(Nc1cccc(C2=NCCN2)c1)Nc1cccc(C2=NCCN2)c1,0.005026649893261492
YDVUTDAMJFFBOB-UHFFFAOYSA-N,O=C(CCl)NCCOc1ccc(Cl)cc1Cl,0.006275887519586831
VLQRTOJDGFJEIE-UHFFFAOYSA-N,CCOc1ccc(N2C(N)=NC(N)=NC2(C)C)cc1,0.0006951691837457474
WMKBBWXQNFSSNO-UHFFFAOYSA-N,COc1ccc(CCn2c(=N)c(C(=O)NCc3cccnc3)cc3c(=O)n4cccc(C)c4nc32)cc1,0.004216027387883514
SSTCHTLFFVJUGP-UHFFFAOYSA-N,COc1ccc(Nc2cc(C)nc(NCc3ccccc3)n2)cc1,0.0019038768485188484
XZBVMYTVRGGDKI-UHFFFAOYSA-N,O=C1c2ccc3c4c(ccc(c24)C(=O)N1CCCCO)C(=O)N(CCCCO)C3=O,0.0028558620484545826
RPSRHRCHOHZXED-UHFFFAOYSA-N,COc1ccc(C(=O)C(CCC(CNC(C)(C)C)C(=O)c2ccc(OC)cc2)CNC(C)(C)C)cc1,0.00025625214657338803
UTQRIOBWBSBXPN-UHFFFAOYSA-N,COc1cc(CNCCc2ccc(Cl)cc2)cc(OC)c1O,0.00100526814640034
ZDPIZPXVHVYTOK-UHFFFAOYSA-N,O=C(Nc1ccc(Cl)c(Cl)c1)Nc1ccc(Cl)c(Cl)c1,0.2625758297741413
VPVZJFQMADAAFG-UHFFFAOYSA-N,COc1ccc(CCN2C(=O)c3[nH]nc(-c4cc(Cl)c(C)cc4O)c3C2c2ccccc2F)cc1,0.0035402819514274595
UHDGCWIWMRVCDJ-ZRTZXPPTSA-N,Nc1ccn(C2O[C@H](CO)[C@@H](O)[C@H]2O)c(=O)n1,0.018950394913554193
CLJWLZOKIOKORQ-UHFFFAOYSA-N,COc1ccc(-c2nc(N3CCN(C(=O)C4CCCCC4)CC3)c3c4c(sc3n2)CCCC4)cc1,9.02913159734453e-05
FXAACWMPVQEXMR-UHFFFAOYSA-N,COc1cc(C(=O)Nc2nc3c(cc4c5c(cccc53)CC4)s2)cc(OC)c1OC,0.002007896362920292
GXFUZNHIKQMEJC-UHFFFAOYSA-N,N=c1n(CCN2CCCCC2)c2ccccc2n1CC(=O)c1ccc(Cl)c(Cl)c1,3.952460992877605e-05
APCPGRSHWZYJEA-UHFFFAOYSA-N,Cc1ccc(C)c(-c2csc(Nc3ccc(C)c(C)c3)n2)c1,0.0024626858066767454
LESBHTSZBYJXQC-UHFFFAOYSA-N,Oc1ccc2ccccc2c1CNc1nc2ccccc2[nH]1,0.0016647251235553996
GWQSXPMDIQADHQ-UHFFFAOYSA-N,COc1cc(-c2nc(-c3ccccc3)c(-c3ccccc3)[nH]2)cc(OC)c1O,0.005316347349435091
WNUCKYJPYJTWOD-UHFFFAOYSA-N,CCOc1ccc(CN2CCN(CC(O)COc3ccc(OCC(O)CN4CCN(Cc5ccc(OCC)cc5)CC4)cc3)CC2)cc1,6.781848769605858e-05
AIDJWZIOMBFHID-UHFFFAOYSA-N,COc1cc(C(=O)Nc2ccc(-c3nc4ccccc4[nH]3)cc2)cc(OC)c1OC,0.005343831842765212
MNGKSEZZXHVVJO-UHFFFAOYSA-N,CCCCNc1nc(NC(C)(C)C)nc(NC(C)(C)C)n1,0.0019417840840134204
WJNJQDQWGRQWCD-UHFFFAOYSA-N,Oc1c(C(Nc2ccccn2)c2cccc(Oc3ccccc3)c2)ccc2cccnc12,0.0058796687982976435
RDBXCICTXSDJIF-UHFFFAOYSA-N,CCOc1ccc(Nc2ccnc3cc(Cl)ccc23)cc1,0.0007130006881197915
QYUQRGXIYNUYLQ-UHFFFAOYSA-N,Cc1sc(NC(=O)c2ccco2)c(C(c2cccnc2)N2CCC(Cc3ccccc3)CC2)c1C,3.0436460087912563e-05
ZXUCJVKVIHOLFR-UHFFFAOYSA-N,Cc1ccc2c(C)nc(Nc3nc(C)cc(-c4ccccc4)n3)nc2c1,0.004794028494507075
RDKPMNKWSNJWRL-UHFFFAOYSA-N,CCn1c2c(c(=N)c3c1CCC3)CCCC2,0.021955605113180354
ADZFTCMTEDATTQ-UHFFFAOYSA-N,COc1cc(C(=O)ON=C(N)Cc2cccc3ccccc23)cc(OC)c1OC,0.005316192307509482
VJIWWQYBJJTYSK-UHFFFAOYSA-N,O=C1C2=C(Nc3ccccc3SC2c2ccccc2)c2ccccc21,0.00021687898642994697
QCBKONNTXDMMSS-UHFFFAOYSA-N,COC(=O)c1ccc(C2C3=C(O)CC(c4ccc(F)cc4)CC3=Nc3ccccc3N2C(=O)c2ccccc2)cc1,8.563091760152019e-05
DIEQMPSZRNQVTH-UHFFFAOYSA-N,O=C(Nc1ccc(-c2nc3ccccc3[nH]2)cc1)c1ccc(Cl)c(Cl)c1,0.0010785315069369971
YEZKDQMRCWMZNO-UHFFFAOYSA-N,CC(=O)c1sc(NC(=O)Nc2ccc(C)cc2C)nc1C,0.0008391205112275202
LFMFPKKYRXFHHZ-UHFFFAOYSA-N,Cc1ccc(Nc2nc(N)c3ccccc3n2)cc1Cl,0.0029968190065119416
PNOKFRCVUHGEFF-UHFFFAOYSA-N,Cc1cc(N(C)C)nc(Nc2ccc(NC(=O)Nc3ccccc3)cc2)n1,0.0064310165005736055
HWGSLBXHTZZQOT-UHFFFAOYSA-N,COC(=O)c1ccc(Cl)c2c1C1C=CCC1C(c1cccc3ccccc13)N2,0.00010779432468552841
SBIMKWJCWBQRSQ-UHFFFAOYSA-N,O=C(NNc1cc(N2CCCC2)nc(N2CCCC2)n1)c1ccccc1,0.00010498086194274948
DMYOHQBLOZMDLP-UHFFFAOYSA-N,O=C(CCc1ccccc1)c1ccccc1OCC(O)CN1CCCCC1,8.99318827123352e-06
BMKGPFYHMVCWLJ-UHFFFAOYSA-N,CCCn1c(=N)c(C(=O)NC2CCCCC2)cc2c(=O)n3cccc(C)c3nc21,0.012015211151447148
LDGHXXCRHWODHH-UHFFFAOYSA-N,Nc1ccc(-c2nc3cc(Oc4ccc(Oc5ccc6[nH]c(-c7ccc(N)cc7)nc6c5)cc4)ccc3[nH]2)cc1,0.18357013165950775
PPSIRBXGBCWYRP-UHFFFAOYSA-N,COc1ccc(Nc2nc(NN=Cc3ccc(O)cc3)nc(Nc3ccc([N+](=O)[O-])cc3)n2)cc1,0.0020181726198643447
IRYFDSQLAQPRJR-UHFFFAOYSA-N,Cn1c(C(=O)c2cccc3ccccc23)nc2ccccc21,0.0009078318485990167
RVPGAQKKCJHKJX-UHFFFAOYSA-N,CCc1ccc(CNCC(O)c2ccccc2)cc1,0.001228080860892078
ZGMMVVYGDFQTBB-UHFFFAOYSA-N,OCCNc1nc(Nc2ccc(Cl)c(Cl)c2)nc2ccccc12,0.002803838613908738
