key,input,CYP2C9_inhib,CYP2C9_subs
ALGPHOUNWIZIOQ-UHFFFAOYSA-N,COc1ccccc1CNC(=O)CCn1c(=O)[nH]c2ccsc2c1=O,0.386,0.4
QFVDKARCPMTZCS-UHFFFAOYSA-N,CN(C)c1ccc(C(O)(c2ccc(N(C)C)cc2)c2ccc(N(C)C)cc2)cc1,0.25,0.373
HKNNPGWJKJDXCN-UHFFFAOYSA-N,Cc1ccc(-c2cc3c(SCC(=O)Nc4cc(C(F)(F)F)ccc4Cl)nccn3n2)cc1,0.53,0.64
QQNUVMRXVVLAAU-UHFFFAOYSA-N,CCOC(=O)C1=C(c2ccccc2)N=c2sc(=Cc3cc(C)n(-c4ccc(F)cc4)c3C)c(=O)n2C1c1cccc(OC)c1OC,0.514,0.515
MSGARPVVCYTSLR-UHFFFAOYSA-N,CCOC(=O)c1cnc2c(C)cc(C)cc2c1Nc1ccc(OC)c(OC)c1,0.431,0.473
OINUBRUVZASSAQ-UHFFFAOYSA-N,Cc1cc(C)cc(Nc2cc(C)nc3nc(C(F)(F)F)nn23)c1,0.48,0.378
AZZXQPIFKYDBCE-UHFFFAOYSA-N,CCC1(C)CC(CCNCc2ccccc2O)(c2ccc(C)cc2)CCO1,0.352,0.475
PZWRJRCMVZQVJZ-UHFFFAOYSA-N,CCc1c(C)c(=N)c2ccccc2n1C,0.194,0.375
DHRLFEJASBKCIX-UHFFFAOYSA-N,Cc1cc(C=C2SC(=Nc3ccccc3)N(C3CCCC3)C2=O)c(C)n1-c1ccc(Cl)cc1,0.418,0.517
MDEZQGGMJQGHSE-UHFFFAOYSA-N,Cc1cccc(Nc2nc(N)c3ccccc3n2)c1,0.278,0.277
RXQJJBRAANNIDY-UHFFFAOYSA-N,COc1cc(OC)c(N(C)C(=O)c2cc3c(s2)-c2ccccc2S(=O)(=O)C3)cc1Cl,0.417,0.425
FCLDOLAQOJSJQS-UHFFFAOYSA-N,Cc1ccc(N2C(=O)C3C(C2=O)C2(c4ccccc4)C(=O)C3(c3ccccc3)C(c3ccccc3)=C2c2ccccc2)cc1,0.494,0.505
DBMWJGNXJQSAFH-UHFFFAOYSA-N,COc1ccc(Br)cc1C1Nc2ccc3ccccc3c2C2=C1C(=O)CC(c1ccccc1)C2,0.451,0.518
TXAHZBLJKKTYRX-UHFFFAOYSA-N,CCc1ccc(Nc2cc(C)c3ccc(O)cc3n2)cc1,0.286,0.418
YWTIYHOQOGEVON-UHFFFAOYSA-N,CCn1c(CN2CCN(Cc3ccccc3)CC2)nc2cc(NC(=O)c3cccs3)ccc21,0.382,0.49
HJNQYIKLYITOGQ-UHFFFAOYSA-N,O=C(NCC(c1ccsc1)N1CCCCCC1)c1ccc(C(F)(F)F)cc1,0.299,0.473
YUNBRHOGRKHXNG-UHFFFAOYSA-N,Fc1ccc2[nH]c3c(NCCCN4CCOCC4)ncnc3c2c1,0.319,0.331
NNTIUAYUQKWPSI-UHFFFAOYSA-N,CCCCCC(=O)N1c2ccccc2N=C2CC(c3ccc(OC)c(OC)c3)CC(O)=C2C1c1ccc(C(F)(F)F)cc1,0.424,0.523
JAPBALWUJAIERZ-UHFFFAOYSA-N,CCCc1c(CC)c(=N)c2ccccc2n1C,0.205,0.473
VLUCXPDTWDLJRX-UHFFFAOYSA-N,Cc1cc(Nc2ccc(C)c(Cl)c2)n2nc(C(F)(F)F)nc2n1,0.514,0.457
QITUAKDIBCEXLI-UHFFFAOYSA-N,Cc1cc(NCCN2CCCCC2)c2ccc3ccccc3c2n1,0.309,0.432
MHYOLZRPLFWQHQ-UHFFFAOYSA-N,CCOC(=O)c1cn(CC)c2cc(N(C)CCc3ccc(OC)c(OC)c3)c(F)cc2c1=O,0.415,0.514
ILMGWMKPCOEJRH-UHFFFAOYSA-N,CC1CCN(Cc2ccc(NC(=O)c3cc4ccc5cccnc5c4[nH]3)cc2)CC1,0.478,0.479
ZJARZYJNVSBADE-UHFFFAOYSA-N,CSc1ccccc1C(=O)Nc1nc(-c2ccccn2)cs1,0.356,0.531
OWDSNDZARSGGNT-UHFFFAOYSA-N,O=[N+]([O-])c1ccc(C=NNc2nc3ccccc3[nH]2)cc1,0.34,0.343
IZBVFEBRVULVNU-UHFFFAOYSA-N,COc1ccc(-c2nc(NC(=O)CS(=O)(=O)c3ccc(F)cc3)sc2C)cc1,0.369,0.41
VMGRDSCIXPOFON-UHFFFAOYSA-N,COc1ccc(C(C)=O)cc1N1C(=O)C2C(C1=O)C1(c3ccccc3)C(=O)C2(c2ccccc2)C(c2ccc(C)cc2)=C1c1ccc(C)cc1,0.463,0.52
VJGUBCUGFXDMEX-UHFFFAOYSA-N,CN(C)CCCNc1c2ccccc2nc2ccccc12,0.213,0.345
DSQFFQFYQVGMPS-UHFFFAOYSA-N,CNCCCNc1ccnc2cc(Cl)ccc12,0.232,0.345
HGHQOEUVKUMVFT-KRWDZBQOSA-N,COc1cccc(NC(=O)[C@H](C(C)C)n2c(=O)[nH]c3ccccc3c2=O)c1,0.468,0.462
RTQBJPVFCOCBHF-UHFFFAOYSA-N,COc1ccc(C2=C(c3ccc(OC)cc3)C3(c4ccccc4)C(=O)C2(c2ccccc2)C2C(=O)N(c4ccc(C)cc4)C(=O)C23)cc1,0.466,0.499
VCVMLWDTGJJHIX-UHFFFAOYSA-N,CSC1=NC(=Nc2c(C)cccc2C)C2(CCC(C(C)(C)C)CC2)N1c1ccc(Cl)cc1,0.403,0.547
CHKCMNYNCPRLNW-UHFFFAOYSA-N,COc1ccc(-c2cc3c(SCC(=O)Nc4cc(C(F)(F)F)ccc4Cl)nccn3n2)cc1,0.547,0.597
XRACNDLDEFBNBB-UHFFFAOYSA-N,COc1ccc(-c2c(C)nn3c(N)c(C#N)cnc23)cc1OC,0.366,0.348
ZJDRIKAAFJMYGX-UHFFFAOYSA-N,O=C(O)C1Cc2c([nH]c3ccccc23)C(c2ccc(Cl)cc2Cl)N1,0.362,0.415
GONCPXNUBXWDEU-UHFFFAOYSA-N,COc1ccccc1CNC(=O)CCn1c(=O)[nH]c2ccccc2c1=O,0.371,0.369
PHHQJRNBHFUTSH-UHFFFAOYSA-N,Oc1ccccc1CNCC12CC3CC(CC(C3)C1)C2,0.168,0.396
YBPABXGFEMOUTB-UHFFFAOYSA-N,COc1ccc(C=C2SC(=N)N(c3ccccc3OC)C2=O)cc1,0.384,0.426
JTVHIQJYLQMKRA-UHFFFAOYSA-N,CC(C)(C)c1ccc(O)c(CNC2CCCCC2)c1,0.165,0.423
NJNKZMOPGWSRLN-UHFFFAOYSA-N,CCOC(=O)c1c(NC(=O)c2ccccc2)sc2c(O)c(CN(CC)CC)ccc12,0.423,0.527
WPVMVODGPNYYEV-UHFFFAOYSA-N,Cc1cc(Nc2ccc3ccccc3c2)n2ncnc2n1,0.411,0.316
ZVEVUZGCZYQIMB-UHFFFAOYSA-N,COc1ccc(NC(=O)C2c3ccccc3C(=O)N(CC(C)C)C2c2cccs2)cc1Cl,0.456,0.515
VNJSYWPAPLJIMK-UHFFFAOYSA-N,CCOC(=O)c1c(C)n(-c2ccc(Cl)cc2)c2ccc(OC(=O)C=Cc3ccccc3)cc12,0.535,0.582
QZKGUNQLVFEEBA-UHFFFAOYSA-N,CN1CCN(c2ccc(Nc3c4ccccc4nc4ccccc34)cc2)CC1,0.34,0.44
PESIVUUPADYIOC-UHFFFAOYSA-N,CN(C)c1ccc(C=Cc2nc(=O)c3ccccc3o2)cc1,0.356,0.491
OJGAAQMNLKYWSQ-UHFFFAOYSA-N,CCN(CC)CCNc1ccnc2cc(Cl)ccc12,0.251,0.376
LJXMGMZOYDGWON-UHFFFAOYSA-N,CC1CN(C(=O)c2sc3ccccc3c2Cl)CC(C)O1,0.161,0.505
WUHHKFJFGLSSEG-UHFFFAOYSA-N,CCCN(CCC)CC(O)COc1ccccc1C(=O)Nc1ccccc1,0.347,0.433
FNBBFRCDCVFRON-UHFFFAOYSA-N,C=CC12CCN(CC1)C(C(O)c1ccnc3ccc(OC)cc13)C2,0.329,0.362
ODFXNYIMNBBYHF-UHFFFAOYSA-N,CCC(c1ccccc1)c1nn2c(-c3cccs3)nnc2s1,0.354,0.476
DAEPSCKFIWDJAQ-UHFFFAOYSA-N,c1ccc(Cn2c(N=Nc3c(Nc4ccccc4)ccc4ccccc34)nc3ccccc32)cc1,0.514,0.547
VKKYZYNAWYQWQN-UHFFFAOYSA-N,OC(CNC1CCCCC1)Cn1c2ccccc2c2ccccc21,0.213,0.416
ZYENOBGPADGVLM-UHFFFAOYSA-N,Cc1cc(C)c2c(c1)OCN(Cc1ccccc1Cl)C2,0.211,0.485
QTAGZWRQMULFSI-UHFFFAOYSA-N,Cc1ccc(N2C3c4ccccc4N(S(=O)(=O)c4ccc(C)cc4)C2c2ccccc2N3S(=O)(=O)c2ccc(C)cc2)cc1,0.4,0.529
YCGDUUJJIKNHJN-UHFFFAOYSA-N,Cc1cc(NC(=O)C2c3ccccc3C(=O)N(CC(C)C)C2c2cccs2)no1,0.515,0.462
YZZGEZJZTYYZGG-UHFFFAOYSA-N,CCN(CC)CCNc1ncnc2c1[nH]c1ccc(Cl)cc12,0.338,0.378
CUIFAZGMBMAGJT-UHFFFAOYSA-N,Cc1ccc(-c2cc3nc4c(c(O)n3n2)CCCC4)cc1,0.259,0.395
CKMFSEFIICIERE-UHFFFAOYSA-N,COc1ccccc1N=C1C(=O)c2ccccc2C(O)=C1N1CCCCC1,0.346,0.556
LPLSLEOFBMPIFG-UHFFFAOYSA-N,COc1ccc2c(=O)cc(C(Cl)(Cl)Cl)oc2c1,0.245,0.486
JYZGRMRMVUUYHG-UHFFFAOYSA-N,CCCc1cc(O)c2c3c(c(=O)oc2c1)CN(C)CC3,0.202,0.283
ZFOFJXFVCJQXBL-UHFFFAOYSA-N,CCOC(=O)c1cnc2ccc(CC)cc2c1O,0.244,0.345
UAHNYHPLYYIAEP-UHFFFAOYSA-N,COc1ccc(-c2nc3cc(Cc4ccc5[nH]c(-c6ccc(OC)cc6)nc5c4)ccc3[nH]2)cc1,0.389,0.474
IBSWNYUEVDLHHN-UHFFFAOYSA-N,CCN1CCN(Cc2ccc(NC(=O)c3cc4ccc5cccnc5c4[nH]3)cc2)CC1,0.453,0.434
JAKRPPRRAOYEHH-UHFFFAOYSA-N,COc1ccc(-n2ccnc2SCC(=O)Nc2cc(C)ccc2C)c(OC)c1,0.413,0.466
ZMRHGYILDNXKHW-UHFFFAOYSA-N,CCCCCCOC(=O)C1=C(C)NC(=O)NC1c1ccccc1F,0.42,0.548
CMTZXCREJMUZHB-UHFFFAOYSA-N,Cc1cc(Nc2ccc(Cl)cc2)n2nc(C(F)(F)F)nc2n1,0.477,0.407
WFECTHLZLLOZSO-UHFFFAOYSA-N,COc1cccc(C=Cc2nc(=O)c3ccccc3o2)c1OC,0.343,0.447
MIOCKRHUPUDHKN-UHFFFAOYSA-N,CCOc1cc2c(cc1OCC)C(c1cc(OC)c(O)cc1Cl)NCC2,0.399,0.33
RRDUBKZHUJXICD-UHFFFAOYSA-N,CCOC(=O)c1cn(CC)c2cc(N3CCCCC3)c(F)cc2c1=O,0.328,0.533
RHZLKBRFIAZMTN-UHFFFAOYSA-N,Cc1ccc(Nc2nc(NCCO)c3ccccc3n2)cc1C,0.343,0.319
NQJASZMLBMBHRG-UHFFFAOYSA-N,COc1ccc2c(c1)OC(O)(C(F)(F)C(F)(F)F)CC2=O,0.294,0.339
LGNTZQIHXXXLLH-UHFFFAOYSA-N,COc1ccc(NC(=O)C2c3ccccc3C(=O)N(CC(C)C)C2c2cccs2)cc1,0.428,0.482
VJESMEKAFRORJB-UHFFFAOYSA-N,O=C(CSc1nccn2nc(-c3ccccc3)cc12)Nc1cc(C(F)(F)F)ccc1Cl,0.595,0.618
BFLBDFBTHQVGNL-UHFFFAOYSA-N,c1ccc2cc3c(Nc4ccc(N5CCOCC5)cc4)ccnc3cc2c1,0.41,0.408
MGUKTDNBGKTMHQ-UHFFFAOYSA-N,CCOC(=O)c1ccc2nc(-c3ccccc3)cc(O)c2c1,0.377,0.421
UFFSSWFJZSCGMP-UHFFFAOYSA-O,C[n+]1c2ccccc2nc2ccc(NCCO)cc21,0.27,0.283
RUPCNQRICRCGRU-UHFFFAOYSA-N,COc1ccc(C(=O)Nc2nonc2-c2ccc(OC)c(OC)c2)cc1Cl,0.348,0.343
XCRBIEGWIQBOCM-UHFFFAOYSA-N,Cc1ccc(Nc2nc(-c3ccccn3)cs2)cc1,0.289,0.458
OAAGWQPTMMCQCB-UHFFFAOYSA-N,CCOc1ccc(-c2nonc2NC(=O)c2cccc(C)c2)cc1OCC,0.394,0.444
ITHVHASAWMAMQC-UHFFFAOYSA-N,Cc1ccc(-c2cc3c(nn2)-c2ccccc2C3=O)cc1,0.237,0.393
LAXUZBKJDUGZGQ-UHFFFAOYSA-N,CCOc1cc(Cl)c(C(C)NC(=O)c2ccccc2)cc1OCC,0.298,0.57
HUNTUYGOSLDWGM-UHFFFAOYSA-N,CC1CCCCN1CCCNC(=O)c1ccc2c(c1)sc1nc(-c3ccc(F)cc3)cn12,0.346,0.506
CCICOXSOKKGTBB-UHFFFAOYSA-N,CCn1c(SCC(=O)Nc2cc(C(F)(F)F)ccc2Cl)nc2ccccc2c1=O,0.507,0.608
IYLHACLYXXXIOJ-UHFFFAOYSA-N,O=C(Nc1ccc(Cl)cc1C(=O)Nc1ccncc1)c1ccc(Cl)cc1Cl,0.468,0.53
AOAJAGJXWRKYKA-UHFFFAOYSA-N,Cc1ccc(Cn2c(N3CCC(C(=O)NCc4cccs4)CC3)nc3ccccc32)cc1,0.399,0.546
GDEYSCBSQAECPV-UHFFFAOYSA-N,CCCCc1ccc(NS(=O)(=O)c2cc3c4c(c2)CCN4C(=O)CC3)cc1,0.335,0.441
ZDXWENNHTOBFEW-UHFFFAOYSA-N,O=C(Nc1ccc(Cl)cc1)N1CCN(c2ccc3nncn3n2)CC1,0.336,0.413
HXUXYRJTNVKJTO-UHFFFAOYSA-N,COc1ccc(C2Sc3ccccc3N=C3C2=C(O)c2ccccc23)cc1,0.419,0.561
CICSCGMRUIMBNF-UHFFFAOYSA-N,Oc1ccc(Cl)cc1CNc1nc2ccccc2[nH]1,0.313,0.302
DQZLPBBLYGATJO-UHFFFAOYSA-N,CC(C)(C)CC(C)(C)NCC(O)COc1ccc2c(c1)CCC2,0.248,0.386
DFOQWCGMBXUJKJ-UHFFFAOYSA-N,FC(F)(F)c1cccc(CNC2CCN(CCc3ccccc3)CC2)c1,0.301,0.499
BQRBPWDQFAYRAI-UHFFFAOYSA-N,CCC(C)NCC(O)(c1ccc(Cl)cc1)c1ccc(Cl)cc1,0.183,0.481
YGUJXWRSBKIISC-UHFFFAOYSA-N,COCCN(C(=O)Cc1cccs1)C(C(=O)NCc1ccc(OC)cc1)c1ccc(C(C)C)cc1,0.443,0.539
NDVQELHLBFVILT-UHFFFAOYSA-N,COCCNC(=O)c1ccc(OC2CCN(Cc3ccc(F)c(F)c3)CC2)c(Cl)c1,0.404,0.474
LMSHBISGTIUFDO-UHFFFAOYSA-N,CCOc1ccccc1CNC(=O)C1c2ccccc2C(=O)N(CC(C)C)C1c1cccs1,0.417,0.527
KHTUVFPJQCSGIT-UHFFFAOYSA-N,CC(O)(c1ccc(Cl)cc1)C(CN1CCCCC1)c1ccccc1,0.297,0.476
OGXCZPHWSGKJGK-UHFFFAOYSA-N,O=C(Nc1nc(-c2ccccn2)cs1)c1ccccc1Br,0.345,0.491
CCLAOBVTVUUPGH-UHFFFAOYSA-N,CCOc1ccc(C=Cc2nc(=O)c3ccccc3o2)cc1,0.368,0.531
SAQHCMSUQDTMSF-UHFFFAOYSA-N,c1ccc(-c2ccc(-c3nc4ccccc4[nH]3)cc2)cc1,0.359,0.394
ZQJNQURMLQTVGE-UHFFFAOYSA-N,O=C(c1ccccc1F)N(Cc1ccc(Cl)cc1)c1ccccn1,0.334,0.528
SNXTZYJOMPIHKM-UHFFFAOYSA-N,CCN(CC)CCCNc1nc(-c2ccc(Cl)cc2)nc2ccccc12,0.331,0.519
MNENUMVAFKDMEM-UHFFFAOYSA-N,CCCCNCC(O)(c1ccc(Cl)cc1)c1ccc(Cl)cc1,0.22,0.502
SQSMBCLFXHSESJ-UHFFFAOYSA-N,O=C(CCc1ccco1)NC1CCN(CC2(c3ccc(Cl)cc3)CCC2)CC1,0.352,0.538
OOBLFXAIBBLOKO-UHFFFAOYSA-N,O=C(Nc1ccccc1O)c1ccc(-c2ccc(Cl)cc2Cl)o1,0.364,0.477
LETUQHBGUBCUTE-UHFFFAOYSA-N,O=C(NCc1ccco1)C1CCN(S(=O)(=O)c2ccc(Cl)cc2)CC1,0.387,0.41
RNVMJWXSJBTWTP-UHFFFAOYSA-N,CCOc1cccc2sc(N(Cc3cccnc3)C(=O)C3CCCCC3)nc12,0.386,0.533
HCHXPMOIMAHZOG-UHFFFAOYSA-N,O=C(CSc1ccc2nnc(-c3cccc(F)c3)n2n1)Nc1ccc2c(c1)OCO2,0.418,0.456
LDFWEYVSIXIDAD-UHFFFAOYSA-N,COc1ccc(C(=O)Nc2ccc(Cl)cc2C(=O)Nc2ccncc2)cc1,0.456,0.42
MEDFKFHQIXAAGU-UHFFFAOYSA-N,COc1cccc(NC(=O)Cn2c(C)c(C#N)c3ccccc32)c1,0.355,0.474
OAMVIBKEICGPKK-UHFFFAOYSA-N,O=C(Nc1cccc(C(F)(F)F)c1)c1cc(Cl)ccc1O,0.332,0.429
GNNLGOQVCVIUDI-UHFFFAOYSA-N,CC(C)=CCN1CCC(C(=O)Nc2ccc(-c3nc4ccccc4[nH]3)cc2)CC1,0.435,0.416
BTQQRTVTLFERGV-UHFFFAOYSA-N,FC(F)(F)c1ccc(Nc2nnnc3ccccc23)cc1,0.342,0.364
MYBHZNWJSKGXNY-UHFFFAOYSA-N,CN(C)c1ccc(-c2nc3cc(N)ccc3[nH]2)cc1,0.212,0.286
JDDWQQMMYFXZHN-UHFFFAOYSA-N,COc1cccc(O)c1CN1CCC2(CCCN(Cc3ccc(F)cc3)C2)C1,0.343,0.499
JZXJHPKFOHDMEK-UHFFFAOYSA-N,Cc1c(C)n(Cc2ccc(F)cc2)c2ccc(C(=O)NCc3ccco3)cc12,0.378,0.553
YGHVMEYBSUHIGF-UHFFFAOYSA-N,CCN1CCN(c2cc(C)c3cc(NC(=O)c4ccc(OC)c(OC)c4)ccc3n2)CC1,0.329,0.393
UZLRNDHSQJVNMP-UHFFFAOYSA-N,COc1ccccc1N1CCN(C(CNS(=O)(=O)c2ccc(Cl)cc2)c2cccnc2)CC1,0.452,0.48
UYDBKTHSWIROFS-UHFFFAOYSA-N,FC(F)(F)c1cccc(Nc2nc(-c3ccccc3)nc3ncccc23)c1,0.527,0.495
BGNXMDRDUPEAQZ-UHFFFAOYSA-N,N=c1n(CCN2CCCCC2)c2ccccc2n1CC(O)c1cccc(Br)c1,0.384,0.448
ARMUMDQSBHKWPS-UHFFFAOYSA-N,O=C(Nc1ccccc1O)c1ccc(Oc2cccc(C(=O)Nc3ccccc3O)c2)cc1,0.397,0.347
UVXZEDMTBRPOPY-UHFFFAOYSA-N,COc1ccc(CNC2CCN(c3ccc(NC(=O)c4cccc(Cl)c4)cc3)CC2)cc1OC,0.443,0.486
JDIGPHCBSICQLW-UHFFFAOYSA-N,O=C(Nc1ccsc1C(=O)NC1CCCCC1)c1ccc(F)cc1,0.348,0.482
RFTGCCNSOIXDRC-UHFFFAOYSA-N,CCN(CC)c1ccc(NC(=O)c2cccs2)cc1,0.244,0.414
YOPKSOBTIYZVAH-UHFFFAOYSA-N,C=C(C)CCC(C)N1CCC(N2CCC(C(=O)NCCc3ccccc3)CC2)CC1,0.356,0.494
BWDAURZJDFZQQM-UHFFFAOYSA-N,COc1ccc(C(=O)Nc2ccc3nc(N4CCCCC4)cc(C)c3c2)cc1OC,0.367,0.426
DRCASHPXYKKBNO-UHFFFAOYSA-N,CCN(CC)c1cc(C)c2cc(NC(=O)c3cccc(OC)c3)ccc2n1,0.424,0.448
XHOIKBBJEDKHDQ-UHFFFAOYSA-N,CCOc1ccc(-c2nc(NC(=O)c3cccc(S(C)(=O)=O)c3)sc2C)cc1,0.386,0.458
WRZDLRLFAQCKBJ-UHFFFAOYSA-N,CC(NCc1ccccc1)c1cc(Cl)ccc1O,0.22,0.43
ROOVJNIBQBDWFK-UHFFFAOYSA-N,O=C(Nc1ccc(CN2CCOCC2)cc1)c1ccc(-c2ccc(Br)cc2)o1,0.382,0.496
JKRALBAWWDRRPL-UHFFFAOYSA-N,COc1ccc(CCN2CCC(CN(C)Cc3cnn(-c4ccccc4)c3)CC2)cc1,0.361,0.502
NVJBCIZHIKOYDF-UHFFFAOYSA-N,O=C(NC(c1ccccc1)c1ccc2cccnc2c1O)c1ccccc1,0.463,0.487
QQVOUEGGEOFBOX-UHFFFAOYSA-N,CCCc1c(C)nc2ccccc2c1O,0.248,0.26
BADRXCZZUGMXDN-UHFFFAOYSA-N,CN1c2ccccc2N(C)C1c1ccc2c(c1)OCO2,0.223,0.344
NVFMMXVDSJFVNO-UHFFFAOYSA-N,Cn1c(=O)c2cc(C(=O)NCCCN3CCCCCC3)sc2c2ccccc21,0.338,0.459
VMUGXQGHCWYMHK-UHFFFAOYSA-N,Cc1ccc(Cl)cc1N1CCN(CCCNC(=O)C2CCN(c3nc4ccccc4[nH]3)CC2)CC1,0.459,0.402
LCUDPYILJFKBKX-UHFFFAOYSA-N,COc1cccc(-c2nn(C)c3sc(C(=O)NCCN4CCN(c5ccccc5F)CC4)cc23)c1,0.461,0.447
HPFVQAYLQOSFOL-UHFFFAOYSA-N,COc1cccc(Nc2nc(NCCO)c3ccccc3n2)c1,0.368,0.335
ZWACZQHGJUMQPG-UHFFFAOYSA-N,CCOc1cc(Cl)c(C(C)NC(=O)c2cccc(OC)c2)cc1OCC,0.412,0.494
XSOXWLLLSNOJGJ-UHFFFAOYSA-N,CCOc1c(Cl)cc(CNC(C)C(O)c2ccccc2)cc1OC,0.32,0.468
OBJNNBMWUAKVOJ-UHFFFAOYSA-N,Cc1ccc(CN2CCC(C(=O)Nc3ccc(-c4cc5ccccc5[nH]4)cc3)CC2)o1,0.454,0.474
ILZUZHCKWZMMBI-UHFFFAOYSA-N,Cc1cc(C)c2nc(N3CCC(C(=O)NCCCN4CCC(N5CCCCC5)CC4)CC3)sc2c1,0.362,0.445
CMDUPELKYFELQB-UHFFFAOYSA-N,CCCC(c1nnnn1C1CCCCC1)N1CCN(C(=O)c2ccco2)CC1,0.375,0.47
LKBBAJFXXZYVQV-UHFFFAOYSA-N,O=C(Nc1ccc(F)c(Cl)c1)Nc1ccc(Cl)c(Cl)c1,0.306,0.46
DRTXUXSSVIINLL-UHFFFAOYSA-N,COc1ccccc1CNC(=O)C1c2ccccc2C(=O)N(CC(C)C)C1c1cccs1,0.419,0.506
GZKQFQMTVICWQB-UHFFFAOYSA-N,COc1ccc(N2CCN(C(CNC(=O)C3CCCCC3)c3ccc4c(c3)OCO4)CC2)cc1,0.375,0.434
WTMDQRUYOZURPG-UHFFFAOYSA-N,Cc1ccc(CSCc2ccc(C(=O)NC3CC3)o2)cc1,0.224,0.517
VLJWUPFUQDYBCW-UHFFFAOYSA-N,CC(=O)NCCc1nc2ccccc2n1Cc1ccc(C(C)C)cc1,0.301,0.498
IPXGOPWZGKLOMJ-UHFFFAOYSA-N,CCOc1cc(Br)c(C(C)NC(=O)c2cccc(OC)c2)cc1OCC,0.412,0.476
GIQLSYUQGQPQSU-UHFFFAOYSA-N,Cc1ccc(-c2cc(C(=O)Nc3ccc(S(=O)(=O)N4CCCCC4)cc3)[nH]n2)c(O)c1,0.413,0.376
AIGURZIJMUKKHV-UHFFFAOYSA-N,O=C(NCC1Cc2cccc(-c3ccncc3)c2O1)c1csc2c1CCCC2,0.373,0.557
LOQNUBSFUPCIAL-UHFFFAOYSA-N,Cc1[nH]c(-c2ccc(F)cc2)cc1C(=O)NC1CCN(Cc2ccccc2)CC1,0.435,0.462
RLHOTVBWJJMTKC-UHFFFAOYSA-N,COc1ccc(C2N(C)c3ccccc3N2C)cc1,0.181,0.368
HTVRCTNPJQRBFZ-UHFFFAOYSA-N,O=C(NC1CCCC1)c1ccc(N2CCC(NCc3cccc(C(F)(F)F)c3)CC2)cc1,0.35,0.48
PQEMVWNERIBJJT-UHFFFAOYSA-N,CC(C)(C)c1ccc(C(=O)Nc2nc3ccccc3s2)cc1,0.313,0.51
IENYQAIEIIEHTE-UHFFFAOYSA-N,CC(C)OCc1cc(CN2CCN(c3cccc(Cl)c3)CC2)c(O)c2ncccc12,0.402,0.533
LEJZVWKPAYYUCZ-UHFFFAOYSA-N,CCCN(CCC)CCCNC(=O)c1cc2c(-c3ccc(OC)c(OC)c3)nn(C)c2s1,0.395,0.43
YTILIDHNOSRDBJ-UHFFFAOYSA-N,CCN(CC)CCn1c(=N)n(CC(O)c2ccc(Cl)c(Cl)c2)c2ccccc21,0.366,0.496
GCMHBHBSRRNKRX-UHFFFAOYSA-N,CC(C)(C)C(=O)Nc1ccc(C(=O)Nc2cccc(-c3nc4ccccc4[nH]3)c2)cc1,0.542,0.431
UCBVGLVFCREWNM-UHFFFAOYSA-N,COc1ccc(-c2nonc2NC(=O)c2cccc(C)c2)cc1OC,0.347,0.39
IGCYDMHHQHPMEJ-UHFFFAOYSA-N,Oc1ccccc1CN1CCC2(CCCN(Cc3ccccc3F)C2)C1,0.306,0.451
DFPJMRVOZFONNQ-UHFFFAOYSA-N,C=CCc1c(C)nc2ccccc2c1O,0.223,0.266
GHWWPKGEXYATFJ-UHFFFAOYSA-N,CN1CCN(c2c3c(c(C#N)c4nc5ccccc5n24)CCC3)CC1,0.301,0.388
DGDUVGYPWBZNBG-UHFFFAOYSA-N,Cc1cccc(-n2ncc3c(=O)[nH]c(-n4nc(C)cc4NC(=O)c4cc5ccccc5o4)nc32)c1,0.476,0.376
JVJPNYGWKLOKTR-UHFFFAOYSA-N,CCN(CC)CCNc1ncnc2c1[nH]c1ccc(Br)cc12,0.342,0.376
DVXXNAVZPFVCHP-UHFFFAOYSA-N,O=C(Nc1ccc(N2CCCCC2)c(Cl)c1)c1ccc(Br)o1,0.325,0.572
OIEODRXQXFLPRV-UHFFFAOYSA-N,O=C(Nc1ccc(N2CCN(Cc3ccccc3)CC2)cc1)c1cccs1,0.317,0.479
AGNPAMOKUJCURB-UHFFFAOYSA-N,CC1CC(C)CN(C(=O)c2ccc(Cl)cc2Cl)C1,0.183,0.48
WWXZPNJGLCBJPZ-UHFFFAOYSA-N,Oc1ccccc1CN1CCN(C(c2ccccc2)c2ccccc2)CC1,0.216,0.496
NMASMBWBAZCNKJ-UHFFFAOYSA-N,COc1cc(OC)cc(C(=O)Nc2ccc(-c3nc4ccccc4[nH]3)cc2)c1,0.421,0.365
DXTQMJCEDQUJSJ-UHFFFAOYSA-N,COc1cc2cc(C(=O)Nc3ccccc3)c(N)nc2cc1OC,0.291,0.355
HWMLVDDPYXCXLQ-UHFFFAOYSA-N,COc1nc(Nc2ccc(C(C)C)cc2)nc(OC)n1,0.264,0.309
DSIQFIHYYDCOLI-UHFFFAOYSA-N,COCCNCC(O)Cn1c2ccc(Cl)cc2c2cc(Cl)ccc21,0.378,0.412
ZGEHZPOONRJVHB-UHFFFAOYSA-N,Cc1cc(NC(=O)c2cccc(C(F)(F)F)c2)n(-c2nc(-c3ccc4c(c3)OCO4)cs2)n1,0.473,0.5
ULJISGNQAXNPOC-UHFFFAOYSA-N,Clc1ccc2[nH]c3c(NCCCN4CCOCC4)ncnc3c2c1,0.354,0.347
ZRCZENZERHHISS-UHFFFAOYSA-N,CCOc1cccc(C(=O)Nc2ccc(-c3nc4ccccc4[nH]3)cc2)c1,0.417,0.42
UIWHEXAVANZGHK-UHFFFAOYSA-N,OC(CNC1CCCC1)Cn1c2ccccc2c2ccccc21,0.2,0.366
HGNKPMCVRMVSIK-UHFFFAOYSA-N,O=C(NC1CCN(Cc2ccccc2)CC1)c1cc(-c2ccncc2)nc2ccc(Cl)cc12,0.447,0.555
VFFXYVJKHGENTG-UHFFFAOYSA-N,Clc1cc(Br)ccc1-c1ccc(CNCC2CCNCC2)o1,0.367,0.403
NAUNGXOLCAXCQZ-UHFFFAOYSA-N,CCOc1ccc(C2N(C)c3ccccc3N2C)cc1,0.194,0.383
GPNXIOHGRPOPIQ-UHFFFAOYSA-N,CCOc1cc(CNC(C)C(O)c2ccccc2)cc(Cl)c1OCC,0.341,0.524
WAUKSVKCFIGKGN-UHFFFAOYSA-N,CCc1ccc(Nc2cc(C)nc3nc(C)nn23)cc1,0.33,0.339
GOFKBYMLZNXKGI-UHFFFAOYSA-N,COc1cccc(C2(C)Nc3ccccc3-c3nc4ccccc4n32)c1,0.331,0.451
IJOORSDTADHPIO-UHFFFAOYSA-N,CC(C)CNC(=O)c1c(N)n(CCc2ccccc2F)c2nc3ccccc3nc12,0.51,0.309
GSOYKOOBWAVEGP-UHFFFAOYSA-N,Cc1cc(N2CCN(C3CCCC3)CC2)n2c(nc3ccccc32)c1C#N,0.379,0.443
CFAYJTHICHSZHC-UHFFFAOYSA-N,CCN(CC)S(=O)(=O)c1ccc(-c2csc(Nc3ccc(C)c(C)c3)n2)cc1,0.435,0.517
VOKMGBFTXWFEQZ-UHFFFAOYSA-N,CC(=O)Nc1nnc(SCc2c(C)cc(C(C)(C)C)cc2C)s1,0.386,0.615
RHNHWLJFPWGPFI-UHFFFAOYSA-N,CCCCOc1ccc(C(=O)Nc2cc(C)on2)cc1,0.303,0.391
ZLNMPTHIHKWLCJ-UHFFFAOYSA-N,Oc1c2c(nc3cc(-c4ccccc4)nn13)CCCC2,0.335,0.361
HSRJUIYSYAXNIE-UHFFFAOYSA-N,CCN(Cc1ccccc1)C1CCN(Cc2cc(Br)ccc2O)CC1,0.307,0.492
LGSFGFSFIHSWAC-UHFFFAOYSA-N,CC(C)(C)CC(C)(C)NCC(O)COc1ccc(Cl)cc1Cl,0.305,0.49
VWROENVTHCVTHF-UHFFFAOYSA-N,OC(CNCC1CCCO1)Cn1c2ccc(Cl)cc2c2cc(Cl)ccc21,0.407,0.472
MFSAGTMHCKNNCQ-UHFFFAOYSA-N,CCn1nc(-c2ccc(C(=O)OC)cc2)nc2c(=O)n(C)c(=O)nc1-2,0.289,0.361
JVFMMAIMHHHKEZ-UHFFFAOYSA-N,COc1cc(SC)ccc1C(=O)N1CCCC(C)C1,0.216,0.441
XQBRDVAYQUCUCM-UHFFFAOYSA-N,COc1ccc2nc(C)cc(Nc3ccccc3O)c2c1,0.301,0.35
AJYMHYCXEZLKAD-UHFFFAOYSA-N,Cc1cc(NC(=O)c2ccc(-c3ccccc3)cc2)no1,0.429,0.395
DWIRVJIYXZLKBW-UHFFFAOYSA-N,Cc1ccc(NC(=O)Nc2cccc(Cl)c2)cc1F,0.285,0.473
KKCUGKFGLMOMPX-UHFFFAOYSA-N,O=C(NCc1ccco1)C1CCN(S(=O)(=O)c2ccc(Br)cc2)CC1,0.378,0.414
KOEIWNUJWJSLHO-UHFFFAOYSA-N,O=c1nc(C=Cc2ccc(Cl)cc2)oc2ccccc12,0.33,0.522
CUWSCNYUVZAUCL-UHFFFAOYSA-N,CCC(O)c1ccc(Br)cc1NC(=O)c1cccc(Cl)c1,0.326,0.466
WFJMXMMPYVXLFE-UHFFFAOYSA-N,O=C(Nc1cccc(-c2nc3ccccc3[nH]2)c1)c1cccc(NC(=O)c2ccco2)c1,0.508,0.426
YKGCXSIKRZKBAK-UHFFFAOYSA-N,COc1cc2c(cc1OC)C1=NNC(=O)C1=NC(C)(C)C2,0.245,0.28
LQFKPVQRHTZUFB-UHFFFAOYSA-N,CC1(c2ccccc2)Nc2ccccc2-c2nc3ccccc3n21,0.272,0.446
GFDLOQVUVBBATG-UHFFFAOYSA-N,COc1ccc(Nc2nc(NCc3ccccc3)c3ccccc3n2)cc1,0.413,0.39
CTOCGJNJJGMVFB-UHFFFAOYSA-N,Cc1cc(Nc2cccc(F)c2)nc(NCc2ccccc2)n1,0.399,0.482
BKZKADMBAHDGRH-UHFFFAOYSA-N,O=C1CC(O)(C(F)(F)C(F)(F)F)Oc2ccccc21,0.247,0.319
UVUCEFFMTRFLDP-UHFFFAOYSA-N,O=C(NC1CCN(Cc2ccccc2)CC1)c1cc(-c2cccnc2)nc2ccc(Cl)cc12,0.475,0.526
UKINRRRVXPZMRM-UHFFFAOYSA-N,O=C(Nc1ccc(Br)cc1)Nc1cccc(Cl)c1,0.283,0.446
PWAJDMSZGVJSQE-UHFFFAOYSA-N,CCOc1ccc(CCNC(=O)c2cccs2)cc1OCC,0.261,0.467
IYTUWYOBMXKSBS-UHFFFAOYSA-N,COc1ccc(-c2nonc2NC(=O)c2cccc(Cl)c2)cc1OC,0.354,0.387
SLRRNHXGUZBHNV-UHFFFAOYSA-N,COCCn1c(C)nc2ccccc2c1=O,0.164,0.322
XVXWWBFSBXFBOS-UHFFFAOYSA-N,CCOc1c(Cl)cc(CNCC(O)c2ccccc2)cc1OC,0.298,0.429
CMUILNOQHBJOCY-UHFFFAOYSA-N,COc1ccc2nc(C)cc(Nc3ccc(Cl)cc3)c2c1,0.328,0.473
REEHNWBVMQMHCR-UHFFFAOYSA-N,CCCCc1c(C)nc2c(OC)cccc2c1O,0.252,0.366
OKNYPLINMPVUFV-UHFFFAOYSA-N,COc1ccc2c(c1)C1(Nc3ccccc3-c3nc4ccccc4n31)C(=O)N2,0.35,0.36
UJJWLXPPJYJCBA-UHFFFAOYSA-N,CCOC(=O)C1CCN(C(=O)CN2C(=O)c3ccccc3C2c2c[nH]c3ccccc23)CC1,0.398,0.458
XWBCKKPYRUUVQU-UHFFFAOYSA-N,O=C(Nc1ccc(CN2CCOCC2)cc1)c1ccc(-c2cc(Cl)ccc2Cl)o1,0.446,0.494
NQOWXNNPHFBNDI-UHFFFAOYSA-N,CCOc1cc2c(cc1OCC)C(c1cc(C)c(O)c(C)c1)NCC2,0.298,0.381
NWDJYAXDXGNJBH-UHFFFAOYSA-N,Cc1sc2ncnc(Sc3nc4ccccc4[nH]3)c2c1C,0.396,0.484
ABAYPBNJVATNDZ-UHFFFAOYSA-N,CC(C)c1ccc(CNCC(O)c2ccccc2)cc1,0.247,0.452
GDDCYANZONIPGV-UHFFFAOYSA-N,Cc1c(C)n(CC(O)CNC2CCCCC2C)c2ccccc12,0.279,0.464
KSAUAMZGQWQPHW-UHFFFAOYSA-N,CN(C)c1ccc(N2C(N)=NC(N)=NC2(C)C)cc1,0.227,0.317
JSCXCNHLTGVPCN-UHFFFAOYSA-N,Oc1ccc(Br)cc1CN1CCN(Cc2cccc(F)c2)CC1,0.279,0.451
REQNEUGQIDRJAL-UHFFFAOYSA-N,COc1cccc(Cn2c(Oc3ccccc3)nc3c2c(=O)n(C)c(=O)n3C)c1,0.422,0.416
QWAVSGXBYFASKZ-UHFFFAOYSA-N,CN(C)CCNc1cc(-c2ccccc2)nc2ccccc12,0.342,0.362
VNMWKWVDDVPSBF-UHFFFAOYSA-N,Oc1c(CN2CCN(c3ccccc3F)CC2)cc(Br)c2cccnc12,0.379,0.435
DLHWHOZXEPXGDY-UHFFFAOYSA-N,CCCCN(CCCC)S(=O)(=O)c1ccc(NC(=O)c2ccco2)cc1,0.323,0.475
UPYOCTHZNIUVDK-UHFFFAOYSA-N,COc1ccc2nc(C)cc(Nc3cccc(O)c3)c2c1,0.325,0.383
RKVBRQUSBUXPGZ-UHFFFAOYSA-N,Clc1ccc2c(N3CCCC3)ccnc2c1,0.228,0.39
NJZLTVVJBFTKAW-UHFFFAOYSA-N,CCOc1ccccc1NC(=O)CN1CCN(C(=O)c2ccco2)CC1,0.246,0.417
CVEXTAUZJWYDJX-UHFFFAOYSA-N,Oc1c2c(nc3ccccc13)CCCC2,0.181,0.32
COULAVLDMWPPTB-UHFFFAOYSA-N,CCOc1ccccc1CN1CCc2nc3cc(C(C)(C)C)nn3c(O)c2C1,0.409,0.454
ZPWUTBCALSFPJQ-UHFFFAOYSA-N,Cc1cc(N2CCCC2)nc(Nc2ccc(NC(=O)CCc3ccccc3)cc2)n1,0.469,0.42
YVFMXQOVHCJUFX-UHFFFAOYSA-N,CN1CCN(c2ncnc3c2[nH]c2ccc(Cl)cc23)CC1,0.279,0.369
MPEZJSYGXVVBLY-UHFFFAOYSA-N,COc1cccc(C(=O)Nc2ccc(-c3nc4ccccc4[nH]3)cc2)c1,0.416,0.369
YIQFCULBVMFGTR-UHFFFAOYSA-N,CN(C)CCCNCc1ccc(-c2ccc(F)c(Cl)c2)o1,0.272,0.421
QIFXARBSCYEPAY-UHFFFAOYSA-N,CCC(=O)Nc1nnc(Cc2ccc(OC)c(OC)c2)s1,0.207,0.403
CDKKRSGGFNLVQB-UHFFFAOYSA-N,OC(CNCc1ccccc1)Cn1c2ccccc2c2ccccc21,0.289,0.401
MIWSMVFRSRGVDM-UHFFFAOYSA-N,O=c1nc(C=Cc2ccc(Br)cc2)oc2ccccc12,0.363,0.542
IFUQBAKVTWMUSZ-UHFFFAOYSA-N,CCOc1cc2c(cc1OCC)C(c1cc(Cl)c(O)c(OCC)c1)NCC2,0.398,0.347
OCKIKBXJWZGGOE-UHFFFAOYSA-N,COc1ccc2nc(N)nc(C)c2c1,0.201,0.278
LFLQZYHNBHYRKF-UHFFFAOYSA-N,COc1ccc(N2CCN(C(CNC(=O)CC(C)(C)C)c3ccc4c(c3)OCO4)CC2)cc1,0.377,0.416
REFKXIHTNUONND-UHFFFAOYSA-N,COc1ccc(C(=O)C2CC2c2ccc(Cl)cc2)cc1,0.221,0.48
LHVBSLSWEHZJFL-UHFFFAOYSA-N,COc1ccc(CN2CCN(Cc3ccccc3)CC2)c(O)c1,0.204,0.355
QVNAHIYRPRUQQY-UHFFFAOYSA-N,COc1ccc(C(=O)NC(c2ccc(Cl)cc2Cl)c2cc(Cl)c3cccnc3c2O)cc1,0.51,0.512
AQPNTDLFSJHABR-UHFFFAOYSA-N,CCN1CCN(c2c(C(=O)c3ccccc3)cnc3cc(OC)c(OC)cc23)CC1,0.301,0.432
WJZWXNNJEAGCKQ-UHFFFAOYSA-N,CCCCCCn1c(=N)n(CC(O)COc2cccc(C)c2)c2ccccc21,0.406,0.545
KMUSVINZSCTMHQ-UHFFFAOYSA-N,CCOC(=O)c1cnc2ccc(Cl)cc2c1NCCCN(C)C,0.346,0.442
OCRPJJVCTSPKOU-UHFFFAOYSA-N,OC1=C2C(=Nc3ccccc3SC2c2ccc(Br)cc2)c2ccccc21,0.42,0.564
WYEUQKAJSMQNMO-UHFFFAOYSA-N,CC(C)(C)c1ccc(C(=O)Nc2c3c(nn2-c2cccc(Cl)c2)CSC3)cc1,0.457,0.5
OZYJOQMLIVLHOG-UHFFFAOYSA-N,O=C1c2ccccc2C2=Nc3ccccc3SC(c3cccc(F)c3)C12,0.372,0.561
OWEYKIWAZBBXJK-UHFFFAOYSA-N,Oc1ccc(C(=C(Cl)Cl)c2ccc(O)cc2)cc1,0.19,0.347
QHYRELLXJDJBHO-UHFFFAOYSA-N,O=C1c2ccccc2-c2nnc(-c3ccc(Br)cc3)cc21,0.325,0.5
JNLBPEFJUBUZMX-UHFFFAOYSA-N,Cc1nc2ccccc2c(O)c1CC=C(Cl)Cl,0.219,0.425
PTBLMHUNNYYRFT-UHFFFAOYSA-N,OC1CCCCC1C1(NC(=S)Nc2ccccc2)CCCCC1,0.264,0.456
WIVFVYUMESTSJC-UHFFFAOYSA-N,Cc1ccccc1OCCSc1nc2ccc(NC(=O)c3ccccc3)cc2s1,0.394,0.603
SNLLGJBMDQWSKR-UHFFFAOYSA-N,O=C(NCCCN1CCC(N2CCCCC2)CC1)C1=Cc2cc(Br)ccc2OC1,0.341,0.366
KYWAOSYDNLSUNS-UHFFFAOYSA-N,COc1ccc(OC)c(C2C3=C(CC(C)(C)CC3=O)N(c3ccc(Cl)c(Cl)c3)C3=C2C(=O)CC(C)(C)C3)c1,0.475,0.502
PDSVCVIYQCAHPK-UHFFFAOYSA-N,CC(C)(C)c1ccc2c(c1)CN(Cc1ccc(Cl)cc1)CO2,0.26,0.551
QHKAIZZULJHVRC-UHFFFAOYSA-N,CC(=O)c1ccc(NC(=O)CSc2nc(-c3ccccc3Cl)ns2)cc1,0.506,0.569
FZFXKVXUQPPZJU-UHFFFAOYSA-N,CCCCCn1c(=N)n(CC(O)COc2cccc(C)c2)c2ccccc21,0.394,0.54
CPJKJYRQDTXRIM-UHFFFAOYSA-N,CCOC(=O)C1(Cc2ccccc2)CCN(Cc2cccc(OC)c2O)CC1,0.332,0.432
RGXXAMTXVCJIHY-UHFFFAOYSA-N,Cc1ccc(S(=O)(=O)c2c(COC(=O)c3cccc(C)c3)c(-c3ccccc3)nn2C)cc1,0.517,0.516
ANYCHFNVJOZGEJ-UHFFFAOYSA-N,Cc1ccc(OCCCCCCNCCO)c(C)c1,0.188,0.353
HNTLASMDVDSBKJ-UHFFFAOYSA-N,CCOC(=O)C1=C(C)N=c2sc(=Cc3cc(Cl)ccc3O)c(=O)n2C1c1ccc(OC)cc1,0.505,0.561
SSIMQXGQNYOUGF-UHFFFAOYSA-N,COc1ccc(C)c2sc(N(Cc3cccnc3)C(=O)c3ccc(C#N)cc3)nc12,0.449,0.503
YGDWDKVACVMXAO-UHFFFAOYSA-N,Cc1ccnc(NC(c2cccc(OCc3ccccc3)c2)c2ccc3cccnc3c2O)c1,0.527,0.506
BDFXCUHFXTXXJL-UHFFFAOYSA-N,CCCCC(O)(c1ccc(Cl)cc1)C(CN1CCOCC1)c1ccc(Cl)cc1,0.338,0.498
UEYKQFKCXMRWNW-UHFFFAOYSA-N,Cc1cc(=O)oc2c1ccc1oc(C(=O)c3ccccc3)c(C)c12,0.333,0.535
RILRKUIAPLEMSF-UHFFFAOYSA-N,CC(C)CCNCC(O)Cn1c2ccccc2c2ccccc21,0.238,0.399
FOQJAGNDQYWIRF-UHFFFAOYSA-N,FC(F)(F)c1cccc(Nc2nc3ccccc3nc2Nc2cccc(C(F)(F)F)c2)c1,0.516,0.501
CFQPOWRJAPPJEW-UHFFFAOYSA-N,COc1ccc2c(c1OC)C(=O)N1c3ccccc3N=C(c3ccc(C)cc3)CC21,0.412,0.533
TZGKWYPKVUZODV-UHFFFAOYSA-N,CC1=C(CC(=O)c2cccc([N+](=O)[O-])c2)C(=O)c2ccccc2C1=O,0.352,0.515
ICDBBXTXPHUQSO-UHFFFAOYSA-N,CCCCCCc1cc(O)c2c3c(c(=O)oc2c1)CCC(C)C3,0.346,0.557
YZWSNRVLZSNSPQ-UHFFFAOYSA-N,O=C(Nc1ccc(C23CC4CC(CC(c5ccccc5)(C4)C2)C3)cc1)c1cccs1,0.385,0.422
MGYMDXAUKBVLMO-UHFFFAOYSA-N,Cc1ccc2nc(C)cc(Nc3cccc(C(F)(F)F)c3)c2c1,0.335,0.507
PXYOGWFHUSGTGE-UHFFFAOYSA-N,COc1ccc(-c2cc(=O)oc3c4c(ccc23)OCN(Cc2ccc(F)cc2)C4)cc1,0.375,0.518
CTVWIVNUGCNAIM-UHFFFAOYSA-N,COc1ccc(CCNC(=O)c2cc(S(=O)(=O)N3CC(C)CC(C)C3)ccc2Sc2ccc(F)cc2)cc1OC,0.464,0.486
SZQXHLKSXDMJKW-UHFFFAOYSA-N,Cc1ccc(C2CC(C(F)(F)F)n3nc(C(=O)N4CCN(C(c5ccccc5)c5ccccc5)CC4)cc3N2)cc1,0.428,0.534
WKMNOOGFBWXMIY-UHFFFAOYSA-N,CC1CCN(Cc2c(O)ccc3cc(-c4nc5ccccc5s4)c(=O)oc23)CC1,0.475,0.536
DBVHRKVRLJTZND-UHFFFAOYSA-N,O=c1cc(NC2CCN(CCCc3ccccc3)CC2)c2cc(Cl)ccc2o1,0.392,0.467
INBPMTNLYMLYAC-UHFFFAOYSA-N,CCOC(=O)c1cnc2c(C)cccc2c1Nc1ccc(C(C)=O)cc1,0.437,0.537
MLCOGORERKDZTI-UHFFFAOYSA-N,Cc1ccc2cc3c(N)c4c(C)ccc(C)c4nc3nc2c1,0.249,0.38
DYRXAXDGAQMJDP-UHFFFAOYSA-N,COc1cccc(C(=O)NC(c2ccc(C)cc2)c2cc(Cl)c3cccnc3c2O)c1,0.481,0.533
XVEBRLBGCRNIRF-UHFFFAOYSA-N,CCOc1ccc(Nc2c3ccccc3nc3ccccc23)cc1,0.327,0.488
RRQWNGSEMNJXDW-UHFFFAOYSA-N,CCOc1ccc2c(c1)CN(Cc1ccc(Cl)cc1)CO2,0.24,0.498
HURFFFRCSHQNDT-UHFFFAOYSA-N,CCOC(=O)C1=C(C)N=c2sc(=Cc3ccccc3O)c(=O)n2C1c1ccc(OC)c2ccccc12,0.472,0.586
XVZPJJOTGNAWKX-UHFFFAOYSA-N,COc1ccc(C2C(C(=O)Nc3cccc(OC)c3)c3ccccc3C(=O)N2C2CCCCC2)cc1,0.424,0.504
ZCGSWVONWBMRJF-UHFFFAOYSA-N,COc1ccccc1N1C(=N)SC(=Cc2ccc(OCc3ccccc3F)cc2)C1=O,0.515,0.521
KEJLFKFXGPPPCZ-UHFFFAOYSA-N,CCOc1ccc(-n2cc(-c3ccccc3)c3c(SCc4cc(C)ccc4C)ncnc32)cc1,0.471,0.55
YHXCXRGIXGMGEO-UHFFFAOYSA-N,CCCCOC(=O)c1ccc(Nc2cc(C)nc3ccc(OC)cc23)cc1,0.441,0.532
BBZAEOUKIQSLMH-UHFFFAOYSA-N,c1ccc2c(NCCc3c[nH]c4ccccc34)c3ccccc3nc2c1,0.364,0.48
PKWCSGIFKDUSFR-UHFFFAOYSA-N,CCCc1c(C)nc2ccc(Br)cc2c1O,0.281,0.388
SCUWNIHBUXBXKG-UHFFFAOYSA-N,Nc1ccc(-c2nc3cc(Cc4ccc5[nH]c(-c6ccc(N)cc6)nc5c4)ccc3[nH]2)cc1,0.359,0.36
IYNUCVAQGDCTFO-UHFFFAOYSA-N,c1ccc2c(NCCCCCCNc3c4c(nc5ccccc35)CCCC4)c3c(nc2c1)CCCC3,0.409,0.536
FVPGDNMUJUZFSC-UHFFFAOYSA-N,Cc1ccc(C)c(Cn2c(N3CCC(C(=O)NCc4cccs4)CC3)nc3ccccc32)c1,0.403,0.525
SUVBDWQXLWTGRI-UHFFFAOYSA-N,COc1ccc(C2NCCc3c2[nH]c2ccccc32)cc1CN1CCN(c2ccc(F)cc2)CC1,0.402,0.426
USSCYZYKABYKAR-UHFFFAOYSA-N,CCCCCCC(O)(c1ccc(F)cc1)C(CN1CCOCC1)c1ccccc1,0.375,0.486
RABBDXVGZMQIBS-UHFFFAOYSA-N,COc1cc(OC)cc(N2C(=O)N(Cc3ccc(C(C)(C)C)cc3)c3ccccc3S2(=O)=O)c1,0.424,0.511
DALJFINQIRVMMQ-UHFFFAOYSA-N,O=C(Nc1ccc(-c2nc3cc4ccccc4cc3[nH]2)cc1)c1cccc(Br)c1,0.458,0.414
KTSYTPMUPYCPFS-UHFFFAOYSA-N,CCN(CC)CCCNc1ccnc2cc3ccccc3cc12,0.25,0.445
MCPYFZZYCDSJLZ-UHFFFAOYSA-N,CCCOCc1cc(CN2CCN(c3cccc(Cl)c3)CC2)c(O)c2ncccc12,0.388,0.557
KVRONVFSLVQHAC-UHFFFAOYSA-N,O=C(NC1CCCCC1)C(c1cccs1)N(CCc1ccccc1)C(=O)c1ccco1,0.359,0.476
XXIXVRIIZYQKQQ-UHFFFAOYSA-N,COc1ccc(C(=O)NC(c2ccccc2Cl)c2cc(Cl)c3cccnc3c2O)cc1,0.48,0.499
IXXFUMUBUIACJY-UHFFFAOYSA-N,CCOC(=O)c1cnc2c(CC)cccc2c1O,0.242,0.36
AWTRJSJHAUPRTB-UHFFFAOYSA-N,Cc1ccccc1OCCSc1nc2ccc(NC(=O)c3cccs3)cc2s1,0.398,0.587
BKARIVRTTVHMED-UHFFFAOYSA-N,COc1ccc(C(O)(CCC(C)C)C(CN2CCOCC2)c2ccc(Cl)cc2)cc1,0.375,0.468
GHWXGIMICMXCPZ-UHFFFAOYSA-N,CCOc1c(Br)cc(C2C(C(=O)OC)=CN(C)C=C2C(=O)OC)cc1OC,0.296,0.415
YDYIMBIBJGKUCE-UHFFFAOYSA-N,Cc1ccc(F)cc1NC(=O)c1cc(Cl)ccc1Nc1ccccc1,0.393,0.516
SJRKOTAQYRWPTE-UHFFFAOYSA-N,COc1cc(-c2nc(-c3ccc(Sc4ccccc4)cc3)c(-c3ccccc3)[nH]2)cc(OC)c1O,0.544,0.512
HXQRIHGYIOARQJ-UHFFFAOYSA-N,COc1ccc(-c2cc3c(nn2)-c2ccccc2C3=O)cc1,0.238,0.379
AUWXBXONGHYVQA-UHFFFAOYSA-N,N=c1c2ccccc2nnn1-c1cccc(C(F)(F)F)c1,0.362,0.429
UKHSRZJVKOZGAD-UHFFFAOYSA-N,OC(Cn1nnc2ccccc21)Cn1c2ccc(Br)cc2c2cc(Br)ccc21,0.395,0.493
FNGPGEHLNKUIHA-UHFFFAOYSA-N,COc1ccc(CN2CCCC(C(=O)c3ccc(C(F)(F)F)cc3)C2)c(O)c1,0.344,0.44
DGBJSVJYBSICRH-UHFFFAOYSA-N,CCCCCCc1cc2cc(-c3nc4ccccc4[nH]3)c(=Nc3ccccc3C)oc2cc1O,0.477,0.487
NVDLICVFRRZMPR-UHFFFAOYSA-N,Brc1ccc(Nc2nc3ccccc3nc2Nc2ccc(Br)cc2)cc1,0.519,0.46
CPNKFVYTKCVGFT-UHFFFAOYSA-N,Cc1ccc(-c2nc3ccccc3o2)cc1NCc1cc(Cc2ccccc2)ccc1O,0.438,0.535
UFEMDLAFOZMSRW-UHFFFAOYSA-N,Cc1cc(Nc2ccc(OCc3ccccc3)cc2)nc2cc(O)ccc12,0.402,0.448
UMEQDRXHICXZHW-UHFFFAOYSA-N,c1ccc(C2=Nc3ccccc3N=C(c3ccccc3)c3ccccc32)cc1,0.363,0.542
LBHMIHHQIMMEAI-UHFFFAOYSA-N,Cc1cccc(N2C(=O)C3C(C2=O)C2(c4ccccc4)C(=O)C3(c3ccccc3)C(c3ccc4c(c3)OCO4)=C2c2ccc3c(c2)OCO3)c1,0.497,0.484
UANYQOUDIMIUKC-UHFFFAOYSA-N,O=C(Cc1ccccc1)NC(c1ccc(Cl)cc1)c1c(O)ccc2ccccc12,0.382,0.493
MOQNWJSCPYWTQR-UHFFFAOYSA-N,CN(C)c1ccc(N=Cc2ccc(N3CCOCC3)cc2)cc1,0.294,0.401
UWOLEGVHCLTYCB-UHFFFAOYSA-N,CCN(CC)CCNc1ccnc2cc3ccccc3cc12,0.243,0.398
CRBJTYVJVJERPH-UHFFFAOYSA-N,COc1ccc(C2c3ccc4ccccc4c3Oc3ncn(CCCn4ccnc4)c(=N)c32)cc1OC,0.544,0.49
QKVXPISYSQXMSA-UHFFFAOYSA-N,CN(N=O)C1=C(NC2CCCCC2)C(=O)c2ccccc2C1=O,0.291,0.383
WJUOPSPFQSXVSK-UHFFFAOYSA-N,O=C(NC1CCN(Cc2ccccc2)CC1)c1cc(C(=O)NC2CCN(Cc3ccccc3)CC2)cc(C(=O)NC2CCN(Cc3ccccc3)CC2)c1,0.395,0.408
BCFBJGOOAHACFI-UHFFFAOYSA-N,CCOc1cc2c(cc1OCC)C(c1cc(Cl)ccc1O)NCC2,0.373,0.369
XZVGOIOCGWFOMX-UHFFFAOYSA-N,COc1ccc(-c2cn3c(C(=O)Nc4ccccc4Cl)c(-c4ccccc4)c4c3n2CCCC4)cc1,0.453,0.521
KEUFFISILHOPIT-UHFFFAOYSA-N,CCCCc1c(CCC)c(=N)c2ccccc2n1C,0.271,0.478
YKGNLEQTTOPKRJ-UHFFFAOYSA-N,CC1CC2=C(CC1CNCCCN(C)C)C(C)(C)CCC2,0.182,0.373
KYFSFPKFVYKTCB-UHFFFAOYSA-N,CC(Oc1ccc(NC(=O)c2cccs2)cc1)C(=O)c1ccc(Cl)cc1,0.43,0.476
NLYAJWBXKKMDFW-UHFFFAOYSA-N,CCOC(=O)c1c(C)n(-c2ccccc2)c2ccc(OC(=O)c3cc(OC)c(OC)c(OC)c3)cc12,0.496,0.503
DFAPSRVPHLAGPM-UHFFFAOYSA-N,COc1ccc2sc(N(Cc3cccnc3)C(=O)c3ccc(C#N)cc3)nc2c1,0.45,0.449
TVZWPPUCJIAREL-UHFFFAOYSA-N,COc1ccc(C2c3ccc4ccccc4c3Oc3ncn(CCCN(C)C)c(=N)c32)cc1,0.5,0.471
TZQBMINEPXWUBX-UHFFFAOYSA-N,c1ccc(CNc2nc(Nc3ccccc3)nc3ccccc23)cc1,0.372,0.451
AMDACVCCXDZOTC-UHFFFAOYSA-N,Cc1ccc(C(=O)c2oc3ccc4c(C)cc(=O)oc4c3c2C)cc1,0.342,0.505
UUOFLIYGLOGPNZ-UHFFFAOYSA-N,COc1ccc(C=C2SC(Nc3ccc(F)cc3)=NC2=O)c(OC)c1,0.413,0.389
HGBMOUZLBAYJRN-UHFFFAOYSA-N,CCCCCCc1cc2cc(-c3csc(C=Cc4ccccc4)n3)c(=O)oc2cc1O,0.485,0.505
GIIJJSVNYMYHHB-UHFFFAOYSA-N,COc1ccc(C=C2SC(Nc3ccccc3)=NC2=O)cc1,0.366,0.471
APMHAUXGTHQWRF-UHFFFAOYSA-N,COc1ccc(CNC(=O)c2cc3c(=O)n4ccccc4nc3n(CCc3ccccc3)c2=N)cc1,0.48,0.448
NPWXHTXMBIOHKI-UHFFFAOYSA-N,Cn1c(=O)n(C)c2cc(CNCCNc3ccnc4cc(Cl)ccc34)ccc21,0.48,0.459
KDWYQXRDCTWRIT-UHFFFAOYSA-N,CCOc1ccc2nc(C)cc(Nc3ccc(N(C)C)cc3)c2c1,0.339,0.414
FBKIPJLWVIZHGV-UHFFFAOYSA-N,CCOC(=O)C1=CN(C)C=C(C(=O)OCC)C1c1cc(Br)c(OCC)c(OC)c1,0.36,0.506
LGNBLZYJZBTMFO-UHFFFAOYSA-N,N#Cc1nc(Cc2cccc3ccccc23)oc1N1CCN(C(c2ccccc2)c2ccccc2)CC1,0.53,0.509
MZVSIBXXRHWCLZ-UHFFFAOYSA-N,CCOc1ccc2nc(C)cc(Nc3ccc(Br)cc3)c2c1,0.362,0.513
JQINXLFRYGCJDZ-UHFFFAOYSA-N,COc1ccccc1C(=O)ON=C(N)Cc1cccc2ccccc12,0.369,0.393
DFOCUWZXJBAUSQ-UHFFFAOYSA-N,COc1cc2c3cc1Oc1c(OC)c(OC)cc4c1C(Cc1ccc(O)c(c1)Oc1ccc(cc1)CC3N(C)CC2)N(C)CC4,0.458,0.438
WLBJJWICAOVTHR-UHFFFAOYSA-N,O=C(Nc1ccc(-c2nc3cc(NC(=O)c4ccc(Cl)cc4)ccc3[nH]2)cc1)c1ccc(Cl)cc1,0.478,0.421
WVQDCAUNYTWULI-UHFFFAOYSA-N,CCOC(=O)c1cnc2ccc(OC)cc2c1NCc1ccccc1,0.418,0.47
GMSVPBCCVMQLIL-UHFFFAOYSA-N,Nc1nc(Nc2cccc(F)c2)nc2ccccc12,0.324,0.38
UTXULAAHKMRIJF-UHFFFAOYSA-N,COc1cccc(Nc2nc(N)c3ccccc3n2)c1,0.306,0.298
LOZZMOMMUQKBDU-UHFFFAOYSA-N,Cc1sc(NC(=O)c2ccccc2)c(C(c2cccs2)N2CCN(c3ccccc3)CC2)c1C,0.358,0.515
WCDCWOPXWWVJBQ-UHFFFAOYSA-N,CCOC(=O)c1cnc2ccc(OC)cc2c1Nc1ccc(N2CCN(C)CC2)cc1,0.399,0.408
BOJAXOHWYZMMKZ-UHFFFAOYSA-N,O=C(NC1CCN(Cc2ccccc2)CC1)c1cc2nc(-c3ccc(Cl)s3)cc(C(F)(F)F)n2n1,0.499,0.488
VTHMRLOUPKJVSL-UHFFFAOYSA-N,CN1CCN(c2nc(Nc3ccc(O)cc3)nc3ccccc23)CC1,0.313,0.35
NUSKKJAEDSKKNC-UHFFFAOYSA-N,CN1C=C(c2ccc3ccccc3n2)C(c2c[nH]c3ccccc23)c2ccccc21,0.441,0.532
LFPPEIQRWSPQQB-UHFFFAOYSA-N,Oc1ccc(-c2nc(-c3ccc4oc5ccc(-c6[nH]c(-c7ccc(O)cc7)nc6-c6ccccc6)cc5c4c3)c(-c3ccccc3)[nH]2)cc1,0.536,0.454
DCYHFXPFOLJRAD-UHFFFAOYSA-N,CC(C)(C)c1ccc(C2CC3=Nc4ccccc4N(C(=O)c4ccccc4Cl)C(c4ccc(F)cc4)C3=C(O)C2)cc1,0.431,0.48
JWFSARIOZVATFH-UHFFFAOYSA-N,OC(CNC1CCCCC1)Cn1c2ccc(I)cc2c2cc(I)ccc21,0.292,0.489
UDBUKNAECQQGSK-UHFFFAOYSA-N,Oc1ccc(Br)cc1CN1CCN(Cc2ccc(Cl)cc2)CC1,0.264,0.507
SCEVFJUWLLRELN-UHFFFAOYSA-N,O=C(Nc1cccc(C2=NCCN2)c1)Nc1cccc(C2=NCCN2)c1,0.39,0.232
YDVUTDAMJFFBOB-UHFFFAOYSA-N,O=C(CCl)NCCOc1ccc(Cl)cc1Cl,0.193,0.334
VLQRTOJDGFJEIE-UHFFFAOYSA-N,CCOc1ccc(N2C(N)=NC(N)=NC2(C)C)cc1,0.21,0.3
WMKBBWXQNFSSNO-UHFFFAOYSA-N,COc1ccc(CCn2c(=N)c(C(=O)NCc3cccnc3)cc3c(=O)n4cccc(C)c4nc32)cc1,0.5,0.466
SSTCHTLFFVJUGP-UHFFFAOYSA-N,COc1ccc(Nc2cc(C)nc(NCc3ccccc3)n2)cc1,0.382,0.383
XZBVMYTVRGGDKI-UHFFFAOYSA-N,O=C1c2ccc3c4c(ccc(c24)C(=O)N1CCCCO)C(=O)N(CCCCO)C3=O,0.231,0.277
RPSRHRCHOHZXED-UHFFFAOYSA-N,COc1ccc(C(=O)C(CCC(CNC(C)(C)C)C(=O)c2ccc(OC)cc2)CNC(C)(C)C)cc1,0.392,0.483
UTQRIOBWBSBXPN-UHFFFAOYSA-N,COc1cc(CNCCc2ccc(Cl)cc2)cc(OC)c1O,0.288,0.428
ZDPIZPXVHVYTOK-UHFFFAOYSA-N,O=C(Nc1ccc(Cl)c(Cl)c1)Nc1ccc(Cl)c(Cl)c1,0.266,0.474
VPVZJFQMADAAFG-UHFFFAOYSA-N,COc1ccc(CCN2C(=O)c3[nH]nc(-c4cc(Cl)c(C)cc4O)c3C2c2ccccc2F)cc1,0.541,0.469
UHDGCWIWMRVCDJ-ZRTZXPPTSA-N,Nc1ccn(C2O[C@H](CO)[C@@H](O)[C@H]2O)c(=O)n1,0.159,0.211
CLJWLZOKIOKORQ-UHFFFAOYSA-N,COc1ccc(-c2nc(N3CCN(C(=O)C4CCCCC4)CC3)c3c4c(sc3n2)CCCC4)cc1,0.432,0.538
FXAACWMPVQEXMR-UHFFFAOYSA-N,COc1cc(C(=O)Nc2nc3c(cc4c5c(cccc53)CC4)s2)cc(OC)c1OC,0.41,0.443
GXFUZNHIKQMEJC-UHFFFAOYSA-N,N=c1n(CCN2CCCCC2)c2ccccc2n1CC(=O)c1ccc(Cl)c(Cl)c1,0.374,0.496
APCPGRSHWZYJEA-UHFFFAOYSA-N,Cc1ccc(C)c(-c2csc(Nc3ccc(C)c(C)c3)n2)c1,0.277,0.506
LESBHTSZBYJXQC-UHFFFAOYSA-N,Oc1ccc2ccccc2c1CNc1nc2ccccc2[nH]1,0.378,0.315
GWQSXPMDIQADHQ-UHFFFAOYSA-N,COc1cc(-c2nc(-c3ccccc3)c(-c3ccccc3)[nH]2)cc(OC)c1O,0.484,0.398
WNUCKYJPYJTWOD-UHFFFAOYSA-N,CCOc1ccc(CN2CCN(CC(O)COc3ccc(OCC(O)CN4CCN(Cc5ccc(OCC)cc5)CC4)cc3)CC2)cc1,0.269,0.347
AIDJWZIOMBFHID-UHFFFAOYSA-N,COc1cc(C(=O)Nc2ccc(-c3nc4ccccc4[nH]3)cc2)cc(OC)c1OC,0.407,0.377
MNGKSEZZXHVVJO-UHFFFAOYSA-N,CCCCNc1nc(NC(C)(C)C)nc(NC(C)(C)C)n1,0.237,0.212
WJNJQDQWGRQWCD-UHFFFAOYSA-N,Oc1c(C(Nc2ccccn2)c2cccc(Oc3ccccc3)c2)ccc2cccnc12,0.483,0.496
RDBXCICTXSDJIF-UHFFFAOYSA-N,CCOc1ccc(Nc2ccnc3cc(Cl)ccc23)cc1,0.339,0.481
QYUQRGXIYNUYLQ-UHFFFAOYSA-N,Cc1sc(NC(=O)c2ccco2)c(C(c2cccnc2)N2CCC(Cc3ccccc3)CC2)c1C,0.432,0.511
ZXUCJVKVIHOLFR-UHFFFAOYSA-N,Cc1ccc2c(C)nc(Nc3nc(C)cc(-c4ccccc4)n3)nc2c1,0.507,0.413
RDKPMNKWSNJWRL-UHFFFAOYSA-N,CCn1c2c(c(=N)c3c1CCC3)CCCC2,0.096,0.252
ADZFTCMTEDATTQ-UHFFFAOYSA-N,COc1cc(C(=O)ON=C(N)Cc2cccc3ccccc23)cc(OC)c1OC,0.366,0.409
VJIWWQYBJJTYSK-UHFFFAOYSA-N,O=C1C2=C(Nc3ccccc3SC2c2ccccc2)c2ccccc21,0.33,0.506
QCBKONNTXDMMSS-UHFFFAOYSA-N,COC(=O)c1ccc(C2C3=C(O)CC(c4ccc(F)cc4)CC3=Nc3ccccc3N2C(=O)c2ccccc2)cc1,0.474,0.517
DIEQMPSZRNQVTH-UHFFFAOYSA-N,O=C(Nc1ccc(-c2nc3ccccc3[nH]2)cc1)c1ccc(Cl)c(Cl)c1,0.48,0.435
YEZKDQMRCWMZNO-UHFFFAOYSA-N,CC(=O)c1sc(NC(=O)Nc2ccc(C)cc2C)nc1C,0.275,0.397
LFMFPKKYRXFHHZ-UHFFFAOYSA-N,Cc1ccc(Nc2nc(N)c3ccccc3n2)cc1Cl,0.323,0.329
PNOKFRCVUHGEFF-UHFFFAOYSA-N,Cc1cc(N(C)C)nc(Nc2ccc(NC(=O)Nc3ccccc3)cc2)n1,0.407,0.368
HWGSLBXHTZZQOT-UHFFFAOYSA-N,COC(=O)c1ccc(Cl)c2c1C1C=CCC1C(c1cccc3ccccc13)N2,0.462,0.574
SBIMKWJCWBQRSQ-UHFFFAOYSA-N,O=C(NNc1cc(N2CCCC2)nc(N2CCCC2)n1)c1ccccc1,0.271,0.308
DMYOHQBLOZMDLP-UHFFFAOYSA-N,O=C(CCc1ccccc1)c1ccccc1OCC(O)CN1CCCCC1,0.289,0.42
BMKGPFYHMVCWLJ-UHFFFAOYSA-N,CCCn1c(=N)c(C(=O)NC2CCCCC2)cc2c(=O)n3cccc(C)c3nc21,0.42,0.426
LDGHXXCRHWODHH-UHFFFAOYSA-N,Nc1ccc(-c2nc3cc(Oc4ccc(Oc5ccc6[nH]c(-c7ccc(N)cc7)nc6c5)cc4)ccc3[nH]2)cc1,0.451,0.354
PPSIRBXGBCWYRP-UHFFFAOYSA-N,COc1ccc(Nc2nc(NN=Cc3ccc(O)cc3)nc(Nc3ccc([N+](=O)[O-])cc3)n2)cc1,0.42,0.398
IRYFDSQLAQPRJR-UHFFFAOYSA-N,Cn1c(C(=O)c2cccc3ccccc23)nc2ccccc21,0.323,0.429
RVPGAQKKCJHKJX-UHFFFAOYSA-N,CCc1ccc(CNCC(O)c2ccccc2)cc1,0.216,0.39
ZGMMVVYGDFQTBB-UHFFFAOYSA-N,OCCNc1nc(Nc2ccc(Cl)c(Cl)c2)nc2ccccc12,0.451,0.36
