key,input,sa_score
DFDRXSQUDNWXGK-UHFFFAOYSA-N,Cc1cc(Cl)ccc1NC(=O)CCc1ccc(S(=O)(=O)NCC(C)C)cc1,1.952899
SZTJJANUFCDKIH-UHFFFAOYSA-N,COc1ccc(OC(C)C(=O)Nc2ccc(Cl)cc2C)cc1,2.070148
KJESCRMXEKTEKR-UHFFFAOYSA-N,O=C(Nc1cccnc1)c1c(O)c2cccc3c2n(c1=O)CC3,2.353361
ZPRHFSDMSNPZIA-UHFFFAOYSA-N,CC(C)n1ncc2c(C(=O)NCC(c3cccs3)N3CCOCC3)cc(-c3ccccc3)nc21,2.962781
ANCBHJKEYPZCTE-UHFFFAOYSA-N,CCOC(=O)c1c(NC(=O)c2c(F)c(F)c(F)c(F)c2F)sc(C(N)=O)c1C,2.558833
XKORDZUSKUKORP-UHFFFAOYSA-N,NC(CC(=O)c1ccc(Cl)cc1Cl)C(Cl)(Cl)Cl,3.080769
QREVWNVSFCZWGU-UHFFFAOYSA-N,O=C(C1CCN(c2nnc(-n3cccc3)s2)CC1)N1CCC(Cc2ccccc2)CC1,2.494893
ISNBJLXHBBZKSL-UHFFFAOYSA-N,CCOC(=O)NC(=O)c1ccsc1NC(=O)c1nc2ccccc2s1,2.364065
IJESFQCCOFNOQG-UHFFFAOYSA-N,FC(F)(F)c1nnc2ccc(Cl)nn12,2.621671
DUDOVKSOMFTHKL-UHFFFAOYSA-N,O=C(NCCc1c[nH]c2ccccc12)c1cc2ccccc2oc1=O,2.022726
LEBBRAAJXFVDFT-UHFFFAOYSA-N,COc1ccc(-c2nc(-c3cccc(NC(=O)Cc4ccc(F)cc4)c3)no2)cc1OC,2.053895
CTLCOPNKIWAGIM-UHFFFAOYSA-N,O=C(CCC1CCCCC1)Nc1cccc(-c2nnc(-c3ccco3)o2)c1,2.234607
GTUIRORNXIOHQR-UHFFFAOYSA-N,CC1COC2(CCN(c3nc(=O)c4cc(C(F)(F)F)cc([N+](=O)[O-])c4s3)CC2)O1,3.959214
DDWBORAVXJGWPK-UHFFFAOYSA-N,CCCCS(=O)(=O)Nc1ccc2cnn(C)c2c1,2.322732
YTDHMGDEWFURLB-UHFFFAOYSA-N,Cc1cc(C)c2cc(C(=O)NC3CCCCCCC3)[nH]c2c1,2.098497
SBJYBAIMQAUWMZ-UHFFFAOYSA-N,O=C(C1CCN(c2cc(-n3cccc3)ncn2)CC1)N1CCc2ccccc2C1,2.473934
YSDVNFWVVPHGFX-LEWJYISDSA-N,CCc1ccc([C@@H]2C[C@H](C(F)(F)F)n3ncc(C(=O)NCc4ccc(OC)cc4)c3N2)cc1,3.455249
YIRVBDZTHISHJM-UHFFFAOYSA-N,CC(C)(C(=O)Nc1ccc(F)cc1)n1cc(-c2ccccc2F)cn1,2.236566
OJICYBSWSZGRFB-UHFFFAOYSA-N,CCc1nc2ccc(Cl)cn2c1C(=O)NCc1ccc(N2CCC(c3ccc(OC(F)(F)F)cc3)CC2)cc1,2.676311
DDIJQXQEXWWXTD-HXUWFJFHSA-N,O=C1O[C@@H](COc2ccon2)CN1c1cc(F)c(C2=CCN(Cc3ccccc3)CC2)c(F)c1,3.34975
XDAOLTSRNUSPPH-UHFFFAOYSA-N,CC1(COc2ccc(N3CCC(Oc4ccc(OC(F)(F)F)cc4)CC3)cc2)Cn2cc([N+](=O)[O-])nc2O1,3.387785
BTTNOGHPGJANSW-UHFFFAOYSA-N,CC(=O)NCC1CN(c2ccc(-c3ccc(CNCc4cn[nH]n4)cc3)c(F)c2)C(=O)O1,3.106176
XBISYWZDDQVGLM-UHFFFAOYSA-N,CC(=O)NCC1CN(c2ccc(-c3ccc(CO)cc3)c(F)c2)C(=O)O1,2.674233
OEBDJVDLTMRYBT-UHFFFAOYSA-N,Cc1cccc(-c2nc(Nc3ccncn3)c3sccc3n2)n1,2.620201
QLSNLHRHBUEVMS-UHFFFAOYSA-N,Cc1cccc(Cn2ccc(NC(=O)c3ccc4c(c3)OCO4)n2)c1,2.081681
NGIGVHXUCKGXDR-UHFFFAOYSA-N,N#Cc1ccc(-c2ccc(OCC(N)=O)cc2)cc1,1.714334
AVRWEULSKHQETA-UHFFFAOYSA-N,COC(=O)c1c(NC(=O)c2c(F)c(F)c(F)c(F)c2F)sc2c1CCCCC2,2.51481
KFWKZADZXDRGBM-UHFFFAOYSA-N,CCC(Sc1nc2ccccc2o1)C(=O)Nc1nnc(C)s1,2.868602
ORCLWERNIDQHJQ-UHFFFAOYSA-N,CCCn1c(CNc2ccccc2O)nc2ccccc21,1.966314
SWSQQPVYHNGFPD-UHFFFAOYSA-N,Cc1nc2ccccn2c1C(=O)NCc1ccc(Cl)cc1,1.967709
LYXZDHJUEFYRSC-UHFFFAOYSA-N,COc1cc(C(F)(F)F)nc2ccc(C)c(N)c12,2.372839
DDWSGKGXDJNGKU-UHFFFAOYSA-N,COc1ccccc1OCCCCn1c(C2CC2)nc2ccccc21,1.938794
NJEDOEVDJDTSLL-UHFFFAOYSA-N,O=C(Nc1nnc(-c2ccc(Cl)s2)o1)c1ccc(Cl)s1,2.496066
ISUJCQSOLFHMQB-UHFFFAOYSA-N,Cc1ccc2oc(-c3cc(NC(=O)Cc4ccccc4)ccc3Cl)nc2c1,1.966403
RJQWGQHEGBVQGU-UHFFFAOYSA-N,O=C(c1cc2ccccc2o1)N1CCN(Cc2ccc3c(c2)OCO3)CC1,2.106514
PNKONZIDCALVEW-UHFFFAOYSA-N,Cc1nn(Cc2ccccc2)c(Cl)c1C(=O)NC1CCCCCC1,1.992695
YQKTYSRKOSXEDR-UHFFFAOYSA-N,Cc1nnc(NCc2cccc(Cl)c2)c2ccccc12,1.945401
DLAJTAKUMNWEHT-UHFFFAOYSA-N,NC(=O)c1cc(-c2ccsc2)ccc1OCCOc1ccccc1,1.999317
SJKOQMCAHSJMCS-UHFFFAOYSA-N,COc1ccc(Cn2cnc3c(-c4ccco4)nc(Cl)nc32)cc1,2.33535
FCOCYTOIHCBAPZ-UHFFFAOYSA-N,COc1ccc2nc(C)cc(OCC(=O)Nc3ccccc3OC)c2c1,1.900362
JFIBVDBTCDTBRH-IDUWFGFVSA-N,CC(C)=CCC/C(C)=C\CNCCNC1C2CC3CC(C2)CC1C3,4.090452
KDLRRDXRSXQQMR-UHFFFAOYSA-N,O=C(NCc1cc(Cl)cc(Cl)c1)c1c(C(F)(F)F)nc2ccccn12,2.490267
MMGPENLTZQKVBO-UHFFFAOYSA-N,CCCCOC(=O)Nc1cc2nc(C3CCCCC3)[nH]c2cc1N1CCCC1,2.476214
MAWVFNZYCWVYTG-UHFFFAOYSA-N,Cc1cc(NCCc2ccccc2)nc(NC(=N)Nc2ccc(Cl)cc2)n1,2.36478
NUGZAVACCBZKET-UHFFFAOYSA-N,CNc1snc(C)c1C(=O)NCCOc1ccc(OC)cc1,2.206724
JESHPVVTRWFMBW-UHFFFAOYSA-N,CCC(Sc1nc2ccccc2o1)C(=O)Nc1nccs1,2.830203
KPKOQVHYBPOHMC-UHFFFAOYSA-N,Brc1c(-c2ccc3c(c2)OCO3)nc2ncccn12,2.569742
GUQQRONYLHFUBT-UHFFFAOYSA-N,COc1cccc(OCC(=O)c2ccc(Br)cc2)c1,1.606254
IQDINESGSGSYHN-UHFFFAOYSA-N,N#Cc1nc(-c2ccccc2F)oc1NCCc1ccccc1,2.163528
XDZYNZCKHJDEOX-UHFFFAOYSA-N,O=C(c1[nH]nc2c1CCCC2)N1CCN(Cc2ccc3c(c2)OCO3)CC1,2.56037
NMSQSTANKRXRFA-UHFFFAOYSA-N,O=C(COc1cccc(F)c1)Nc1nc(-c2ccccn2)cs1,1.99966
LVFXEQNENCJOGL-UHFFFAOYSA-N,CC(Oc1ccccc1)C(=O)Nc1nc(-c2ccccn2)cs1,2.384185
FIDIQKXIRFUXAF-UHFFFAOYSA-N,N#Cc1nc(-c2ccccc2)oc1S(=O)(=O)c1ccc(Cl)cc1,2.322273
YKVNWOQRTGVUNE-UHFFFAOYSA-N,Cc1ccc(NC(=O)CC2COc3ccccc3O2)cc1Cl,2.454451
FDCJGGGIXJYIIW-UHFFFAOYSA-N,Cc1ccc2nc(Cl)c(CNCc3cccs3)cc2c1,2.205272
KTALZMGWXVZKGI-UHFFFAOYSA-N,O=C(NC1CCCCC1)N1CCN(Cc2ccc3c(c2)OCO3)CC1,2.078287
YWIYJLBXFGWXPU-UHFFFAOYSA-N,CCOC(=O)c1cc(-c2csc(Nc3c(C)cc(C)cc3C)n2)on1,2.458694
RKXASYGJLKILOC-UHFFFAOYSA-N,CCC(C)NC(=O)c1ccc(NC(=O)C2(c3ccccc3)CCCC2)cc1,2.453222
KMWVITLVGHFHLP-UHFFFAOYSA-N,CCOc1ccc(OCC(=O)Nc2cc(C)cc(C)c2)cc1,1.658658
YPOCKBKPXKNHCJ-UHFFFAOYSA-N,COc1ccc(C2(C(=O)Nc3ccc(Br)cc3)CCCC2)cc1,1.962826
HYDFYZXVHVXDIJ-UHFFFAOYSA-N,COc1cccc(OC)c1C(=O)Nc1ccc(Cl)c(-c2nc3ccccc3s2)c1,2.093813
ZJNZAYMYKXAYNO-UHFFFAOYSA-N,Cc1cc(C)cc(COc2ccc3c(C)c(CCC(=O)O)c(=O)oc3c2C)c1,2.339175
KJHIZYQJIJRUCX-UHFFFAOYSA-N,CCc1c(C)nc(-n2nc(C)cc2NC(=O)c2ccccc2SC)[nH]c1=O,2.646599
ZBHUCEVJOSCQTF-UHFFFAOYSA-N,O=C(Nc1nnc(-c2ccc(Cl)cc2)o1)c1cccc(C(F)(F)F)c1,2.0368
RWSCJEILSRMTEH-UHFFFAOYSA-N,COc1ccc(-c2cc(NC(=O)c3ccc(F)cc3Cl)ccc2OC)cc1,1.781521
XIFVEJXUSTTZKD-UHFFFAOYSA-N,Cc1cc(O)nc(-n2nc(C)cc2C)n1,2.485365
ORWKODIWGHDBNN-UHFFFAOYSA-N,COc1ccc(Nc2ccccc2NC(=O)c2ccc(O)nc2)cc1,2.04764
OFNBSFMFHMXOJD-UHFFFAOYSA-N,CC1=NN(c2nc3ccccc3s2)C(=O)C1Cc1cccc2ccccc12,2.829155
WIYIHXHWMONCNB-UHFFFAOYSA-N,O=C(NC1=NCCS1)c1sc2cc(F)ccc2c1Cl,2.576185
RJEYLKMGHWEFMQ-UHFFFAOYSA-N,Nc1c2c(nc3sc4c(c13)CCCC4)CCCC2,2.484207
KSXMCLNVFPZRBK-UHFFFAOYSA-N,CCCn1nnc(NC(=O)COc2ccc(C3CCCCC3)cc2)n1,2.312877
TVFKOQNEHZEDOF-UHFFFAOYSA-N,COc1ccc2nc(C)cc(OCC(=O)NCc3ccccc3)c2c1,1.858236
SSVQZTAKKRVHAK-UHFFFAOYSA-N,NC(=O)c1cc(Br)ccc1OCCOc1ccccc1,1.725635
DXOOVGNYSYVTNM-UHFFFAOYSA-N,Nc1nc2ccc(-c3cncc(Oc4ccc(F)cc4)c3)cc2[nH]1,2.212779
RIIRZOYVNRZXCK-UHFFFAOYSA-N,CCCCc1ccc(C(=O)Nc2nccc3ccccc23)nc1,2.032035
SABYITLYKSVAAD-CNEMSGBDSA-N,Nc1ncnc2c1ncn2[C@@H]1O[C@H](COS(=O)(=O)NC(=O)c2ccccc2O)[C@@H](O)[C@H]1O,3.857897
VOVBYBYEYGCZIL-UHFFFAOYSA-N,COc1cccc(-c2nc3c(N4CCCC4)cccc3n2CC2CCCN2)n1,3.110292
KQICDMFHIKZHLQ-UHFFFAOYSA-N,Cc1ccc2[nH]c(C3CCCNC3)c(-c3ccncc3)c2c1,2.876188
NSJSZWWHLTXYLL-GOSISDBHSA-N,O=C1O[C@@H](CO)CN1c1cc(F)c(C2=CCN(Cc3ccccc3)CC2)c(F)c1,3.032861
AYMPBNKUIKAENG-UHFFFAOYSA-N,Cc1cc(OCC(=O)NCc2ccccc2)c2cc(Br)ccc2n1,1.906532
OAPJNIWWXJDUAC-UHFFFAOYSA-N,O=C(Nc1ccc(C(F)(F)F)c(C(F)(F)F)c1)c1cc(Cl)ccc1O,2.174411
MDRCPEBMFQYFCX-UHFFFAOYSA-N,CN1CCN(CCCOc2ncc(Nc3ncc(-c4ccc(C(F)(F)F)c(F)c4)nc3C(N)=O)cn2)CC1,2.93486
CZPFRNLXROZEKS-UHFFFAOYSA-N,O=C(NCc1ccoc1)N1CCN(Cc2ccc3c(c2)OCO3)CC1,2.276646
ZDJZZRYSIFHZLQ-UHFFFAOYSA-N,O=C(NCc1ccco1)N1CCN(Cc2ccc(Cl)s2)CC1,2.202607
WMHJBFDXPSMQBH-UHFFFAOYSA-N,NCC(c1cccs1)S(=O)(=O)c1ccccc1,2.578348
LCQSRPGLBHQFNF-UHFFFAOYSA-N,Cn1c(=O)c2c(S(C)(=O)=O)snc2n(C)c1=O,2.938726
VNHGTXZRTKLTAX-UHFFFAOYSA-N,CCc1nc2ccccc2n1CC(O)COc1cc(C)ccc1Cl,2.540594
SRTQBUDNFLRBKO-UHFFFAOYSA-N,c1coc(CNc2nc(N3CCCCC3)nc3ccccc23)c1,2.10969
BVPIXCUHSLXOOR-UHFFFAOYSA-N,Nc1cccnc1Nc1ccc(Cl)cc1,1.78111
DXBXXUJCXAWKMV-UHFFFAOYSA-N,CCCc1ccc(S(=O)(=O)Nc2ccc(CN3CCN(CC4CC4)CC3)cc2)cc1,2.028313
YIPAURBUIQKDKE-UHFFFAOYSA-N,Cn1ccnc1CNCCS(=O)(=O)c1cccc(Nc2ccc(-c3cccc(F)c3)cn2)c1,2.530198
PBRCEAHZBOKFIL-HXUWFJFHSA-N,c1ccc(C[C@@H]2CN(c3nccc(Oc4ccc(-n5ccnc5)cc4)n3)CCN2)cc1,2.994235
RASUVPIIXQWKQJ-UHFFFAOYSA-N,c1cncc(NCc2ccc(-c3cc4ccncc4cc3OC3CCNCC3)s2)c1,2.730526
FZGAROJHPFTZQK-NRFANRHFSA-N,Cc1cnc(N2CCN[C@@H](Cc3ccccc3)C2)nc1Oc1ccc(-n2ccnc2)cc1,3.084779
TWSMUNUFSVRHIB-UHFFFAOYSA-N,CCc1ccc(S(=O)(=O)Nc2cc(CN3CCN(CCC(C)C)CC3)ccc2C)cc1,2.123111
SXEBENVACJHTHW-UHFFFAOYSA-N,O=C(Nc1nc(-c2ccccn2)cs1)c1cncn1-c1ccccc1,2.260652
XIPRBTBTNIAVMG-UHFFFAOYSA-N,COc1cccc(-n2nnnc2S(C)(=O)=O)c1,2.276892
ZICPDEAWYOHKCV-UHFFFAOYSA-N,CC(C)(C)c1cnc(NC(=O)c2ccccc2O)s1,2.224087
TVBQRAPNJPDSJM-UHFFFAOYSA-N,c1ccc(-c2nc(NC3CCCCC3)cc(C3CC3)n2)nc1,2.33492
PWJUBTOPMCVVII-UHFFFAOYSA-N,CC(=O)N1CCc2cc3nc(C)cc(C)c3cc21,2.277203
GZOINQXUFGBYFY-UHFFFAOYSA-N,COc1cccc(NC(=O)c2c(NC(=O)c3cccnc3)sc3c2CCC3)c1,2.10891
DWVQVQMJQGSFRM-UHFFFAOYSA-N,CS(=O)(=O)Cc1nc2ccccc2oc1=O,2.305766
DAGGFCFDRQLXAV-UHFFFAOYSA-N,COc1cccc(-n2nnnc2S(=O)(=O)Cc2ccccc2)c1,2.137715
ZLHZLMOSPGACSZ-NSHDSACASA-N,O=[N+]([O-])c1cn2c(n1)OC[C@@H](OCc1ccc(OC(F)(F)F)cc1)C2,3.244594
FNDDDNOJWPQCBZ-ZDUSSCGKSA-N,CC(=O)NC[C@H]1CN(c2ccc(N3CCSCC3)c(F)c2)C(=O)O1,2.961342
LBEJUQWGEGOTNX-UHFFFAOYSA-N,COc1ccc2nccc(NC(=O)C3CCN(CCc4ccc(Cl)cc4)CC3)c2n1,2.235832
YZLODHPDCSNHTP-HXUWFJFHSA-N,O=C(N[C@H](Cc1ccccc1)C(=O)Nc1ccccc1N1CCOCC1)c1cccs1,2.517378
JKBICJASMKLUGF-UHFFFAOYSA-N,Cc1ccccc1CN1CCC(O)(c2ccc(Cl)c(C(F)(F)F)c2)CC1,2.295572
URSYWCOXEXDCDK-UHFFFAOYSA-N,CN1CCN(c2cc(-c3ccc(F)cc3)nc(-c3ccncc3)n2)CC1,2.143199
OSTGRIJFXPSPFX-UHFFFAOYSA-N,Clc1ccc(CCNc2cc(-c3ccccc3)nc3ncnn23)cc1,2.170457
IGCULZQONBAMRE-UHFFFAOYSA-N,COc1cc(Br)cc2cc(C(=O)Nc3cccc(C(F)(F)F)c3)c(=O)oc12,2.270589
NQWPKFWLUUOORK-UHFFFAOYSA-N,O=C(c1ccco1)N(CCCn1ccnc1)c1nc2c(Cl)cccc2s1,2.534939
OORSNEDYAQMZLO-UHFFFAOYSA-N,Cc1ccc2nc(C)c(-c3ccn(Cc4ccccc4)n3)n2c1,2.312552
CQSNAAHALWCZHT-UHFFFAOYSA-N,COc1cc(CN2CCC3(C=Cc4ccccc43)CC2)cc2c1OCO2,3.044218
KOVRKEORCJCTNU-UHFFFAOYSA-N,Brc1cncc(-c2cc(NCCCn3ccnc3)nc(-c3ccccc3)n2)c1,2.461749
HJGJOLDKWLWWMZ-UHFFFAOYSA-N,CCOc1ccc(-c2nc(CNCCc3ccc(F)cc3)cs2)cc1,1.95682
IJGYFLFIPSTRAV-UHFFFAOYSA-N,CCC(NC(=O)c1ccccc1NC(=O)c1ccc(C)cc1)C(=O)OC,2.233675
GPMAWZWHYNAUCW-UHFFFAOYSA-N,CC(C)(C)c1cc(C(=O)Nc2cccnc2)cc(C(=O)Nc2cccnc2)c1,2.105723
USOJNBCSEBSXNR-UHFFFAOYSA-N,c1ccc(-c2cc(N3CCCCC3)c3ccccc3n2)nc1,1.966072
OJKJDUJUAFWFCO-UHFFFAOYSA-N,O=C(Nc1cccc(-c2ccc(NCCCN3CCCC3)nc2)c1)c1ccccc1,1.997327
UNZVQFYBJFBZQU-UHFFFAOYSA-N,CN1CCC(NCc2cccc(-c3ccc(S(=O)(=O)NCc4ccccc4)cc3)c2)CC1,2.084361
IEFQLFGGKVRQEC-UHFFFAOYSA-N,COc1cncc(-c2cncc(N3CCN(c4ccncc4)CC3)n2)c1,2.399459
OYZYVBKQMLQLPM-UHFFFAOYSA-N,NCC(=O)N1CCn2c(nc(-c3ccccc3)c2Nc2ccc3c(c2)OCO3)C1,2.547667
IZVJGHOBHCELDF-UHFFFAOYSA-N,CNC(=O)C1Cc2c([nH]c3cc(Cl)ccc23)C2(CCN(CCc3ccccc3)CC2)N1,3.578753
WCSODLHQPQAIJK-UHFFFAOYSA-N,CCCS(=O)(=O)N1CCC(CO)(Cc2ccccc2C(F)(F)F)CC1,2.603668
LVVHGBHCFCKIPX-UHFFFAOYSA-N,c1csc(-c2cnc3sc(NCC4CCOCC4)nn23)c1,2.776628
PLLAPLIMUIJMOC-UHFFFAOYSA-N,FC(F)(F)c1cccc(-c2nc3c(NCc4ccncc4)nccc3[nH]2)c1,2.433402
BPHUMAUSBOVDPO-UHFFFAOYSA-N,COc1cc(-c2cc(-c3ccc(S(C)(=O)=O)cc3)cnc2N)ccc1O,2.147826
ZWFCIIMMGKHHGA-UHFFFAOYSA-N,N#Cc1ccc(-c2cnc(N)c(-c3ccc(C(N)=O)cc3)n2)cc1,2.157772
DHASBUQVETXFTK-UHFFFAOYSA-N,OCc1ccc(-c2cncc(Nc3cccc(Cl)c3)c2)cc1,1.929756
OOVMHMLKNJSBOY-UHFFFAOYSA-N,CN1CCN(c2nccc3nc(-c4ccc(F)c(F)c4)[nH]c23)CC1,2.410588
YMAHRLYIAABQRQ-UHFFFAOYSA-N,CN1CCN(c2nccc3[nH]c(-c4cccc(F)c4)cc23)CC1,2.281012
SCLHBVYXOLVAFF-UHFFFAOYSA-N,COc1cccc(-c2cc3c(Nc4cccnc4)nccc3[nH]2)c1,2.235127
GBDXIBWIVZCVKE-UHFFFAOYSA-N,Clc1cccc(C(c2ccc(CN3CCNCC3)cc2)n2ccnc2)c1,2.761444
GTWOKQIGBJADIZ-UHFFFAOYSA-N,NS(=O)(=O)c1cncc(-c2ccc3nccc(-c4cn[nH]c4)c3n2)c1,2.73068
YCOUNUYIYMXDLT-UHFFFAOYSA-N,CCCNC(=O)N1CCC2(CC1)CC(=O)c1cc(C)ccc1O2,2.852453
DSVZIDXLKKIFLU-UHFFFAOYSA-N,CC(C)(C)c1cc(C(=O)N2CCN(c3nccnc3C#N)CC2)n(Cc2ccccc2)n1,2.575523
GQTSUQOPBVDUAA-UHFFFAOYSA-N,CC(C)(C)CN1C(=O)C(c2ccccc2)(c2ccccc2)N=C1N,2.445306
RTGLWPYSDSYODR-UHFFFAOYSA-N,Nc1nccc2ccc(Oc3ccncc3)cc12,2.067064
DCHBITHJABIYOA-QRWLVFNGSA-N,C[C@H](C(N)=O)N1CCCC[C@H]1c1ccc(OCc2cccc(F)c2)cc1,2.830366
DCHBITHJABIYOA-FOIQADDNSA-N,C[C@H](C(N)=O)N1CCCC[C@@H]1c1ccc(OCc2cccc(F)c2)cc1,2.830366
RIVXZPCBFQAIEG-UHFFFAOYSA-N,CN(C)CCNC(=O)N1CCCN(c2ncnc3cc(-c4ccccc4)sc23)CC1,2.439082
LOFURYWJDOAONN-UHFFFAOYSA-N,OCCc1ccc(Nc2nccc(-c3nnc4ccccn34)n2)cc1,2.328201
JJDHPDREIXSEEH-UHFFFAOYSA-N,Cc1ccc(S(=O)(=O)n2cc(-c3ccnc(N)c3)c3cc(Br)cnc32)cc1,2.49178
NMFLZALSVPWRSX-UHFFFAOYSA-N,COc1ccc(-c2cnc3ccc(N4CCCC4)nn23)cc1OC,2.205858
VNKCGLOWNGXLIS-UHFFFAOYSA-N,O=C1COCc2ccc(Br)cc2N1Cc1ccc(C(F)(F)F)cc1,2.302159
BRZAJTXRBIYUBT-UHFFFAOYSA-N,O=C(NCCc1ccccc1)c1cc(-c2cccnc2)cnc1NCC1CC1,2.161197
XRTDMSPFGHDSKU-UHFFFAOYSA-N,O=C(Nc1ccc(N2CCNCC2)nc1)c1oc(-c2ccccc2)nc1C(F)(F)F,2.49927
OOSAFBWVRUMCBZ-UHFFFAOYSA-N,NS(=O)(=O)c1cccc(-c2ccc3ncc(N4CCOCC4)nc3c2)c1,2.267354
CILBGWDTLFTXPJ-UHFFFAOYSA-N,CN(C(=O)c1cc2c(-c3cncnc3)cccc2[nH]1)c1ccccc1,2.325839
UCVBIIAYDZYJNW-UHFFFAOYSA-N,COc1cccc2c(C)nc(N=C(N)N)nc12,2.492603
QHWPGTFFPKXHKE-UHFFFAOYSA-N,Cc1cnc(CCNC(=O)c2cc(-c3ccc(Cl)cc3)cs2)[nH]1,2.38347
QJVVTSYNUZFGTP-UHFFFAOYSA-N,O=C1N(Cc2cc3ccccc3s2)CC2CN(Cc3ccccc3)CCN12,2.84363
UXFYDSZRRLQYKN-UHFFFAOYSA-N,CS(=O)(=O)c1cccc(-c2cnc3[nH]cc(-c4ccc(CCC(=O)O)cc4)c3c2)c1,2.30377
GFSIASRMOIMLMZ-UHFFFAOYSA-N,CCn1ncc2c(NC3CCOCC3)c(CNC(=O)c3ccnn3C)c(C)nc21,2.857128
BSYXHJPUUQSGTJ-UHFFFAOYSA-N,Nc1ncc(-c2cn[nH]c2)cc1-c1nc2cc(Cl)cnc2[nH]1,2.892356
DIWSKHVYMDRMKN-UHFFFAOYSA-N,CCN(CC)CCCN1CCN(C(=O)c2cccc(-c3noc(C(F)(F)F)n3)c2)CC1,2.453736
QFKCSDULBJZIEW-UHFFFAOYSA-N,O=C(Nc1ccnc(-c2cccnc2)n1)c1cc(C(F)(F)F)cc(C(F)(F)F)c1,2.396206
KRQJJEHYENCIHG-UHFFFAOYSA-N,CC(=O)Nc1ccc(NC(=O)c2cc(-c3cc(Cl)ccc3O)[nH]n2)cc1,2.170134
BAKMZCRWKFNYMP-UHFFFAOYSA-N,Cc1ccc2[nH]c3c(NCCN(C)C)ncnc3c2c1,2.379946
HKHQUVIRHHPUQA-UHFFFAOYSA-N,Cc1ccc(Oc2ccc(NC(=O)CNc3ccccc3N3CCCC3=O)cc2)cc1,2.038674
QMPRZWDSUVCETG-UHFFFAOYSA-N,CCN(CC)S(=O)(=O)c1ccc(Cl)c(C(=O)Nc2ccc3nc(C)sc3c2)c1,2.200046
GHSNRIDSNNBBFP-UHFFFAOYSA-N,COc1ccc(C2CC(c3cccs3)=NN2C(=O)c2ccco2)cc1OC,2.802756
FWUVGWJMHYUISN-UHFFFAOYSA-N,Cc1ccc2cc(C3NC(=O)c4ccccc4N3)c(Cl)nc2c1,2.848755
KFRDUIWWNBYMBF-UHFFFAOYSA-N,Cc1noc(C)c1C(=O)N1CCCC(c2[nH]c3c(C)cccc3c2-c2ccncc2)C1,3.10137
LREZKCRJKFUVIP-UHFFFAOYSA-N,CNC(=O)c1cc(S(=O)(=O)N2CCN(c3ccccn3)CC2)cs1,2.309719
GAYJDZZEGOKBID-KESTWPANSA-N,CC(C)c1ncc(-c2ccncc2)c([C@H]2CC[C@H](CNC(=O)c3cccnc3)CC2)n1,2.560513
RLRSHTJBIQRNDX-UHFFFAOYSA-N,Nc1ccc(C(=O)Nc2ccc(-c3nc4ccccc4o3)cc2)cc1,1.798199
PEVGVQUYBNMZTF-UHFFFAOYSA-N,Cc1ccc2c(c1C)NC(=O)C21NN=C(c2ccccc2)S1,3.752908
XVAUQMOGZLUEQB-UHFFFAOYSA-N,CC1CC1C(=O)NC1CCN(CC2(c3ccccc3)CCCCC2)CC1,3.065325
NWXPPEZYAMLJBW-UHFFFAOYSA-N,CN(C)c1cc(NC(=O)Nc2ccccc2)c2ccccc2n1,1.913366
QGLMINHDDNFQAQ-UHFFFAOYSA-N,COc1cc2ncnc(NC3CCN(Cc4ccccc4)CC3)c2cc1OC,2.077832
PNLXNAGKABBCNM-UHFFFAOYSA-N,O=C1Nc2ccc(Br)cc2C12NCCc1c2[nH]c2ccccc12,3.54659
XUDUGZUGZAXCNW-UHFFFAOYSA-N,CCOc1ccc(-c2nc(NC(=O)CS(=O)(=O)c3ccccc3)sc2C)cc1,2.119803
RUFSVMVKWPMGNR-UHFFFAOYSA-N,O=C(NC1CC1)c1ccc(N2CCOc3ccc(Cl)cc32)s1,2.432046
FPFAZHMPACUKSM-UHFFFAOYSA-N,Cc1nnc(NC(=O)c2cn(-c3ccccc3)nc2-c2ccccc2C)o1,2.255735
YBDRJSBLMHHMMB-UHFFFAOYSA-N,Cc1cc(C(=O)Nc2ccc(-c3ccccc3)cc2)no1,1.678042
RHRZUZMCICRKJA-UHFFFAOYSA-N,COc1ccc(Cl)cc1NC(=O)CN(C)C(=O)c1cnn(-c2ccccc2)n1,2.238603
OIJUAWWCQPUBSS-UHFFFAOYSA-N,Cc1cc2ccccc2n1CC(=O)N1CC(C(=O)N2CCCCC2)Oc2ccccc21,2.829868
CWUXCWWBIHLQNU-UHFFFAOYSA-N,COc1ccccc1C(C)NCC(=O)Nc1cc(C(F)(F)F)ccc1Cl,2.450954
VUZHYNUNASVZLG-UHFFFAOYSA-N,CCOc1ccccc1NC(C)C(=O)Nc1cc(C(F)(F)F)ccc1N1CCOCC1,2.680006
XOTCFNLRPYREDP-UHFFFAOYSA-N,CC(C)NCC(=O)Nc1cccc(C(=O)Nc2cccc(C(F)(F)F)c2)c1,1.934339
CMBGDFWTTBUOHA-UHFFFAOYSA-N,Cc1ccc(NC(=O)c2nc[nH]c2C(=O)Nc2nc3ccccc3[nH]2)c(C)c1,2.357724
MWJULBGGWNVJER-UHFFFAOYSA-N,Cc1cccc(NC(=O)c2cc(S(=O)(=O)N(C)c3ccc(F)cc3)ccc2Cl)n1,2.155151
OJHILPWXWVKWNC-UHFFFAOYSA-N,O=C(NC1CC1)c1ccc(N2CCC(Cc3ccccc3)CC2)nc1,1.970285
IGGXQCAOBXNXEZ-UHFFFAOYSA-N,CC(C)C(C(=O)Nc1ccc(S(=O)(=O)N(C)C)cc1)c1ccc(Cl)cc1,2.446734
UFEYZHWROVTPNL-UHFFFAOYSA-N,CC(C(=O)N1CCCC1)N1CCN(S(=O)(=O)c2ccc(C(C)(C)C)cc2)CC1,2.557241
IYSFCDBFTWNNHB-UHFFFAOYSA-N,Cc1cc(C)n2nc(C(=O)Nc3cc(C(F)(F)F)ccc3N3CCOCC3)nc2n1,2.539788
BKHIUIHGKIWMST-UHFFFAOYSA-N,O=C(Nc1cnc2ccccc2c1)c1cccc(-n2cnnn2)c1,2.090014
XWLQYIAABSEIQV-UHFFFAOYSA-N,O=S(=O)(c1ccc(Cl)cc1)N1CCN(C(=S)NCc2ccco2)CC1,2.148424
WLJYEEIXBTUIEV-UHFFFAOYSA-N,COc1ccccc1CNC(=O)c1cc(C2CC2)nc2c1cnn2C(C)C,2.284638
YXMUZBCYWSZDKH-UHFFFAOYSA-N,Cc1ccc(NC(=O)c2cc(S(=O)(=O)NC(C)(C)C)ccc2C)nc1,2.155263
UAAVHVCHWGLFDD-UHFFFAOYSA-N,CC(C)C(NC(=O)Cc1cccc2ccccc12)C(=O)Nc1cccc(C#N)c1,2.45587
IKKCYRJQWCTODP-UHFFFAOYSA-N,Cc1ccc(S(=O)(=O)N2CCN(C(=O)c3cc(-c4ccccc4)[nH]n3)CC2)cc1,2.118589
SVKLZVIIPWYADX-UHFFFAOYSA-N,O=C(C(Cc1c[nH]c2ccccc12)NS(=O)(=O)c1ccc(Cl)cc1)N1CCCCC1,2.575042
GFTNXPVXWMLQCP-UHFFFAOYSA-N,Cc1cc(C(=O)Nc2cnn(Cc3ccc(Cl)cc3Cl)c2)no1,2.245529
LLRHQEDEAOKTPS-UHFFFAOYSA-N,Cc1cc(Nc2ccncc2)n2nc(C)c(-c3ccccc3Cl)c2n1,2.384328
PKCDDUHJAFVJJB-VLZXCDOPSA-N,C[C@]1(O)C[C@@H](c2nc(-c3ccc4ccc(-c5ccccc5)nc4c3)c3c(N)nccn32)C1,2.720661
QCGAHSHQTXYFSB-UHFFFAOYSA-N,O=C(Nc1ccc(N2CCNCC2)cc1)c1ccn2ncc(-c3cccc(Cl)c3)c2n1,2.410758
JWPDWTQSEVDUEU-UHFFFAOYSA-N,COc1cccc(CC(=O)N2CCC(n3c(C)nc4ccc(F)cc43)CC2)c1,2.205621
IVFHUUHIAMUTGR-UHFFFAOYSA-N,O=C(Nc1cccc(Cl)c1)c1cnc(N2CCN(c3ccncc3)CC2)c(Cl)c1,2.167925
LNMMFLYZRRSOEC-BHWOMJMDSA-N,O=C(c1ccc(NCCO)cc1)C1C[C@H]1c1ccc(Cl)cc1,2.723265
NEZTYZLKZFROFG-UHFFFAOYSA-N,O=C(NC1CCN(c2ccnc3ccccc23)C1)c1cccc(C(F)(F)F)c1,2.574465
SZYYBVWPURUFRR-UHFFFAOYSA-N,CCn1cnc2c(Nc3cc(F)cc(F)c3)nc(C#N)nc21,2.644305
YUJSGIUJPLJCOO-UHFFFAOYSA-N,Nc1nccc2ccc(-c3ccc4nccn4c3)cc12,2.369809
DCTLEVDGGICUNO-UHFFFAOYSA-N,CC(C)(CN)c1nc(-c2ccc(Cl)c(O)c2)c(-c2ccnc(N)n2)[nH]1,2.902609
KNPCDSZXZHMZNO-UHFFFAOYSA-N,COc1ccc(-c2cnc3ccc(NCc4ccc(S(N)(=O)=O)cc4)nn23)cn1,2.496481
SHFMWGHKYPJCMB-UHFFFAOYSA-N,CN1CCN(S(=O)(=O)c2ccc(-c3ccc4c(Nc5ccc6nn[nH]c6c5)ccnc4c3)cc2)CC1,2.705182
VKIMNIFOQJKBSQ-UHFFFAOYSA-N,Cc1cccc(C(=O)Nc2ccnc(N(C)C3CCN(CC(C)C)CC3)c2)c1,2.308698
LDRYEHCQZJVCHB-UHFFFAOYSA-N,Cc1nc(-c2cccc(NCc3ccccc3)c2)[nH]c1C,1.963799
KDGAYIQHBSZFAC-UHFFFAOYSA-N,O=C(Nc1ccccc1)c1ccc(-c2cc3ccncc3cc2OC2CCNCC2)s1,2.50974
JJFCZQQGKHAVJN-UHFFFAOYSA-N,COc1ccc(CN2CCOc3ccc(C(C)(O)CN(C)C)cc3C2)cc1C,2.887363
SDPWANAOAUDRFV-UHFFFAOYSA-N,CC1(C)Cc2c(c(N3CCOCC3)nc3snc(Br)c23)CO1,3.185926
DGDABUQKZBKVNH-UHFFFAOYSA-N,CCc1ccc(C(NCc2nc(N)nc(N(C)C)n2)C(C)C)cc1,2.897902
UDUZSGBDEHXQHL-UHFFFAOYSA-N,Cc1cc(C)nc(-n2nc(C)cc2Nc2ccccc2)n1,2.152255
CUYSQTKDDPCISN-UHFFFAOYSA-N,Cc1ccc(-c2nc(CN(Cc3ccccn3)C(C)C)cs2)o1,2.477475
POMXKKUDLGDXBN-UHFFFAOYSA-N,O=C(Nc1nc(-c2ccccn2)cs1)C1CC1c1ccccc1F,2.909084
DYGJLBLTVHZWLM-UHFFFAOYSA-N,CCCn1c(NC(=O)c2ccc3ccccc3n2)nc2ccccc21,2.037434
UOGMFXSUODVZOM-UHFFFAOYSA-N,CCNC(=O)C(C)Nc1nc(-c2cccnc2)nc2sc(C)c(C)c12,2.88839
RBKVRSJNDSUKEM-UHFFFAOYSA-N,CNC(=O)CNc1nc(-c2ccccn2)nc2scc(-c3ccccc3)c12,2.364431
YLMPCKDYBHCDDQ-UHFFFAOYSA-N,Cc1cc(Nc2ccc(C(F)(F)F)cc2)n2ccnc2n1,2.388361
MWJSPLARDCGVLH-UHFFFAOYSA-N,Cc1ccc(-c2cc(C(=O)Nc3cccnc3)c3cc(Br)ccc3n2)cc1,1.986044
UBYPYZJJWXISEX-UHFFFAOYSA-N,O=C(NCCN1CCCC1)c1cc(NCCN2CCOCC2)nc2ccc(Cl)cc12,2.339678
BDFAHNBRQVAVII-UHFFFAOYSA-N,O=C(NCCN1CCCC1)c1cc(NCCCCN2CCC(F)(F)CC2)nc2ccc(Cl)cc12,2.624445
JVNAVIBTZKVGIX-UHFFFAOYSA-N,Cc1cc(Cl)c(S(=O)(=O)N2CCCC2)cc1OCC(=O)NC1CCCCC1,2.202845
IXIWWUXRQRPITR-UHFFFAOYSA-N,Cc1cc(NC(=O)c2ccc(S(=O)(=O)N(Cc3ccccc3)C(C)C)cc2)no1,2.147446
ZSGOLBZIGDYMAO-UHFFFAOYSA-N,COc1cc(OC)cc(C(=O)NCC2Cc3cc(Cl)cc(-c4ccncc4)c3O2)c1,2.850533
KOYQCCHBZCHHPZ-UHFFFAOYSA-N,Cc1cc(C)n(-c2ccc(NC(=O)C3CCN(Cc4cnc(C)s4)CC3)cc2)n1,2.305616
TXHXIMGYVPSYFT-UHFFFAOYSA-N,O=C(NC1CC1)c1ccc(CSCc2ccccc2Cl)o1,2.144921
DAYCKTFSPUHBHK-UHFFFAOYSA-N,COc1ccc(CCN2CCC(NCc3cccc(N(C)C)c3)CC2)cc1,2.009777
BQOMVBRKIWCRCU-UHFFFAOYSA-N,FC(F)(F)c1cnc(Sc2nnc(-c3ccncc3)o2)c(Cl)c1,2.577464
OCPFPYJVXUSXGP-UHFFFAOYSA-N,CCOc1ccccc1C(=O)Nc1cccc(-c2nc3ncccn3c2C)c1,2.219778
LNPHKHANJCYWMS-UHFFFAOYSA-N,Cc1nn(C)cc1C(C)Nc1nncc(-c2ccc(C(F)(F)F)cc2)n1,3.039571
ZIXQOZABHRGIPJ-UHFFFAOYSA-N,CC1CCCN(C(=O)C(C)Nc2cc(Cl)ccc2N2CCOCC2)C1,2.957465
HZXZTAAZILWOMG-UHFFFAOYSA-N,COc1ccc(-c2cncc3ccc(C(=O)NCCCn4ccnc4)nc23)cc1,2.410409
WFDXOXNFNRHQEC-GHRIWEEISA-N,CO/C=C(/C(=O)OC)c1ccccc1Oc1cc(Oc2ccccc2C#N)ncn1,2.688258
SERGCCVLLRWNTL-UHFFFAOYSA-N,Nc1ncc(Br)cc1-c1nc2cc(Cl)cnc2[nH]1,2.686298
FIJPKHXRKHDZOE-UHFFFAOYSA-N,c1ccc2c(c1)CN(CC1CC1)CC1(CCN(Cc3c[nH]c4cnccc34)CC1)O2,3.209251
CDBWFBZJVOUMSG-UHFFFAOYSA-N,CCc1cc(=O)n(C)c(SC(C)C(=O)Nc2ccc(F)cc2)n1,2.560449
WQRRSTVFXTYOJZ-UHFFFAOYSA-N,Cc1cc(NCC(C)C)c2n[nH]c(-c3ccccc3)c2n1,2.48979
MXGQUMNBFGOVSM-UHFFFAOYSA-N,O=C(C1CCN(c2nnnn2-c2ccccc2)CC1)N1CCc2ccccc2C1,2.280621
WEUCDJCFJHYFRL-UHFFFAOYSA-N,CN1CCCN(C(c2ccccc2)c2ccc(Cl)cc2)CC1,2.255872
VSCAOMUSYLNUIK-UHFFFAOYSA-N,CCOC(=O)c1noc(N)c1-c1ccccc1,2.088644
DGMCJLTWFVDVMD-UHFFFAOYSA-N,CNC(=O)C1Cc2ccccc2N1C(=O)Cc1ccc(F)cc1,2.4939
OZZCAQRFCLRFJS-UHFFFAOYSA-N,CCC(=O)Nc1ccccc1C(=O)Nc1ccccn1,1.699057
YFIUIQDIYVFGFI-UHFFFAOYSA-N,O=C(Nc1ccc2c(c1)B(O)OC2)c1ccccc1C(F)(F)F,2.507353
COPJJLIBBWNVEG-UHFFFAOYSA-N,COc1ccc(C(=N)N)cc1-c1cn(-c2ccc(C(=N)N)cc2)nn1,2.405535
XSMBMYSEWPXVEN-UHFFFAOYSA-N,Cc1nc(-c2ccccn2)nc(N(C)CCc2ccccc2)c1Cl,2.293919
AULZAOYATYMWMK-UHFFFAOYSA-N,Cc1nc(-c2ccccn2)nc(N2CCC(Cc3ccccc3)C2)c1Cl,2.782765
ROPURQARGDTBBZ-UHFFFAOYSA-N,O=C(Nc1c(O)cccc1-c1nc2c(C(=O)O)cccc2o1)c1cc(-c2ccccc2)on1,2.536651
UZJXFKKOVXHTAZ-HOTGVXAUSA-N,Clc1ccc(Cl)c(CO[C@H]2CCCC[C@@H]2n2ccnc2)c1,3.194956
WQWBZRVAFAMASC-UHFFFAOYSA-N,c1ccc(Oc2ccc(-c3cc(N4CCOCC4)[nH]n3)cc2)cc1,2.261625
OBTIKAOBUGEQKB-UHFFFAOYSA-N,CC(C)(C)OC(=O)N1CCN(c2cc(-c3ccc(Oc4ccccc4)cc3)n[nH]2)CC1,2.400273
PLGDVRBIRVMWOY-UHFFFAOYSA-N,FC(F)(F)c1cc(NCCc2ccccc2)nc(-c2ccccn2)n1,2.208149
HOPAEXGXDXUDED-OALUTQOASA-N,Clc1cccc(CO[C@H]2CCc3ccccc3[C@@H]2n2ccnn2)c1,3.262157
VYVNAJNUWNGZOF-UHFFFAOYSA-N,c1ccc(Oc2ccc(-c3cc(CN4CCOCC4)[nH]n3)cc2)cc1,2.065978
FIEWOUZYTHWIGD-UHFFFAOYSA-N,O=C(Nc1ccccc1-c1nc2c(C(=O)O)cccc2o1)c1ccccc1,1.979999
UYLYXPZYFFLBLV-UHFFFAOYSA-N,Cc1nc(-c2ccccn2)nc(NCCc2ccc(S(C)(=O)=O)cc2)c1Cl,2.325841
FKKOFCADPKTONJ-UHFFFAOYSA-N,COC(=O)c1cccc2oc(-c3cccc(OC)c3NC(=O)c3cc(-c4ccccc4)on3)nc12,2.51679
RTHCYVBBDHJXIQ-UHFFFAOYSA-N,CNCCC(Oc1ccc(C(F)(F)F)cc1)c1ccccc1,2.44835
XKFTZKGMDDZMJI-HSZRJFAPSA-N,CO[C@@H](C(=O)N1Cc2[nH]nc(NC(=O)c3ccc(N4CCN(C)CC4)cc3)c2C1)c1ccccc1,3.02242
RXZMYLDMFYNEIM-UHFFFAOYSA-N,CNC(=O)c1nn(C)c2c1C(C)(C)Cc1cnc(Nc3ccc(N4CCN(C)CC4)cc3)nc1-2,2.9193
WJRRGYBTGDJBFX-UHFFFAOYSA-N,Cc1ncc(-c2ccnc(Nc3ccc(S(C)(=O)=O)cc3)n2)n1C(C)C,2.461841
JBAGAKSCBHZIIC-UHFFFAOYSA-N,c1ccc(Oc2ccc(-c3cc(N4CCNCC4)[nH]n3)cc2)cc1,2.351783
WOXGYLMTLBWAOJ-UHFFFAOYSA-N,c1ccc(Oc2ccc(-c3cc(C4CCOCC4)[nH]n3)cc2)cc1,2.158769
SEUQKSILENGZBY-UHFFFAOYSA-N,N=C(N)Nc1ccc(-c2ccc(-c3ccc(NC(=N)N)cc3Cl)o2)c(Cl)c1,2.588224
XMBSZPZJLPTFMV-UHFFFAOYSA-N,Cc1nn(C)c(C)c1NS(=O)(=O)c1c(Cl)cc(-c2ccnc(N3CCNCC3)c2)cc1Cl,2.738402
FDUHUAOVUUJXMZ-UHFFFAOYSA-N,N=C(N)Nc1ccc(-c2ccc(-c3ccc(N=C(N)N)c(Cl)c3)o2)cc1Cl,2.697116
FBSYJUVNGAMMOK-UHFFFAOYSA-N,Nc1ccc2ncnc(Nc3ccc(OCc4cccc(F)c4)c(Cl)c3)c2c1,2.156002
LAQYAAXZGKIYMG-UHFFFAOYSA-N,O=C(CN1CCOCC1)Nc1ccc2ncnc(Nc3ccc(OCc4cccc(F)c4)c(Cl)c3)c2c1,2.37212
BAKRJLKWGGXQFY-UHFFFAOYSA-N,CC1=Nc2ccc(Cl)cc2C(O)(c2ccc(C)cc2)N1CCN1CCCCC1,3.181121
VBWDUFMYAFZXFX-UHFFFAOYSA-N,CN1CCN(S(=O)(=O)c2ccc(-c3ccc4c(Nc5ncc(Cl)cn5)ccnc4c3)cc2)CC1,2.458198
OAUPSHKTJBGBLG-UHFFFAOYSA-N,COc1ccc(C2=NN(C3CCCCCC3)C(=O)C2(C)C)cc1OCc1ccccn1,2.606922
QCGVWURENBVVQG-UHFFFAOYSA-N,c1cc(C2=NCCN2)cc(-c2cc(-c3ccc(C4=NCCN4)cc3)no2)c1,2.75154
SCGRUHAJSQVIGC-UHFFFAOYSA-N,COc1cc(C2=NCCN2)cc2cc(-c3ccc(C4=NCCN4)cc3)oc12,2.864416
KKZDZTJFDLFERF-UHFFFAOYSA-N,NCCN(C(=O)c1ccc(Cl)cc1Cl)c1ccc(OCc2ccc(Cl)cc2)cc1,2.100714
QFPXBVYGCDAYMW-UHFFFAOYSA-N,COc1cc(C2=NCCN2)ccc1-c1cn(-c2cccc(C3=NCCN3)c2)nn1,2.923948
PYIOPAPWQWWKQU-UHFFFAOYSA-N,CC1=Nc2ccc(Cl)cc2C(c2ccccc2)N1CCNC(=O)CN(C)C,3.03034
NDEOTZXSBKCQLS-LBHOTPKDSA-N,CO[C@@H]1CN(c2ccc(C#CC3(O)CN4CCC3CC4)c(Cc3ccccc3)n2)C[C@H]1O,4.67656
RBSANZKTNQQZIF-UHFFFAOYSA-N,CCCCN(CCCC)c1c(C#N)cc(S(=O)(=O)Nc2ccccc2)cc1C#N,2.625738
SNIHFZNFPCCTSV-UHFFFAOYSA-N,COc1cc(C2=NCCN2)ccc1-n1cc(-c2cccc(C3=NCCN3)c2)nn1,2.912575
LBJLSCITQUDAQD-UHFFFAOYSA-N,N=C(N)c1ccc(-c2cc(-c3ccccc3)on2)cc1,1.918549
YYPYGOBZSTWBLU-UHFFFAOYSA-N,COc1ccc(C2=NCCN2)cc1-c1cn(-c2cccc(C3=NCCN3)c2)nn1,2.921995
WZTHYPKDVIMHHT-UHFFFAOYSA-N,CCc1ccccc1-n1c(C)cn2c3c(=O)n(C(C(=O)OC)C(C)C)c(=O)n(C)c3nc12,3.354795
ONCZDRURRATYFI-QTCHDTBASA-N,CO/N=C(\C(=O)OC)c1ccccc1CO/N=C(\C)c1cccc(C(F)(F)F)c1,2.629131
UQCSYEMAYJXJNE-UHFFFAOYSA-N,Cc1nn2c(=O)c3c([nH]c2c1-c1ccc(Cl)cc1)CCCC3,2.632075
JRXRAZYVFADAOF-UHFFFAOYSA-N,Cc1nn2c(O)c3c(nc2c1-c1ccc(F)cc1)CCCC3,2.463624
SPLYXRSUMHFDJS-UHFFFAOYSA-N,Cc1cccnc1NC(=O)c1cccc(OCc2c(C)noc2C)c1,2.107237
DYEUWGMQMXFQOI-UHFFFAOYSA-N,O=C(NCCc1ccn(-c2ccccc2)n1)C1CCCCC1,1.99302
GVQWKADEEQMGQO-UHFFFAOYSA-N,O=C(NCc1nnc2n1CCCCC2)c1ccc(-c2ccc(F)cc2)o1,2.287641
YGZGVGWPJMHYEE-UHFFFAOYSA-N,CC1CCCCN1C(=O)NCCc1coc(-c2ccc(F)cc2)n1,2.699482
ONKXTQWTNUGHTK-UHFFFAOYSA-N,CS(=O)(=O)c1ccccc1C(=O)N(Cc1ccccc1)c1ccccc1,1.867557
WPALTCMYPARVNV-UHFFFAOYSA-N,CCc1nn(C)c(C(=O)NCc2ccc(Oc3ccc(C)cc3)cc2)c1Cl,2.130457
VGPIBGGRCVEHQZ-UHFFFAOYSA-N,CC(C)(C)C(O)C(Oc1ccc(-c2ccccc2)cc1)n1cncn1,3.093953
BQYJATMQXGBDHF-UHFFFAOYSA-N,CC1COC(Cn2cncn2)(c2ccc(Oc3ccc(Cl)cc3)cc2Cl)O1,3.354863
ZCTSQCRTBXPIIU-UHFFFAOYSA-N,O=C(NCCc1csc(-c2ccccc2)n1)c1ccccc1,1.714612
UQOCJNOTNWYZQR-UHFFFAOYSA-N,N#CCN(CCCCN1CCN(c2ccc(F)cc2)CC1)C(=O)OCc1ccccc1,2.271994
UWIHILLUGAWUQF-UHFFFAOYSA-N,O=C(Nc1ccc(F)c(-c2nc3cc(-c4ccccc4)cnc3[nH]2)c1)N1CCCC1,2.35508
SPULCWPTJVFEOS-UHFFFAOYSA-N,CCN(CC)S(=O)(=O)c1ccc(C(=O)Nc2cc(C)nn2-c2nc(C)c(C)c(=O)[nH]2)cc1,2.635013
KNVRSNGORYIZSS-UHFFFAOYSA-N,Cc1ccc(S(=O)(=O)Nc2ccc(CN3CCN(C(=O)c4cccc(C#N)c4)CC3)cc2)cc1,2.097234
IXKIZPGJCKVQGU-UHFFFAOYSA-N,COc1ccc(S(=O)(=O)Nc2ccc(CN3CCN(C(=O)c4cccc(C#N)c4)CC3)cc2)cc1,2.117085
XFSYGJBPBTWLFR-UHFFFAOYSA-N,CC(=O)Nc1ccc(-c2noc(CC3CCCN(Cc4cccc(F)c4C)C3)n2)cc1,2.798463
UGGQJFCPEJWJFR-UHFFFAOYSA-N,CNc1cc(C)nc(C2CN(C(=O)c3n[nH]c4ccccc34)CCO2)c1,3.174147
WBCVJSUFNMLANH-UHFFFAOYSA-N,Clc1ccc(CN2CCN(C3=NCCN3)CC2)cc1Cl,2.336221
UCTWSKPOBKSLHG-UHFFFAOYSA-N,CC(c1cc(Cl)cc(Cl)c1)N(C)c1ncc2c(N)nc(N)nc2n1,3.346692
XCJMUIWIEQFAQX-UHFFFAOYSA-N,FC(F)(F)c1ccc(N(c2cccnc2)C2CCN(c3ccc(C(F)(F)F)cn3)CC2)cc1,2.648309
OJFZYAQGMWSUID-QFIPXVFZSA-N,O=C([C@@H](c1ccc(Cl)cc1)c1cccnc1)N1CCN(c2ccc(C(F)(F)F)cc2)CC1,2.690027
DNDNLFXKQSTINI-WUFINQPMSA-N,COc1ccc(C2=NN(C3CCCCCC3)C(=O)[C@@H]3CC=CC[C@H]23)cc1OCCCCOc1ccc(-c2nn[nH]n2)cc1,3.663952
JPXAIORZGBCHIB-UHFFFAOYSA-N,COc1ccc(C2=NN(C3CCCCCC3)C(=O)C2(C)C)cc1OCCCCOc1ccc(-c2nn[nH]n2)cc1,2.86781
KXSXIFFPCDJUPY-LLVKDONJSA-N,C[C@H](c1ccc2c(c1)CCCC2)N(C)c1ncc2c(N)nc(N)nc2n1,3.28509
OWHDETKHTAYSHV-CYBMUJFWSA-N,COc1ccc(Oc2ccc([C@@H](C)N(C)c3ncc4c(N)nc(N)nc4n3)cc2)cc1,3.054393
KEPKKUKRTDFXHZ-UHFFFAOYSA-N,COc1ccc(OC)c(NCc2ccc3nc(N)nc(N)c3c2Cl)c1,2.374223
CJFWNLXLAAHQJY-UHFFFAOYSA-N,COc1ccc(-c2nn(C(C)C)c3ncnc(N)c23)cc1OC,2.339075
QBHZHBVIUINBIU-UHFFFAOYSA-N,Clc1ccc(-n2cc(COc3ccnc4ccccc34)nn2)cc1,2.110732
IXORERCONFMYQK-UHFFFAOYSA-N,CS(=O)(=O)N1CCC(Cn2nc(Cc3cccc4ccccc34)c3c(N)ncnc32)CC1,2.662268
QPMLJENOPRBTQL-UHFFFAOYSA-N,COc1cc(NC(=O)Cc2nn(C)c(=O)c3ccccc23)ccc1Cl,2.037435
MMRLNUFECMEMSQ-UHFFFAOYSA-N,Nc1ncnc2c1c(Cc1cccc3ccccc13)nn2CC1CCNCC1,2.613885
JDGVJUPTGNCOQZ-UHFFFAOYSA-N,CC(C)C(Oc1cccc2ccccc12)C(=O)O,2.334728
GDQXJQSQYMMKRA-UHFFFAOYSA-N,CC(C)(C)n1nc(Cc2cccc3ccccc23)c2c(N)ncnc21,2.492713
XZLFLNWUBLMFQW-UHFFFAOYSA-N,CCOc1ccc2cc(-c3nn(C(C)(C)C)c(N)c3C(N)=O)cnc2c1,2.612646
KONPIFGGWNMOKY-UHFFFAOYSA-N,CCOc1ccc2cc(-c3nn(CC4CCN(C)CC4)c4ncnc(N)c34)ccc2c1,2.552559
LIEMBEWXEZJEEZ-INEUFUBQSA-N,Nc1ncnc2c1ncn2C[C@@H](O)[C@@H](O)C(=O)O,3.387575
HMJIYCCIJYRONP-UHFFFAOYSA-N,COC(=O)C1=C(C)NC(C)=C(C(=O)OC(C)C)C1c1cccc2nonc12,3.059295
UXZFQZANDVDGMM-UHFFFAOYSA-N,Oc1c(I)cc(I)c2cccnc12,2.67264
QXXZLJQFZPCDQK-UHFFFAOYSA-N,Cc1[nH]c2cc(F)cc(F)c2c(=O)c1-c1ccc(Oc2ccc(OC(F)(F)F)cc2)cc1,2.463709
QKEXQELISPDIMT-UHFFFAOYSA-N,CC1(C)OB(O)c2ccc(C3=NOC(c4cc(Cl)c(F)c(Cl)c4)(C(F)(F)F)C3)cc21,3.942567
VXKBOWDIIISNFX-UHFFFAOYSA-N,Cc1cc(C2=NOC(c3cc(Cl)c(F)c(Cl)c3)(C(F)(F)F)C2)ccc1C(=O)NCc1ccc2c(c1)C(C)(C)OB2O,3.887111
MCXIERGGMZGONT-UHFFFAOYSA-N,Nc1ncc(-c2ccc(C(F)(F)F)nc2)cc1-c1ccc(C(F)(F)F)nc1,2.583277
BFQTUZNMYNKQNQ-UHFFFAOYSA-N,COc1ccc(N(CCc2cccc(C)n2)C(=O)C2CCCCC2)cc1,2.159864
HFGSVASEWGWQNS-UHFFFAOYSA-N,CC(=O)N(CCN(C(=O)c1ccc(F)cc1)c1ccccc1)c1ccccc1,2.002219
BNNYKHKHVTUBKT-UHFFFAOYSA-N,O=C(Nc1nnc(S)s1)c1cc(Br)ccc1Cl,2.483415
ZHVMRVMGQKSOKL-QZTJIDSGSA-N,CC(C)(C)c1ccc(N[C@@H]2CCCC[C@H]2NC(=O)c2ccco2)cc1,2.894517
LHZSDCCVKQCGKA-UHFFFAOYSA-N,COc1ccc(N(CCc2cccc(C)n2)C(C)=O)cc1,2.045303
YWQGPSYXKZHVDR-UHFFFAOYSA-N,O=C(c1ccc(F)cc1)N(CCNc1ccccc1)c1ccccc1,1.798365
GVZZZLDSLMWJJU-UHFFFAOYSA-N,COC(=O)c1c(NC(=O)c2cc3ccccc3oc2=O)sc2c1CCN(Cc1ccccc1)C2,2.345961
QOUIVZIZMDEBJC-YTMVLYRLSA-N,CCCCc1ccc(NC(=O)Nc2ccc(O[C@H]3CCCC[C@@H]3N(C)c3ccccc3)c(F)c2)cc1,3.101613
GTYVVZQCJTWZAE-UHFFFAOYSA-N,CCc1nc2ccc(C(=O)NCc3ccc4c(c3)OCO4)cn2c1N(C)Cc1cccs1,2.705995
UVRPNNHYEHVDTJ-UHFFFAOYSA-N,CCS(=O)(=O)N(Cc1ccco1)Cc1cc2ccc(C)cc2nc1O,2.6862
JNYKHFJDJZGZOI-UHFFFAOYSA-N,COc1cccn2c(C(=O)N3CCCCC3)c(C(F)(F)F)nc12,2.496109
IQMMQBXFNFNXIC-UHFFFAOYSA-N,Cn1ncc2c(N3CCOCC3)nc(NCCc3c[nH]c4ccccc34)nc21,2.485973
OWLPYRJWFAVURP-UHFFFAOYSA-N,COCC(C)NC(=O)CSc1ncnc2sc(-c3ccccc3)cc12,2.771297
FUUYCVZXOQCRIT-UHFFFAOYSA-N,c1ccc(Oc2ccc(-c3cncc(-c4ccc5[nH]ccc5c4)n3)cc2)cc1,2.160759
WEGITEKALFVLHV-UHFFFAOYSA-N,COc1ccc(-c2nnc3ccc(-c4cccc(C(C)C)c4)cn23)cc1OC,2.201036
RBIYNBBAQGBCJK-UHFFFAOYSA-N,COc1ccc(-c2cnc3cnc(-c4cccc(OC(C)C)c4)cn23)cc1,2.298582
ARLOHHNBCXKXDE-UHFFFAOYSA-N,c1ccc(-c2[nH]c3ccccc3c2C(c2ccccn2)N2CCCC2)cc1,2.679044
OJKRCDAVAIKJBQ-UHFFFAOYSA-N,Cc1ccccc1C(=O)N1N=C(Nc2ccccc2)SC1(C)C,2.420947
ZXTDMEVOZZTVJO-UHFFFAOYSA-N,Cc1[nH]c2ccccc2c1C(c1cccs1)N1CCN(C)CC1,2.776316
ONJKDQWJZQEXIR-UHFFFAOYSA-N,CNc1nnc(Sc2cnn(-c3ccccc3)c(=O)c2Cl)s1,2.552
CGLPUJREKSHIQW-UHFFFAOYSA-N,CS(=O)(=O)c1ccc(C(=O)N(CC2CCCO2)c2nc3ccccc3s2)cc1[N+](=O)[O-],2.924875
LKQLLLBAKIPSFR-UHFFFAOYSA-N,Cc1nn(C(=O)Nc2cccc(C(F)(F)F)c2)c(C)c1Sc1ncccn1,2.656988
BVQDZSFUVFXFCD-UHFFFAOYSA-N,COc1ccc(-c2onc(C(F)(F)F)c2-c2ccc(Cl)cc2)c(O)c1,2.444301
SPARKOQEOXPPBW-UHFFFAOYSA-N,Cc1cc(OCC(=O)Nc2ccc(C(C)C)cc2)n(C)c(=O)c1C#N,2.417091
YNNUSGIPVFPVBX-BPGUCPLFSA-N,CN1CCCC1CCO[C@](C)(c1ccccc1)c1ccc(Cl)cc1,3.010407
YGCODSQDUUUKIV-UHFFFAOYSA-N,Nc1nc2cc(Cl)ccc2o1,2.181729
YXCULPUNVLAFLE-UHFFFAOYSA-N,CC(=O)N1CCN(c2ccc(Oc3ccc(Cl)cc3O)cc2)CC1,1.950855
IGEXZUWFYCYQFB-UHFFFAOYSA-N,Nc1nc(N)c2c3c(sc2n1)CN(Cc1ccccc1)CC3,2.259965
PXMDMOFRJIYITN-UHFFFAOYSA-N,CC(C)(C)OC(=O)N1CCC(Cn2nc(-c3cnc4ccccc4c3)c3c(N)ncnc32)CC1,2.679907
JSONRPFPVGYCOB-UHFFFAOYSA-N,Nc1ncnc2c1c(-c1cnc3ccccc3c1)nn2CC1CCNCC1,2.632638
XVLBYYUDKFJBBH-UHFFFAOYSA-N,CC(C)n1nc(-c2cc3c(Cl)cccc3[nH]2)c2c(N)ncnc21,2.749678
XVJQXQFJIYFSEC-UHFFFAOYSA-N,Nc1ncnc2[nH]nc(Cc3cccc4ccccc34)c12,2.426731
YJRWKOLRMSYZHE-UHFFFAOYSA-N,CS(=O)(=O)N1CCC(CCn2nc(Cc3cccc4ccccc34)c3c(N)ncnc32)CC1,2.695701
HEVUROULBIHFRC-UHFFFAOYSA-N,CC(C(=O)Nc1ccc2oc(-c3ccncc3)nc2c1)c1ccccc1,2.51281
HAWUXIAKFTWNEO-UHFFFAOYSA-N,CC(Oc1cccc(Cl)c1)C(=O)Nc1ccc2oc(-c3ccncc3)nc2c1,2.58369
PBVIXFOZRAMTSN-UHFFFAOYSA-N,O=C(OCc1ccccc1)N1CCC(c2cc(-c3ccncc3)c(-c3ccc(F)cc3)[nH]2)CC1,2.447143
MVIHEGXCXLFEMC-UHFFFAOYSA-N,CC(C)(C)n1nc(-c2ccccc2)c2c(N)ncnc21,2.288125
RBWNFHXBUDPAIO-UHFFFAOYSA-N,CN1CCC(c2cc(-c3ccncc3)c(-c3ccc(F)cc3)[nH]2)CC1,2.406231
POUOXYLEQJMXSY-UHFFFAOYSA-N,Cc1cc2nc(NC(=O)C(C)(C)C)nc(Cl)c2n1Cc1ccc(Cl)cc1,2.563361
FOHYWRFSSYKEMV-UHFFFAOYSA-N,CC(C)(C)n1nc(Cc2ccc(F)c(Cl)c2)c2c(N)ncnc21,2.628157
RGPLABHTYVGWKB-UHFFFAOYSA-N,Cc1cc(NC(=O)c2ccc(Oc3ccc(Cl)cc3O)o2)no1,2.476642
BKVNVQAJGRLKBT-UHFFFAOYSA-N,COC(=O)c1ccc(F)cc1NS(=O)(=O)c1cccc(-c2cnn(Cc3ccccc3)c2)c1,2.229311
RBWQOYBXBPZIQX-UHFFFAOYSA-N,CC(C)(C)OC(=O)N1CCN(c2nccc(-c3ccc(-c4ccc(Cl)cc4)s3)n2)CC1,2.373193
ZJQFNRKCHMXBQG-CIAFKFPVSA-N,CC(C)(C)C(=O)N(CCCCCCN1C[C@H](O)[C@@H](O)[C@H](O)[C@H]1CO)C1CCCCCC1,3.848521
WNHCOMJIXJADBK-PLCFMAHRSA-N,OC[C@H]1O[C@@H](n2c3ccc(Cl)cc3c3c(-c4cc5ccccc5o4)ncnc32)C(O)[C@H]1O,3.813034
KEFSTVMQMUJTRC-FTJBHMTQSA-N,O=C1[C@@H](Oc2ccccc2)[C@@H](c2ccc(Cl)cc2)N1CCn1cnc2c(NCc3ccccc3)ncnc21,3.297044
QUIJNHUBAXPXFS-XLJNKUFUSA-N,COc1nc2ccc(Br)cc2cc1[C@@H](c1ccccc1)[C@@](O)(CCN(C)C)c1cccc2ccccc12,3.397814
XDRYMKDFEDOLFX-UHFFFAOYSA-N,N=C(N)c1ccc(OCCCCCOc2ccc(C(=N)N)cc2)cc1,1.993285
FSVJFNAIGNNGKK-UHFFFAOYSA-N,O=C(C1CCCCC1)N1CC(=O)N2CCc3ccccc3C2C1,2.709269
WDQPAMHFFCXSNU-UHFFFAOYSA-N,CC(C)N=c1cc2n(-c3ccc(Cl)cc3)c3ccccc3nc-2cc1Nc1ccc(Cl)cc1,2.517015
VLCYCQAOQCDTCN-UHFFFAOYSA-N,NCCCC(N)(C(=O)O)C(F)F,3.448614
FIAFUQMPZJWCLV-UHFFFAOYSA-N,Cc1ccc(C(=O)Nc2ccc(S(=O)(=O)O)c3cc(S(=O)(=O)O)cc(S(=O)(=O)O)c23)cc1NC(=O)c1cccc(NC(=O)Nc2cccc(C(=O)Nc3cc(C(=O)Nc4ccc(S(=O)(=O)O)c5cc(S(=O)(=O)O)cc(S(=O)(=O)O)c45)ccc3C)c2)c1,3.946099
RVAKDGYPIVSYEU-UHFFFAOYSA-N,CCN(CC)CCCCCCNc1cc(OC)cc2c(C)ccnc12,2.308723
CULUWZNBISUWAS-UHFFFAOYSA-N,O=C(Cn1ccnc1[N+](=O)[O-])NCc1ccccc1,2.091105
JBIWCJUYHHGXTC-AKNGSSGZSA-N,C[C@H]1c2cccc(O)c2C(=O)C2=C(O)[C@]3(O)C(=O)C(C(N)=O)=C(O)[C@@H](N(C)C)[C@@H]3[C@@H](O)[C@@H]21,4.533952
RAGOYPUPXAKGKH-XAKZXMRKSA-N,CC[C@@H]([C@H](C)O)n1ncn(-c2ccc(N3CCN(c4ccc(OC[C@@H]5CO[C@@](Cn6cncn6)(c6ccc(F)cc6F)C5)cc4)CC3)cc2)c1=O,4.45067
YQNQNVDNTFHQSW-UHFFFAOYSA-N,CC(=O)Oc1ccccc1C(=O)Nc1ncc([N+](=O)[O-])s1,2.226718
AEUTYOVWOVBAKS-NXEZZACHSA-N,CC[C@H](CO)NCCN[C@H](CC)CO,3.209375
KLLIVCPQDTYMLC-UHFFFAOYSA-N,CC(C)(C)C1CCC(CC2=C(O)C(=O)c3ccccc3C2=O)CC1,2.586792
OPXLLQIJSORQAM-UHFFFAOYSA-N,COC(=O)Nc1nc2cc(C(=O)c3ccccc3)ccc2[nH]1,2.055616
INDBQLZJXZLFIT-UHFFFAOYSA-N,COc1cc(NC(C)CCCN)c2ncccc2c1,2.633593
XEEQGYMUWCZPDN-DOMZBBRYSA-N,O[C@@H](c1cc(C(F)(F)F)nc2c(C(F)(F)F)cccc12)[C@H]1CCCCN1,3.492236
TYZROVQLWOKYKF-CYBMUJFWSA-N,CC(=O)NC[C@@H]1CN(c2ccc(N3CCOCC3)c(F)c2)C(=O)O1,2.759168
UCSJYZPVAKXKNQ-UHFFFAOYSA-N,CNC1C(OC2C(OC3C(O)C(O)C(NC(=N)N)C(O)C3NC(=N)N)OC(C)C2(O)C=O)OC(CO)C(O)C1O,5.729919
GSDSWSVVBLHKDQ-JTQLQIEISA-N,C[C@H]1COc2c(N3CCN(C)CC3)c(F)cc3c(=O)c(C(=O)O)cn1c23,3.097642
QHOUDEZPFKDYIG-YGRULFCMSA-N,CO[C@H]1/C=C/O[C@@]2(C)Oc3c(C)c(O)c4c(O)c(/c(=C/NN5CCN(C)CC5)c(O)c4c3C2=O)=N\C(=O)/C(C)=C\C=C/[C@H](C)[C@H](O)[C@@H](C)[C@@H](O)[C@@H](C)[C@H](OC(C)=O)[C@@H]1C,7.280011
APKFDSVGJQXUKY-INPOYWNPSA-N,C[C@@H]1OC(=O)C[C@H](O)C[C@H](O)CC[C@@H](O)[C@H](O)C[C@H](O)C[C@]2(O)C[C@H](O)[C@@H](C(=O)O)[C@H](C[C@@H](O[C@@H]3O[C@H](C)[C@@H](O)[C@H](N)[C@@H]3O)/C=C/C=C/C=C/C=C/C=C/C=C/C=C/[C@H](C)[C@@H](O)[C@H]1C)O2,7.516698
ARFHIAQFJWUCFH-IZZDOVSWSA-N,CC1CS(=O)(=O)CCN1/N=C/c1ccc([N+](=O)[O-])o1,3.611394
RCKMWOKWVGPNJF-UHFFFAOYSA-N,CCN(CC)C(=O)N1CCN(C)CC1,2.037199
LKCWBDHBTVXHDL-SPJYSWOQSA-N,NCCC(O)C(=O)N[C@@H]1C[C@H](N)[C@@H](OC2O[C@H](CN)[C@@H](O)[C@H](O)[C@H]2O)[C@H](O)C1OC1O[C@H](CO)[C@@H](O)[C@H](N)[C@H]1O,5.287768
AUJRCFUBUPVWSZ-PTNXSCMHSA-M,CCP(CC)(CC)=[Au]S[C@H]1O[C@@H](COC(C)=O)[C@H](OC(C)=O)[C@@H](OC(C)=O)[C@@H]1OC(C)=O,4.861126
PQLXHQMOHUQAKB-UHFFFAOYSA-N,CCCCCCCCCCCCCCCCOP(=O)([O-])OCC[N+](C)(C)C,3.321934
