key,input,activity
QSVDRGTXPDNZQZ-UHFFFAOYSA-N,O=C(CC1Sc2ncnn2C1=O)Nc1ccc(Br)cc1,0.006649088522681268
PNTOXXYTCJYURV-UHFFFAOYSA-N,COc1cc(C2C3=C(CC(C)(C)CC3=O)Nc3ccccc3N2C(C)=O)ccc1OCc1ccccc1,0.031300453143194316
ZEKZLJVOYLTDKK-UHFFFAOYSA-N,CCn1cc(C(=O)O)c(=O)c2cc(F)c(N3CCNC(C)C3)c(F)c21,0.8257372975349426
MPTJIDOGFUQSQH-UHFFFAOYSA-N,Clc1cc(Cl)c2c(c1)CCc1ccccc1C2n1ccnc1,0.21400293856859207
CERPSDUBSGDEHH-UHFFFAOYSA-N,CCc1c(OCC2CCC2)c2cc(F)ccc2[nH]c1=O,0.18714429289102555
DKSVBVKHUICELN-UHFFFAOYSA-N,CCOc1noc2cc(OCCC3CCN(c4ccc(C)nn4)CC3)ccc12,0.04104687552899122
LECZXZOBEZITCL-UHFFFAOYSA-N,Cc1nc(Nc2ccc(F)cc2)nc(N2CCc3ccccc3C2C)c1C,0.03471469902433455
ABHDFUINPUWVJU-UHFFFAOYSA-N,CCc1ccccc1OCCN1CCCCCC1,0.12012578658759594
UCFGDBYHRUNTLO-QHCPKHFHSA-N,CC[C@@]1(O)C(=O)OCc2c1cc1n(c2=O)Cc2cc3c(CN(C)C)c(O)ccc3nc2-1,0.01291144578717649
IEDVJHCEMCRBQM-UHFFFAOYSA-N,COc1cc(Cc2cnc(N)nc2N)cc(OC)c1OC,0.06131246732547879
BYBLEWFAAKGYCD-UHFFFAOYSA-N,Clc1ccc(COC(Cn2ccnc2)c2ccc(Cl)cc2Cl)c(Cl)c1,0.06699430141597987
JWQAIVZHKYHNTD-UHFFFAOYSA-N,CCCCCCC1c2ccc(O)cc2Oc2cc(O)ccc21,0.10814973749220372
HDCFKIPEUIIJHB-DJJJIMSYSA-N,C[C@H]1[C@@H](c2cccc(C(F)(F)F)c2)OC(=O)N1C(=O)NCc1cncc2ccccc12,0.0644261471927166
FLNYLINBEZROPL-NSOVKSMOSA-N,COc1ccccc1CN[C@H]1C2CCN(CC2)[C@H]1C(c1ccccc1)c1ccccc1,0.27007548362016676
DEVSOMFAQLZNKR-DAFODLJHSA-N,O=C(/C=C/n1cnc(-c2cc(C(F)(F)F)cc(C(F)(F)F)c2)n1)NNc1cnccn1,0.022106774523854254
ZBGXUVOIWDMMJE-QHNZEKIYSA-N,CCOC(=O)N[C@@H]1CC[C@@H]2[C@@H](C1)C[C@H]1C(=O)O[C@H](C)[C@H]1[C@H]2/C=C/c1ccc(-c2cccc(F)c2)cn1,0.031932156439870595
IJLXVKPGJDODPJ-UHFFFAOYSA-N,Oc1cc(-c2cccc3ccccc23)[nH]n1,0.11835597604513168
ZETCXKVUHXHOLJ-UHFFFAOYSA-N,CC(C)c1ccc(COc2cccc(-c3cc(S(C)=O)c(C#N)c(=O)[nH]3)c2)cc1,0.01851347628980875
CYMXZVQAGCGDHU-UHFFFAOYSA-N,COc1ccc2c(c1)cc(CNC(=O)c1cc3ccccc3o1)n2CC(=O)O,0.009350938582792878
DICPPDRBLOSCQJ-UHFFFAOYSA-N,CC(C)(C)c1cccc(-c2nc3cc(C(=N)N)ccc3[nH]2)c1O,0.12190364189445972
OZOGDCZJYVSUBR-UHFFFAOYSA-N,FC(F)(F)Oc1ccc(Nc2ccc3cccc(Cl)c3n2)cc1,0.20768641103059055
VHJVDRYUHMVXRY-UHFFFAOYSA-N,Fc1ccc(-n2cc(Cn3c(-c4cccc(F)c4)nc4ccccc43)nn2)cc1,0.031936247181147334
YEAHTLOYHVWAKW-UHFFFAOYSA-N,COc1ccc(COc2cc3oc(=O)c4cc(C(C)O)ccc4c3cc2OC)cc1,0.02538189492188394
DGMPVYSXXIOGJY-UHFFFAOYSA-N,CCCCc1ccc(C(=O)O)nc1,0.036647653626278046
FWYSMLBETOMXAG-QHCPKHFHSA-N,COc1cccc(N2CCN(C3=Nc4c(F)cccc4[C@H](CC(=O)O)N3c3cc(C(F)(F)F)ccc3OC)CC2)c1,0.13849769178777932
JKNUDHUHXMELIJ-UHFFFAOYSA-N,COc1ccccc1NC(=O)c1ccccc1Sc1ccc([N+](=O)[O-])cc1,0.05783007936552167
SGOIRFVFHAKUTI-ZCFIWIBFSA-N,C[C@H](Cn1cnc2c(N)ncnc21)OCP(=O)(O)O,0.020190036250278355
LQOLIRLGBULYKD-JKIFEVAISA-N,Cc1onc(-c2ccccc2Cl)c1C(=O)N[C@@H]1C(=O)N2[C@@H]1SC(C)(C)[C@@H]2C(=O)O,0.2719182685017586
QRSFJFCWTGHZCD-UHFFFAOYSA-N,CCCCSc1nc(N)c2[nH]c(=O)c(=O)n(Cc3ccccc3)c2n1,0.02670474930200726
HTLITQCTVJDOQP-UHFFFAOYSA-N,CC(Oc1ccc(Cl)cc1Cl)C(=O)NCc1ccc2c(c1)OCO2,0.07457915004342794
YBSDQTBCNYWBMX-ONEGZZNKSA-N,Fc1ccc2c(/C=C/c3cccnc3)c[nH]c2c1,0.1441572315990925
MNKQXVACTXTJAG-UHFFFAOYSA-N,COc1cc(NC(=O)CN2C(=O)NC(c3ccccc3)(c3ccccc3)C2=O)cc(OC)c1,0.012925373879261315
PZFAZQUREQIODZ-UHFFFAOYSA-N,O=c1ccc2ncc(=O)n3c2n1CC3CN1CCC(NCc2cc3c(cn2)OCCC3)CC1,0.05470871813595295
NOYPYLRCIDNJJB-UHFFFAOYSA-N,COc1cc(NCc2ccc3nc(N)nc(N)c3c2C)cc(OC)c1OC,0.045315542910248044
TYHDHPUAOQCPDZ-UHFFFAOYSA-N,CCCCc1ccc(S(=O)(=O)Nc2cc(C)on2)cc1,0.0061951905547175555
YPSZTUKLCGFWPX-UHFFFAOYSA-N,COc1cc(C(C)(C)CCCC(C)C)cc(OC)c1OC,0.10604103766381741
QMRFKZWWZBZQKJ-UHFFFAOYSA-N,N=c1n(CCN2CCCCC2)c2ccccc2n1CC(O)COc1ccc(Cl)cc1Cl,0.5331297904253006
RSWOJTICKMKTER-QXLBVTBOSA-N,CNCC(=O)OCc1cccnc1N(C)C(=O)OC(C)[n+]1cnn(C[C@](O)(c2cc(F)ccc2F)[C@@H](C)c2nc(-c3ccc(C#N)cc3)cs2)c1,0.0022439203967223875
VVLHURRVXVQCTO-UHFFFAOYSA-N,CS(=O)(=O)c1ccc(Oc2ccc(Cl)cc2)cc1,0.04838151410222054
QVEHDKFBFDUCEZ-UHFFFAOYSA-N,CCCn1c(=O)c2c(nc(Cc3ccccc3)n2CCN(CC)CCO)n(CCc2ccc(N)cc2)c1=O,0.04122986849397421
ZQYNHBTULYYGMD-UHFFFAOYSA-N,CCNC(=O)Nc1cc2c(-c3ccnc(C)c3)ccc(CNC(=O)OC)c2cn1,0.01289577754214406
RZXQBIKGWSLVEK-JCNLHEQBSA-N,CC(C)N(c1cc(-c2ccccc2)sc1C(=O)O)C(=O)[C@H]1CC[C@H](C)CC1,0.04981391681358218
IDUYJRXRDSPPRC-NRFANRHFSA-N,O[C@@](Cn1cnnn1)(c1ccc(F)cc1F)C(F)(F)c1ccc(-c2ccc(OCC(F)(F)F)cc2)cn1,0.03555802977643907
VHVPQPYKVGDNFY-UHFFFAOYSA-N,CCC(C)n1ncn(-c2ccc(N3CCN(c4ccc(OCC5COC(Cn6cncn6)(c6ccc(Cl)cc6Cl)O5)cc4)CC3)cc2)c1=O,0.09257959667593241
QZWNXXINFABALM-UHFFFAOYSA-N,NC1C2CC3CC(C2)CC1C3,0.015965302384574897
MKJUVACMILVNTO-UHFFFAOYSA-N,CCOC(=O)Nc1cc(NC(C)CC(C)CN(CC)CC)c2nc(-c3ccccc3)c(-c3ccccc3)nc2n1,0.028589654713869095
HWJPWWYTGBZDEG-UHFFFAOYSA-N,COc1cc(Cc2cnc(N)nc2N)c2c(c1OC)OC(C1CC1)C=C2,0.11022410951554776
HGBUEIWFNDRSBG-UHFFFAOYSA-N,CCNC(=O)Nc1cc(-c2ccccc2)c(-c2cncc(C(=O)O)c2)cn1,0.029464786313474177
UUVFMWBOSPFVIZ-UHFFFAOYSA-N,Oc1cccc(C(Nc2nccs2)c2ccc3cccnc3c2O)c1,0.1060816764831543
QLPQJDAFTXMKPG-UHFFFAOYSA-N,Cc1cc(Nc2ccc(F)cc2)nc(SCc2nc3ccccc3[nH]2)n1,0.020791350316721947
RDKBQXPBHLCILS-HWPZZCPQSA-N,C[C@@H](O)[C@H](N)C(=O)NS(=O)(=O)c1cccc(-c2ccc3[nH]ncc3c2)c1,0.016265429323539138
KSQKYYBTKYZZEJ-LLVKDONJSA-N,C[C@@H](NC(=O)c1ccccc1-c1ccccc1)B(O)O,0.022332524973899127
LBHLFPGPEGDCJG-UHFFFAOYSA-N,COc1cc(C)c2c(Oc3cccc(C(F)(F)F)c3)c(OC)cc(NC(C)CCCN)c2n1,0.12123013287782669
ULGZDMOVFRHVEP-RWJQBGPGSA-N,CC[C@H]1OC(=O)[C@H](C)[C@@H](O[C@H]2C[C@@](C)(OC)[C@@H](O)[C@H](C)O2)[C@H](C)[C@@H](O[C@@H]2O[C@H](C)C[C@H](N(C)C)[C@H]2O)[C@](C)(O)C[C@@H](C)C(=O)[C@H](C)[C@@H](O)[C@]1(C)O,0.6772882297635079
IDBXTEOAGAQZPK-UHFFFAOYSA-N,O=C(Nc1ccccc1)N(Cc1cc(Br)ccc1O)c1ccc(F)cc1,0.11705413348972797
FDIVMSREIKIVCW-UHFFFAOYSA-N,c1ccc(-c2nnc3c4ccccc4c(N4CCNCC4)nn23)cc1,0.05789141869172454
HOYOJUMMRGKESB-UHFFFAOYSA-N,O=C(Nc1cccc(C2=NCCN2)c1)c1ccc(-c2ccc(C(=O)Nc3cccc(C4=NCCN4)c3)cc2)cc1,0.019044967461377384
SMFLDLVEYHKLAQ-UHFFFAOYSA-N,C[Si]1(C)CCN(Cc2cc(-c3ccc(Cl)cc3)n(-c3ccc(Cl)cc3)n2)CC1,0.22998430728912353
ZRZPQNCNBISJFG-UHFFFAOYSA-N,O=S(=O)(NCB(O)O)c1cc2c(Cl)ccc(Cl)c2s1,0.00622383147419896
ACDFWSNAQWFRRF-VWLOTQADSA-N,Cc1[nH]c2ccccc2c1CC(=O)N[C@@H](Cc1ccccc1)C(=O)N(C)c1ccccc1,0.03126451494172215
OVUDUJKNHDOXEX-UHFFFAOYSA-N,N#Cc1cc([N+](=O)[O-])ccc1Oc1ccccc1Cl,0.06515214005485177
HTMLSKJOADXYEX-UHFFFAOYSA-N,CC(=O)N1c2ccccc2NC2=C(C(=O)CC(C)(C)C2)C1c1ccc(OCc2ccccc2)cc1,0.030484626349061728
BXNMTOQRYBFHNZ-UHFFFAOYSA-N,CCOCc1nc2c(N)nc3ccccc3c2n1CC(C)(C)O,0.05715596918016672
CCNNNCNYEOXXMF-UHFFFAOYSA-N,O=C(c1ccc(F)cc1)N1CCN2C(=O)c3ccccc3C12c1ccccc1,0.039117985684424636
AOTRIQLYUAFVSC-UHFFFAOYSA-N,CN(C)CCCOc1ccc(-c2ccc3ncc4c(c3c2)n(C2CCOCC2)c(=O)n4C)cn1,0.05655017103999853
LHHCSNFAOIFYRV-DOVBMPENSA-N,CC(C)(C)NC(=O)N[C@H](C(=O)N1C[C@H]2[C@@H]([C@H]1C(=O)NC(CC1CCC1)C(=O)C(N)=O)C2(C)C)C(C)(C)C,0.13949297023937107
OZQDLJNDRVBCST-UHFFFAOYSA-N,Nc1cnn(C2OC(CO)C(O)C2O)c(=O)n1,0.011892220366280525
QFTBUYQYYPLHDV-UHFFFAOYSA-N,O=C(O)c1ccccc1Sc1ncnc2sc3c(c12)CCC3,0.04739820114336908
AKTJAXKMJDHOHK-UHFFFAOYSA-N,O=C(NCc1cccc2ccccc12)c1cccs1,0.014860694482922553
AQQGCGUVPKXMDD-UHFFFAOYSA-N,O=C(CP(=O)(O)O)NCCc1cccc(Oc2ccccc2)c1,0.059420689940452576
CNSGVYXUOPGWJW-UHFFFAOYSA-O,NCCCc1ccccc1C(=O)Nc1ncc([N+](=O)O)s1,0.01733685191720724
MIKJQLWATXBRIP-UHFFFAOYSA-N,O=C(Nc1ccccc1C(=O)O)c1cccc(Oc2ccccc2)c1,0.02006404264830053
KSYONHWIFPZGSJ-UHFFFAOYSA-N,COc1ccc(NC(=O)CC2Sc3ncnn3C2=O)cc1,0.002988877242023591
PIDYOOGTVDDMEE-UHFFFAOYSA-N,NC(=O)c1ccccc1NC(=O)c1ccc(C(=O)Nc2ccccc2C(N)=O)cc1,0.033188731875270605
NTHMDFGHOCNNOE-ZJUUUORDSA-N,CSC[C@H]1CN(Cc2c[nH]c3c(N)ncnc23)C[C@@H]1O,0.004392102011479437
CEIUIHOQDSVZJQ-UHFFFAOYSA-N,CCCCCCCc1[nH]c2ccccc2c(=O)c1O,0.31507090032100676
YCLREGRRHGLOAK-UHFFFAOYSA-N,Cc1c(N)cccc1Cn1ccc(OCCc2cccs2)cc1=O,0.012956936354748904
SCTKIRVLFRCMEU-AREMUKBSSA-N,O=C(N[C@H](Cc1cccc2ccccc12)C(=O)NCCc1c[nH]cn1)C1Cc2ccccc2C1,0.06423330418765545
MJPPGVVIDGQOQT-HWKANZROSA-N,O=[N+]([O-])/C(Br)=C/c1ccc(Br)o1,0.2823371186852455
DPRPYFUMFSDKEY-UHFFFAOYSA-N,Nc1nc(=O)c(Br)c(-c2cccc(Cl)c2)[nH]1,0.05906018801033497
CPQPZEJHVYXXIM-UHFFFAOYSA-N,CCN(CC)CCn1c(=N)n(CC(O)COc2ccc(Cl)cc2Cl)c2ccccc21,0.3745717525482178
NHUBNGBTNGRPMH-MFOYZWKCSA-N,O=C(/C(=C/c1ccc(Cl)cc1Cl)n1ccnc1)c1ccc(Cl)cc1,0.037920316215604544
VKXNIAWKFHPGRL-UHFFFAOYSA-N,CCN(CC)S(=O)(=O)c1ccc(Cl)c(C(=O)Nc2sc3c(c2C#N)CCCC3)c1,0.0009139715393757797
YLTNZSAWERXYOE-UHFFFAOYSA-N,CCc1cc(Nc2cc(=O)n(CCN3CCN(C(=O)c4ccccc4)CC3)c(=O)[nH]2)ccc1C,0.05316110178828239
SCKYRAXSEDYPSA-UHFFFAOYSA-N,Cc1cc(C2CCCCC2)n(O)c(=O)c1,0.19244617708027362
UKOQVLAXCBRRGH-UHFFFAOYSA-N,CONC(=N)c1ccc(-c2ccc(-c3ccc(C(=N)NOC)cc3)o2)cc1,0.0726220492273569
ABJKWBDEJIDSJZ-UHFFFAOYSA-N,CN(Cc1ccc(C(C)(C)C)cc1)Cc1cccc2ccccc12,0.12297381274402142
UXUZARPLRQRNNX-DXTOWSMRSA-N,Nc1nc2c(ncn2[C@@H]2O[C@H](CO)[C@@H](O)[C@H]2F)c(=O)[nH]1,0.10909524783492089
NDCUAPJVLWFHHB-UHNVWZDZSA-N,NC(=O)[C@@H]1CC[C@@H]2CN1C(=O)N2OS(=O)(=O)O,0.050285151787102224
NCZJJFNYBODBAF-UHFFFAOYSA-N,O=C(NCc1ccccc1Cl)c1cnc2ccccc2n1,0.09670867696404457
XHYFMKBYXFRSLK-UHFFFAOYSA-N,COc1ccc2cc3[n+](cc2c1OCCN(CCn1cncn1)Cc1ccc(F)cc1F)CCc1cc2c(cc1-3)OCO2,0.0516487181186676
VSWDTAUHSHNDKE-UHFFFAOYSA-N,O=[N+]([O-])c1ccc2c(CCc3c[nH]c4ccccc34)c[nH]c2c1,0.1722154900431633
ZSNNBSPEFVIUDS-SHYZEUOFSA-N,[N-]=[N+]=N[C@H]1C[C@H](n2ccc(=O)[nH]c2=O)O[C@@H]1CO,0.01457268506710534
UOGVENCZRABKHM-SOFGYWHQSA-N,C(=C/c1nc2ccccc2[nH]1)\c1ccc2c(c1)OCO2,0.06536057814955712
OWSWHFVHBUVQOR-UHFFFAOYSA-N,CCCCCCCCC(CP(=O)(O)C(C)N)C(=O)O,0.030037123430520295
BUFDQCGCADQQQY-UHFFFAOYSA-N,Nc1nc(N)c2c(Sc3ccccc3)cccc2n1,0.10117983371019364
DQYZOVKMAQJKBZ-UHFFFAOYSA-N,Nc1cccc(-c2nc(N)nc(NC3Cc4ccccc4C3)n2)c1,0.08656066991388797
WIRZPGOUKBHUHF-ZDUSSCGKSA-N,CC(C)(C)OC(=O)NCc1ccc(C(=O)N[C@H]2CCOC2=O)cc1,0.004143760760780424
MSBVHIWAXMMCPU-UHFFFAOYSA-N,Cc1ccccc1NC(=O)Nc1cccc([N+](=O)[O-])c1,0.07022054754197597
WDQPAMHFFCXSNU-BGABXYSRSA-N,CC(C)/N=c1\cc2n(-c3ccc(Cl)cc3)c3ccccc3nc-2cc1Nc1ccc(Cl)cc1,0.13423858992755414
UPOMWMSTGPYVBA-UHFFFAOYSA-N,NC(=O)c1cnc2ccc(S(=O)(=O)c3ccccc3)cc2c1Nc1ccc(O)cc1,0.03459372986108065
CANIQNSGHHQOOR-UHFFFAOYSA-N,Clc1cc2nc(C3CCNCC3)n(Cc3ccc(CNCCc4cnc[nH]4)cc3)c2cc1Cl,0.417646099627018
IVLGEHYEFXRLHL-UHFFFAOYSA-N,O=C(Nc1ccc(Cl)c(C(F)(F)F)c1)C(CCCl)C(=O)Nc1ccc(Cl)c(C(F)(F)F)c1,0.15961029538884758
SCVHJVCATBPIHN-SJCJKPOMSA-N,C[C@H](NC(=O)C(=O)Nc1ccccc1C(C)(C)C)C(=O)N[C@@H](CC(=O)O)C(=O)COc1c(F)c(F)cc(F)c1F,0.06440544724464417
AKJHMTWEGVYYSE-FXILSDISSA-N,CC1=C(/C=C/C(C)=C/C=C/C(C)=C/C(=O)Nc2ccc(O)cc2)C(C)(C)CCC1,0.07357662511767557
KVFNSUPFXGYOKN-UHFFFAOYSA-N,O=S(=O)(Nc1ccc(O)cc1)c1cccc2cccnc12,0.07714144047349691
VHOGYURTWQBHIL-UHFFFAOYSA-N,Cc1oncc1C(=O)Nc1ccc(C(F)(F)F)cc1,0.01733113620430231
KTUFNOKKBVMGRW-UHFFFAOYSA-N,Cc1ccc(NC(=O)c2ccc(CN3CCN(C)CC3)cc2)cc1Nc1nccc(-c2cccnc2)n1,0.05057393349707127
FHOZTGQNSUZCIN-UHFFFAOYSA-N,CC(C)(C)c1ccc(Oc2ccc(N)cc2)cc1,0.15434713177382947
BTIHMVBBUGXLCJ-OAHLLOKOSA-N,CC[C@H](CO)Nc1nc(NCc2ccccc2)c2ncn(C(C)C)c2n1,0.024282099120318888
HKVAMNSJSFKALM-PYJGUTGCSA-N,COC1CC2CCC(C)C(O)(O2)C(=O)C(=O)N2CCCCC2C(=O)OC(C(C)CC2CCC(OCCO)C(OC)C2)CC(=O)C(C)/C=C(\C)C(O)C(OC)C(=O)C(C)CC(C)/C=C/C=C/C=C/1C,0.12183664832264185
CAYJBRBGZBCZKO-BHGBQCOSSA-N,CCOC(=O)/C=C/[C@H](C[C@@H]1CCNC1=O)NC(=O)[C@@H](CC(=O)[C@@H](NC(=O)c1cc(C)on1)C(C)C)Cc1ccc(F)cc1,0.03218133617192507
XRVDGNKRPOAQTN-FQEVSTJZSA-N,CC(C)Oc1ccc(-c2nc(-c3cccc4c3CC[C@@H]4NCCO)no2)cc1C#N,0.007765928610751871
WJQBOBGVBBZLJU-UHFFFAOYSA-N,O=C(NC1CCCc2c1[nH]c1ccc(Cl)cc21)c1ccccn1,0.13900381326675415
OAVULPOOAHQYDZ-UHFFFAOYSA-N,Nc1nnc(-c2ccc(Cl)cc2)s1,0.10976049341261387
ZQMPUWBQWRAQIQ-UHFFFAOYSA-N,COc1cc(Cc2cc(N)nc(N)n2)cc(OC)c1OC,0.04464738974347711
ZURYXKJPYBCOQQ-UHFFFAOYSA-N,CCCCOC(=O)Nc1cc2nc(C3CCCCC3)[nH]c2cc1N(CC)CC,0.1516321435570717
ALCSZUCTAIXDEP-UHFFFAOYSA-N,NS(=O)(=O)c1ccc(NC(=O)NC(c2ccccc2)c2ccccc2)cc1,0.020926478900946677
MPCPIBFZAKSVAX-UHFFFAOYSA-N,O=c1cc(OCc2ccccc2)ccn1Cc1ccccc1,0.08997741602361202
GFPQLUUZCWNZOM-UHFFFAOYSA-N,C=C(C)n1c(=O)n(Cc2ccccc2C)c2ccccc21,0.08747192434966564
WFNDDSQUKATKNX-UHFFFAOYSA-N,CCCC(=O)OCCc1ccccc1,0.017419600300490855
FEBBZFJWAMUFPI-UHFFFAOYSA-N,O=S(=O)(Nc1cccc2cccnc12)c1ccccc1,0.04015601761639118
XBAHLDPYUIFKLE-UHFFFAOYSA-N,c1ccc(Cn2c(-c3ccccn3)nc3ccccc32)cc1,0.13061252608895302
OPJAAOUABCWNKP-UHFFFAOYSA-N,COc1ccc(SCC(=O)N2c3ccccc3Sc3ccccc32)cc1,0.030127531033940613
DXEATJQGQHDURZ-DEDYPNTBSA-N,CC(C)(C)c1cc(C(=O)/C(C#N)=N/Nc2cccc(Cl)c2)no1,0.013016633070674289
JFIBVDBTCDTBRH-REZTVBANSA-N,CC(C)=CCC/C(C)=C/CNCCNC1C2CC3CC(C2)CC1C3,0.16170380786061286
ULUGRMVVZIBKKS-IAQSFYBOSA-N,CCOC(=O)/C=C/[C@H](C[C@@H]1CCNC1=O)NC(=O)[C@H](CC)n1cccc(NC(=O)c2cc(C)on2)c1=O,0.021739957202225924
ZQPDAPMBUZDSAO-UHFFFAOYSA-N,O=c1[nH]c(=O)n(Cc2cccc(Oc3ccccc3)c2)cc1Nc1ccccc1,0.054814505577087405
PHBOMRBJHZFDHA-UHFFFAOYSA-N,CCc1cc(CCC(=O)Nc2ccccc2O)c(=O)[nH]c1C,0.0694734187796712
CBUJRRYTCIUXIQ-UHFFFAOYSA-N,O=c1oc2ccc(Br)cc2cc1CSc1ncc[nH]1,0.018708193476777525
XVXWUBIIHFDOJO-KQYNXXCUSA-N,NC(=O)c1nccn([C@@H]2O[C@H](CO)[C@@H](O)[C@H]2O)c1=O,0.014492443308699875
OIJRIPURQCGXNN-HAVVHWLPSA-N,CCO/N=C/c1ccc(OCCCCN2CCN(c3ccncc3)C2=O)cc1,0.040419433265924454
XMAYWYJOQHXEEK-UHFFFAOYSA-N,CC(=O)N1CCN(c2ccc(OCC3COC(Cn4ccnc4)(c4ccc(Cl)cc4Cl)O3)cc2)CC1,0.17374077290296555
NVWVTNCSPUWFDT-UHFFFAOYSA-N,CC(C)(C)c1ccc(OCCn2nc(C(=O)O)c3ccccc3c2=O)cc1,0.044776763021945956
OPAHEYNNJWPQPX-RCDICMHDSA-N,C[C@@H](c1nc(-c2ccc(C#N)cc2)cs1)[C@](O)(Cn1cncn1)c1ccc(F)cc1F,0.011829000187572093
TVMJTOKZNPCXOO-UHFFFAOYSA-N,O=C1c2cccc3cccc(c23)C(=O)N1CC1CO1,0.007686396210920066
UUIHVPRXEAWBPR-CGTJXYLNSA-N,CCCc1ccc(-c2cc3cn([C@H]4C[C@H](O)[C@@H](CO)O4)c(=O)nc3o2)cc1,0.021845536399632694
BCZKTRPTEZWZNO-UHFFFAOYSA-N,Nc1nnnn1CCOc1c2[nH]c3ccc(Cl)cc3c2cc2c1[nH]c1ccc(Cl)cc12,0.062147204764187336
NZVVEMCRCLJDCU-UHFFFAOYSA-N,O=C(c1cc(O)nc2ccccc12)N1CCN(c2ccccc2)CC1,0.10326119773089885
DHSUYTOATWAVLW-RXOUDOFYSA-N,CC1(C)C[C@H]1C(=O)N/C(=C\CCCCSC[C@@H](N)C(=O)O)C(=O)O,0.021119068586267532
HFOBXGSLYCFVGF-UHFFFAOYSA-N,O=S(=O)(Nc1ccc(-n2cccc2)cc1)c1ccc(Cl)c(Cl)c1,0.02317637144587934
MXZSROXOTCJLTP-UHFFFAOYSA-N,OCCCCn1cnc2c(O)nc(NCc3ccc(Cl)c(Cl)c3)nc21,0.0699270699173212
FAGDKDUYJZUVOH-UHFFFAOYSA-N,NC1(C(=O)O)CCP(=O)(O)CC1,0.0024976709360386095
AFZFFLVORLEPPO-UVYJNCLZSA-N,CO/N=C(\C(=O)N[C@@H]1C(=O)N2C(C(=O)OCOC(=O)C(C)(C)C)=C(/C=C\c3scnc3C)CS[C@H]12)c1csc(N)n1,0.17361128367483616
NLVFBUXFDBBNBW-PBSUHMDJSA-N,NC[C@H]1O[C@H](O[C@H]2[C@H](O)[C@@H](O[C@H]3O[C@H](CO)[C@@H](O)[C@H](N)[C@H]3O)[C@H](N)C[C@@H]2N)[C@H](N)C[C@@H]1O,0.32094341441988944
FKENQMMABCRJMK-RITPCOANSA-N,CC1(C)[C@H](C(=O)O)N2C(=O)C[C@H]2S1(=O)=O,0.5190245076082647
WWRAFPGUBABZSD-UHFFFAOYSA-N,Nc1ccc2oc(=O)ccc2c1I,0.09531770371831953
BRBZPYDLUUWBCD-UHFFFAOYSA-N,Fc1cccc(Cl)c1C1CC(c2ccc(Cl)cc2)Nc2nnnn21,0.037284420197829606
MRIHADBFHMLZBI-UHFFFAOYSA-N,CCc1cc(O)c(Oc2cccnc2N)cc1F,0.21839606389403343
DHLYGGUMBUHVOV-YVLHZVERSA-N,CCCCCOc1ccc(/C=C2\Oc3c(ccc(O)c3O)C2=O)c(O)c1,0.021483314456418157
QSUSKMBNZQHHPA-UHFFFAOYSA-N,OCCC#Cc1nc(-c2ccc(F)cc2)c(-c2ccncc2)n1CCCc1ccccc1,0.08032095190137625
IRSCQMHQWWYFCW-UHFFFAOYSA-N,Nc1nc(O)c2ncn(COC(CO)CO)c2n1,0.0071275353664532306
CJXAEXPPLWQRFR-UHFFFAOYSA-N,Clc1ccc(Cn2c(CN3CCCC3)nc3ccccc32)cc1,0.340788733959198
LULYZYNTDPUEKK-UHFFFAOYSA-N,NC(=O)c1c(N)sc2c1CCCCC2,0.018997891200706364
ZLPWCJQFEROJQN-UHFFFAOYSA-N,Oc1ccc(NCc2ccccc2OCc2ccccc2)cc1,0.18311971053481102
MKUXAQIIEYXACX-UHFFFAOYSA-N,Nc1nc(O)c2ncn(COCCO)c2n1,0.00807317704311572
HJORMJIFDVBMOB-UHFFFAOYSA-N,COc1ccc(C2CNC(=O)C2)cc1OC1CCCC1,0.017294332664459944
CIUUIPMOFZIWIZ-UHFFFAOYSA-N,Nc1nc(O)c(Br)c(-c2ccccc2)n1,0.09276914298534393
YKSGONVEZVJEHM-UHFFFAOYSA-N,COc1ccc(C2=CC(c3c(F)cccc3Cl)n3ncnc3N2)cc1,0.0789971575140953
VQHKDCUXFKNNMT-ODCIPOBUSA-O,CC[N+]1(C/C2=C/CCCCCC2)CCC(NC(=O)C2c3cc(Cl)ccc3Oc3ccc(Cl)cc32)CC1,0.3708126336336136
BHRDCLCQKRWPDI-UHFFFAOYSA-N,COc1ccc(NS(=O)(=O)c2ccc(Cl)s2)cn1,0.004349978407844901
UIBPZXXSPHGPDS-UHFFFAOYSA-N,CC(N)C(=O)NC(CCCCN)C(=O)NC(CCCNC(=N)N)C(=O)NC(Cc1c[nH]cn1)C(=O)NC(Cc1c[nH]cn1)C(=O)NCC(=O)NC(Cc1ccc(O)cc1)C(=O)NC(CCCCN)C(=O)NC(CCCNC(=N)N)C(=O)NC(CCCCN)C(=O)NC(Cc1ccccc1)C(=O)NC(Cc1c[nH]cn1)C(N)=O,0.10494655184447765
AIHOQFFRTZKUNW-UHFFFAOYSA-N,N=C(N)c1ccc(COc2ccc(Cl)cc2)cc1,0.2673948660492897
XYNPYHXGMWJBLV-VXPJTDKGSA-N,C[C@H]1CC[C@]2(NC1)O[C@H]1C[C@H]3[C@@H]4CC[C@H]5C[C@@H](O)CC[C@]5(C)[C@H]4CC[C@]3(C)[C@H]1[C@@H]2C,0.1103951383382082
HFKZYMPEMMAFOG-UHFFFAOYSA-N,Clc1cccc(-c2nnc(-c3ccccc3)o2)c1,0.04751640581525862
QCHFTSOMWOSFHM-WPRPVWTQSA-N,CC[C@@H]1C(=O)OC[C@@H]1Cc1cncn1C,0.010045005450956523
ZLHZLMOSPGACSZ-NSHDSACASA-N,O=[N+]([O-])c1cn2c(n1)OC[C@@H](OCc1ccc(OC(F)(F)F)cc1)C2,0.07592620307113976
INAAIJLSXJJHOZ-UHFFFAOYSA-N,CN1CCN(c2ccc3[nH]c(-c4ccc5[nH]c(-c6ccc(O)cc6)nc5c4)nc3c2)CC1,0.07415467873215675
NCPLYDUUMCVVRD-UHFFFAOYSA-N,CC(C)(C)c1cc(CCC(=O)N2CCC2)cc(C(C)(C)C)c1O,0.027503391925711183
IECPWNUMDGFDKC-MZJAQBGESA-N,CC(=O)O[C@H]1C[C@@]2(C)[C@@H](C[C@@H](O)[C@H]3[C@@]4(C)CC[C@@H](O)[C@@H](C)[C@@H]4CC[C@@]32C)/C1=C(\CCC=C(C)C)C(=O)O,0.108183029666543
GGHMUJBZYLPWFD-CUZKYEQNSA-N,C[C@H]1CC[C@@]2(O)C(C)(C)[C@@H]3CC[C@@]2(C)[C@H]1C3,0.011685283992846962
SAOBRONRQPLGDZ-UHFFFAOYSA-N,COc1ccc2sc3c(c2c1)NC(C)CNC3=O,0.006428845110349357
CSKDFZIMJXRJGH-KUAIZNHUSA-N,O=C(NN1C(=O)[C@@H]2C3C=CC([C@H]4C[C@@H]34)[C@@H]2C1=O)c1ccc(C(F)(F)F)cc1,0.03648008969612419
DXBURLJZQLMFRW-UHFFFAOYSA-N,CCc1nc2ccccn2c1C(=O)NCc1ccccc1,0.04443035069853067
BEZZFPOZAYTVHN-UHFFFAOYSA-N,COC(=O)Nc1nc2cc(S(=O)c3ccccc3)ccc2[nH]1,0.058361780270934104
YTRMTPPVNRALON-UHFFFAOYSA-N,O=C(O)c1cc(-c2ccccc2)nc2ccccc12,0.08785889074206352
FYEMGAFBYLDQQO-UHFFFAOYSA-N,O=C(NCc1ccc2c3c(cccc13)C(=O)N2)c1cccs1,0.004716406518127769
PBMPIGNEBFRWDQ-UHFFFAOYSA-N,CCc1cc(CCCOc2c(C)cc(-c3noc(C(F)(F)F)n3)cc2C)on1,0.048577927623409775
LFVVNPBBFUSSHL-UHFFFAOYSA-N,CCCCC(CC)CNC(=N)NC(=N)NCCCCCCNC(=N)NC(=N)NCC(CC)CCCC,0.36493768393993375
VNLZITFPXUJXMB-PIKOESSRSA-N,Cc1ccc(C)c(OCCCCCCN2C[C@H](O)[C@@H](O)[C@H](O)[C@H]2CO)c1,0.13280510157346725
PLGHARUUAPKQET-UHFFFAOYSA-N,Cc1ccc(N2CCC(CCOc3ccc(S(C)(=O)=O)cc3)CC2)nn1,0.09107005670666694
HDDSHPAODJUKPD-UHFFFAOYSA-N,COC(=O)Nc1nc2cc(Sc3ccccc3)ccc2[nH]1,0.09666126258671284
RFHAOTPXVQNOHP-UHFFFAOYSA-N,OC(Cn1cncn1)(Cn1cncn1)c1ccc(F)cc1F,0.06103028021752834
HMAFTPZYFJFEHK-UHFFFAOYSA-N,OB1OCc2cc(Cl)ccc21,0.11736371144652366
DOMXUEMWDBAQBQ-WEVVVXLNSA-N,CN(C/C=C/C#CC(C)(C)C)Cc1cccc2ccccc12,0.13072451595216988
ZLNPXKSDQKJSIZ-GJGATLCTSA-N,O=C(O)c1ccc(-c2ccc(O[C@H]3O[C@H](CO)[C@@H](O)[C@H](O)[C@@H]3O)cc2)cc1,0.022148665855638683
LUDYWEIXJWRJRZ-IYBDPMFKSA-N,COc1c(NC(=O)[C@H]2CC[C@@H](COc3ccc([N+](=O)[O-])cc3)CC2)c(F)cc2c(=O)c(C(=O)O)cn(C3CC3)c12,0.20395825952291488
CLSISZBGFWWTKT-UHFFFAOYSA-N,O=C(NCCN1CCCCC1)c1cccc(C(F)(F)F)c1,0.02438365633133799
HFDQYYVFVKIRDR-UHFFFAOYSA-N,CC1CN(c2ncnc3c2c(-c2ccccc2)cn3-c2ccc(F)cc2)CC(C)O1,0.04760774038732052
GETIJMWRUSBILT-UHFFFAOYSA-N,Nc1nc(Nc2ccc3nc(-c4ccc(F)cc4)cc(N)c3c2)cc(-c2ccccc2)n1,0.06481651291251182
SJFBDIJRNXAXRM-UHFFFAOYSA-N,Fc1ccc(-c2nc(-c3c[nH]c4ccc(Br)cc34)[nH]c2-c2ccc(F)cc2)cc1,0.0456215551123023
JGPXDNKSIXAZEQ-SBBZOCNPSA-N,O=C(O)[C@H]1C2CCC(CC2)[C@@H]1Nc1nc(-c2c[nH]c3ncc(F)cc23)ncc1F,0.25692844986915586
FTSCEGKYKXESFF-XGUBFFRZSA-N,CCCCCCCCCN1C[C@@H](O)[C@H](O)[C@@H](O)[C@@H]1CO,0.034823369979858396
XRQDFNLINLXZLB-CKIKVBCHSA-N,CCC(CC)[C@H](NC(C)=O)[C@@H]1[C@H](O)[C@@H](C(=O)O)C[C@H]1NC(=N)N,0.02334981979802251
BRLUZBMXYFCBDS-UHFFFAOYSA-N,Cc1nc(-c2ccc(C3N(C)c4ccc(F)cc4C(=O)N3c3ccccc3)s2)cs1,0.015170505666173995
WIFDOUQOJULUSV-UHFFFAOYSA-N,O=C(CCCC(F)(F)F)N1CCC(c2nc(-c3nccs3)no2)CC1,0.03897763852364733
TYMABNNERDVXID-LZDMXVKQSA-N,CC(=N)N1CC[C@H](SC2=C(C(=O)O)N3C(=O)[C@@H]([C@@H](C)O)[C@H]3C2)C1,0.236874870210886
YMDXZJFXQJVXBF-STHAYSLISA-N,C[C@@H]1O[C@@H]1P(=O)(O)O,0.0274716857355088
GMSMRDONKXHVKL-IEBWSBKVSA-N,O=C(N[C@H](CCS)C(=O)N[C@H](Cc1ccccc1)C(=O)O)c1cc2ccccc2[nH]1,0.011662210509530268
NIUYHJHZOHMWPP-UHFFFAOYSA-N,Nc1cc(N)c2nc(-c3ccccc3)c(Nc3ccc(F)cc3)nc2c1,0.05431139022111893
PJYDYUDAULCICX-QHPFDFDXSA-N,OC1O[C@H](CSc2ccc(F)cc2)[C@@H](O)[C@H]1O,0.02169867781922221
KADGSGKDRXSVOE-UHFFFAOYSA-N,O=c1cc(Nc2ccc3ccccc3c2)[nH]c(=O)[nH]1,0.11595029793679715
BXZVVICBKDXVGW-NKWVEPMBSA-N,OC[C@@H]1CC[C@H](n2cnc3c(O)ncnc32)O1,0.004373617580858991
OLNTVTPDXPETLC-XPWALMASSA-N,O=C1[C@H](CC[C@H](O)c2ccc(F)cc2)[C@@H](c2ccc(O)cc2)N1c1ccc(F)cc1,0.20650606229901314
KEPLBUUTAQCZOE-UHFFFAOYSA-N,CCc1nc(N)nc(N)c1C#CC(C)c1cc(OC)cc(-c2ccncc2)c1,0.10064986199140549
AKNNEGZIBPJZJG-UHFFFAOYSA-N,COc1ccc2c(c1OC)C(=O)OC2C1c2c(cc3c(c2OC)OCO3)CCN1C,0.014637030370067805
BTKJERIPZCSYFB-UHFFFAOYSA-N,Cc1nc2ccc(Cl)cc2c(-c2ccccc2)c1CC(=O)O,0.06981665771454573
FPOHNWQLNRZRFC-ZHACJKMWSA-N,Cc1[nH]c2ccccc2c1CCNCc1ccc(/C=C/C(=O)NO)cc1,0.09827156327664852
QWAXKHKRTORLEM-UGJKXSETSA-N,CC(C)(C)NC(=O)[C@@H]1C[C@@H]2CCCC[C@@H]2CN1C[C@@H](O)[C@H](Cc1ccccc1)NC(=O)[C@H](CC(N)=O)NC(=O)c1ccc2ccccc2n1,0.20813534036278725
JLKSRLWXOIXKNK-UHFFFAOYSA-N,COc1ccc(-n2cnc3cc(NCc4ccco4)ccc32)cc1,0.07374685853719712
UYJZZVDLGDDTCL-UHFFFAOYSA-N,CN(C)CC(=O)Nc1ccc2[nH]c(=O)c3ccccc3c2c1,0.02116464329883456
BBAWEDCPNXPBQM-GDEBMMAJSA-N,CCC[C@H](NC(=O)[C@@H]1[C@H]2CCC[C@H]2CN1C(=O)[C@@H](NC(=O)[C@@H](NC(=O)c1cnccn1)C1CCCCC1)C(C)(C)C)C(=O)C(=O)NC1CC1,0.05798720214515925
RVBSHRUYJYRNJW-MDZDMXLPSA-N,Cc1c(CN(C)C(=O)/C=C/c2cnc3c(c2)C(C)(C)C(=O)N3)oc2ccccc12,0.019820408418308944
VZTBLNIXLGBJNS-UHFFFAOYSA-N,N#CCN1C(=O)COc2cc(F)c(N3C(=O)c4ccccc4C3=O)cc21,0.00422587932262104
SIWQJQCKOITZLS-UHFFFAOYSA-N,CN(C)CCNC(=O)c1cccc2cccnc12,0.018743798579089345
XYUNBULEZMRKTP-UHFFFAOYSA-N,CCOC(=O)N1CCN(c2ccc(Cl)cc2)CC1,0.06791758574545384
CITLGGQQUFMBKB-UHFFFAOYSA-N,CC1(C)Cc2c(C#N)c(SCCc3ccccc3)nc(N3CCOCC3)c2CO1,0.003955455075993086
WZOZEZRFJCJXNZ-ZBFHGGJFSA-N,CO[C@@]1(NC(=O)Cc2cccs2)C(=O)N2C(C(=O)O)=C(COC(N)=O)CS[C@@H]21,0.15931508950889112
FXRFNUOUJQQXOG-UHFFFAOYSA-N,COc1ccc(C)cc1NC(=O)c1ccc(S(=O)(=O)N2CCCCC2)cc1,0.032037383131682876
SDHXERNCEXPUIK-UHFFFAOYSA-N,O=C(Nc1nnc(-c2ccccc2)o1)c1ccc(F)cc1,0.02315396871417761
AKLMFDDQCHURPW-ISIOAQNYSA-N,CN(C)[C@@H]1C(=O)C(C(N)=O)=C(O)[C@@]2(O)C(=O)C3=C(O)c4c(O)c(NC(=O)CN5CCCC5)cc(F)c4C[C@H]3C[C@@H]12,0.34494325146079063
LZPGGHKJSQSUDE-UQCOIBPSSA-N,O=C1NC(=S)N/C1=C\c1cc(Br)cc(Br)c1O,0.4401468992233276
FXQIIDINBDJDKL-SNVBAGLBSA-N,NC[C@H]1OB(O)c2c(OCCCO)cccc21,0.019444293808192015
JDBSZVDIUIRSDG-DAFODLJHSA-N,Fc1ccc2c(/C=C/c3nnn[nH]3)c[nH]c2c1,0.03501853011548519
RFRXIWQYSOIBDI-UHFFFAOYSA-N,CCc1oc2ccccc2c1C(=O)c1ccc(O)cc1,0.02651078822091222
WHLDECCXYMPRNL-UHFFFAOYSA-N,O=C(Nc1nnc(-c2ccc(Cl)cc2)o1)c1ccc(F)cc1,0.024113196250982582
CFFXRIUELQDINN-UHFFFAOYSA-N,CCN1CCN(Cc2nc3ccc([N+](=O)[O-])cc3c(=O)n2-c2ccccc2F)CC1,0.16718335524201394
BCUCHLDFTHKIIT-UHFFFAOYSA-N,O=C(CCc1ccc2c(c1)OCO2)NCc1ccc(-c2ccccc2F)cc1,0.034752505645155904
GAGYIXNTGLUHEZ-UHFFFAOYSA-N,COCCn1cnc2c(=O)[nH]c(Nc3ccccc3)nc21,0.012881762813776731
UQRORFVVSGFNRO-UTINFBMNSA-N,CCCCN1C[C@H](O)[C@@H](O)[C@H](O)[C@H]1CO,0.005553412175504491
TYBHXIFFPVFXQW-UHFFFAOYSA-N,Cc1ccc(Oc2ccccc2-c2csc(NC3=NCCCN3)n2)c(C)c1,0.050714641250669955
NTMTVRCCLOAJST-LJQANCHMSA-N,COc1ccc(CNC(=O)C2CCN([C@H](C)c3cccc4ccccc34)CC2)cc1,0.24145878255367278
OEKXCVYZBVOWBR-BQYQJAHWSA-N,Cn1cc(NC(=O)c2cc(NC(=O)c3ccc(/C=C/c4cnc5ccccc5c4)cc3)cn2C)cc1C(=O)NCCN1CCOCC1,0.022422663401812315
TWFZGCMQGLPBSX-UHFFFAOYSA-N,COC(=O)Nc1nc2ccccc2[nH]1,0.10829151570796966
JWYOAMOZLZXDER-UHNVWZDZSA-N,N[C@H]1CCC[C@H]1C(=O)O,0.0038534000999220553
MQHLMHIZUIDKOO-AYHJJNSGSA-N,CCC(C)(C)c1ccc(CC(C)CN2C[C@@H](C)O[C@@H](C)C2)cc1,0.09542659502476454
GRHYZVJEXKTJOS-UHFFFAOYSA-N,FC(F)(F)c1cc(C(F)(F)F)c2ccc3nc(-c4nnco4)cn3c2n1,0.07954312816436868
USZYEMBPSMQPPK-BQJQTIKASA-N,O=C(O)/C=C/C=C/c1cccc(Oc2cc(Cl)cc(Cl)c2)c1,0.035507570998743174
STZYTFJPGGDRJD-NHUWBDDWSA-N,C=C[C@]1(C)C[C@@H](OC(=O)CS[C@@H]2C[C@H]3CC[C@@H](C2)N3C)[C@]2(C)[C@H](C)CC[C@]3(CCC(=O)[C@H]32)[C@@H](C)[C@@H]1O,0.08229917399585247
QRXWMOHMRWLFEY-UHFFFAOYSA-N,NNC(=O)c1ccncc1,0.021587795950472354
UEJJHQNACJXSKW-UHFFFAOYSA-N,O=C1CCC(N2C(=O)c3ccccc3C2=O)C(=O)N1,0.012701437377836555
GAZGHCHCYRSPIV-UHFFFAOYSA-N,Cc1ncc([N+](=O)[O-])n1CC(O)CN1CCOCC1,0.007452028035186231
QUIJNHUBAXPXFS-XLJNKUFUSA-N,COc1nc2ccc(Br)cc2cc1[C@@H](c1ccccc1)[C@@](O)(CCN(C)C)c1cccc2ccccc12,0.0676126804202795
WJAMFZVSJYMDDT-UHFFFAOYSA-N,O=C(Nc1ncc(Cc2cccc3ccccc23)s1)C1CCCCC1,0.08532047159969806
IRZRJANZDIOOIF-GAJNKVMBSA-N,C[C@@]1(O)[C@H](O)[C@@H](CO)O[C@H]1n1ccc2c(N)ncnc21,0.017105568572878836
CWXYHOHYCJXYFQ-UHFFFAOYSA-N,O=C(O)CCNC(=O)c1ccccc1,0.0033301581388514023
JYJTVFIEFKZWCJ-UHFFFAOYSA-N,CC1CCc2c(N3CCC(O)CC3)c(F)cc3c(=O)c(C(=O)O)cn1c23,0.8066977024078369
RLJFTICUTYVZDG-UHFFFAOYSA-N,CSc1ccc2c(c1)C(N1CCN(C)CC1)Cc1ccccc1S2,0.09781565759330987
NGYNBSHYFOFVLS-LBPRGKRZSA-N,Cc1c(F)cccc1NC(=O)Nc1ccc(Cl)c(S(=O)(=O)[C@H]2CCCNC2)c1O,0.28318489491939547
CATMPQFFVNKDEY-YPMHNXCESA-N,N[C@H](CCC(=O)N[C@@H](Cc1c[nH]c2ccccc12)C(=O)O)C(=O)O,0.009542818815680221
OBCGYIKABKFIQB-SNVBAGLBSA-N,COc1ccc(SC(=O)N[C@H](CCC(=O)O)C(=O)O)cc1,0.0028087699436582627
ZUASFFBDGJGAQI-BXKDBHETSA-N,CC(=O)N[C@H](C)C(=O)N[C@H](Cc1ccccc1)C(=O)O,0.004642850434174761
PKWRMUKBEYJEIX-DXXQBUJASA-N,CC[C@H](NC(=O)[C@H](C)NC)C(=O)N1C[C@@H](O)C[C@H]1Cc1c(-c2[nH]c3cc(F)ccc3c2C[C@@H]2C[C@H](O)CN2C(=O)[C@H](CC)NC(=O)[C@H](C)NC)[nH]c2cc(F)ccc12,0.06909897197037936
VHXNKPBCCMUMSW-FQEVSTJZSA-N,CC[C@@]1(O)C(=O)OCc2c1cc1n(c2=O)Cc2cc3c([N+](=O)[O-])cccc3nc2-1,0.042743905633687976
WGUAEYUFQLMYKF-UHFFFAOYSA-N,O=C(Nc1ccc(N2CCN(C(=O)c3ccccc3)CC2)cc1)c1ccc2c(c1)OCO2,0.017522260546684265
GSDSWSVVBLHKDQ-JTQLQIEISA-N,C[C@H]1COc2c(N3CCN(C)CC3)c(F)cc3c(=O)c(C(=O)O)cn1c23,0.9054166793823242
VKHAHZOOUSRJNA-GCNJZUOMSA-N,CC#C[C@]1(O)CC[C@H]2[C@@H]3CCC4=CC(=O)CCC4=C3[C@@H](c3ccc(N(C)C)cc3)C[C@@]21C,0.041846820851787925
YITHUUVXKHPYLM-MFKUBSTISA-N,C/C(=N\NC(=O)C1CC1c1ccccc1)c1ccc(NC(=O)c2ccco2)cc1,0.06935284659266472
XXMDDBVNWRWNCW-UHFFFAOYSA-N,COc1ccc(OCc2ccc(COc3c(Cl)cccc3Cl)cc2)c(Cl)c1,0.17591152526438236
PNUZDKCDAWUEGK-CYZMBNFOSA-N,N[C@@H]1CN(c2c(F)cc3c(=O)c(C(=O)O)cn([C@@H]4C[C@@H]4F)c3c2Cl)CC12CC2,0.8386715471744537
OOQFUDGMLSSZNX-UHFFFAOYSA-N,COc1ccc(NC(=O)c2cc3ccccn3n2)cc1,0.02882887115702033
NMVOUGNPVVJWHF-UHFFFAOYSA-N,CC(Cc1ccccc1)C(=O)Nc1ccc(Cl)cc1C(=O)O,0.0412029707338661
HLIBKNKTKXMTBG-UHFFFAOYSA-N,CC(C)n1cnc2c(NCc3ccccc3)nc(NCc3ccccc3)nc21,0.051364916004240514
FNDDDNOJWPQCBZ-ZDUSSCGKSA-N,CC(=O)NC[C@H]1CN(c2ccc(N3CCSCC3)c(F)c2)C(=O)O1,0.15906755328178407
KLORATCDRSXVPO-UHFFFAOYSA-N,Cc1ccc(NC(=O)c2cc(Cl)ccc2O)cc1,0.24852037578821182
MCGFBDJSJQAZHY-UHFFFAOYSA-N,O=C(c1ccccc1)N1CCN(c2ccccc2NC(=O)C(Cl)(Cl)Cl)CC1,0.10310860765166581
HKRNYOZJJMFDBV-UHFFFAOYSA-N,COc1cc(NS(=O)(=O)c2ccc(C)cc2)c2ncccc2c1,0.03291828082874417
BJDZBXGJNBMCAV-UHFFFAOYSA-N,O=c1nc(N2CCN(CC3CCCCC3)CC2)sc2c([N+](=O)[O-])cc(C(F)(F)F)cc12,0.40585333704948423
OJICYBSWSZGRFB-UHFFFAOYSA-N,CCc1nc2ccc(Cl)cn2c1C(=O)NCc1ccc(N2CCC(c3ccc(OC(F)(F)F)cc3)CC2)cc1,0.2506398618221283
CKFBIYVXNYYXAI-UHFFFAOYSA-N,COc1ccc2nc(-c3ccccc3)cc(O)c2c1,0.1375839464366436
HPTXLHAHLXOAKV-UHFFFAOYSA-N,O=C(O)C(Cc1c[nH]c2ccccc12)N1C(=O)c2ccccc2C1=O,0.007489848311524838
OKEPRRXQHJGLCL-UHFFFAOYSA-N,O=C(Cc1ccccc1F)Nc1nc2ccccc2[nH]1,0.17208026647567748
HNDRSTUKPCLQLT-UHFFFAOYSA-N,O=S(=O)(Nc1ccccc1)c1ccc(NC(=S)Nc2ccccc2)cc1,0.050210867263376716
OKEYEGFUDUETQP-UHFFFAOYSA-N,O=C(Nc1ccc(F)cc1)c1nn(-c2ccccc2)c(=O)cc1Cl,0.04460421092808246
BIKSKRPHKQWJCW-UHFFFAOYSA-N,O=C1NC(=O)C(Br)=C1Br,0.08981472225859762
VLNZGUJFOJIUFV-UHFFFAOYSA-N,O=C(O)CSc1cc(NS(=O)(=O)c2cccc3cccnc23)c2ccccc2c1O,0.014790855185128748
GBVSNIYQERCVHL-CNYIRLTGSA-N,CC(C)C(=O)N[C@H]1[C@H]([C@H](O)[C@H](O)CO)OC(C(=O)O)=C[C@@H]1N=[N+]=[N-],0.006231675078470289
YTQNZGHPUXHBMQ-UHFFFAOYSA-N,O=C(NCc1ccc(F)cc1)c1c(O)c2ncccc2[nH]c1=O,0.1503489926457405
QPDYBCZNGUJZDK-DNQXCXABSA-N,N=C(N)NCCCCC(=O)Nc1cc(C(F)(F)F)cc(NC(=O)c2cc(C(=O)Nc3cc(C(F)(F)F)cc(NC(=O)CCCCNC(=N)N)c3O[C@@H]3CCNC3)ncn2)c1O[C@@H]1CCNC1,0.11367048509418964
XCZMUTGHJBFKPM-UHFFFAOYSA-N,Cc1nc2ccc(Oc3ccccc3)cc2c2c1CCN2CCc1ccccc1,0.084617686457932
QIBBAULVNPPRLU-WGOQTCKBSA-N,CCOc1ccc(/C=N/NC(=O)C2CC2c2ccc(C(C)(C)C)cc2)cc1OCC,0.2264307990670204
LNROGYAUORASNG-SHTZXODSSA-N,O=C(c1nc2c(C(F)(F)F)cc(C3CC3)cn2c1Cl)N1CCN([C@H]2CC[C@H](O)CC2)C(=O)C1,0.28544781394302843
AFAJICOLCSMWIM-UHFFFAOYSA-N,Nc1ccc(-c2nc3cc(C(F)(F)F)ccc3n2C23CC4CC(CC(C4)C2)C3)cc1,0.27987382262945176
YULUCECVQOCQFQ-UHFFFAOYSA-N,NCC(=O)Nc1ccc(-n2nc(C(F)(F)F)cc2-c2ccc3c(ccc4ccccc43)c2)cc1,0.05116073936223984
HYUDDHSPJFCULQ-UHFFFAOYSA-N,Nc1nc(-c2ccccc2)nc2[nH]nc(Nc3ccc(C(F)(F)F)cc3)c12,0.10774480365216732
KDLRVYVGXIQJDK-AWPVFWJPSA-N,CCC[C@@H]1C[C@@H](C(=O)N[C@@H]([C@H]2O[C@H](SC)[C@H](O)[C@@H](O)[C@H]2O)[C@H](C)Cl)N(C)C1,0.28054349310696125
KPQZUUQMTUIKBP-UHFFFAOYSA-N,Cc1ncc([N+](=O)[O-])n1CC(C)O,0.04305832721292972
YSDVNFWVVPHGFX-UHFFFAOYSA-N,CCc1ccc(C2CC(C(F)(F)F)n3ncc(C(=O)NCc4ccc(OC)cc4)c3N2)cc1,0.03782608145847917
AEUTYOVWOVBAKS-UWVGGRQHSA-N,CC[C@@H](CO)NCCN[C@@H](CC)CO,0.01645910630468279
WDOCLCVTCSESMZ-UHFFFAOYSA-N,O=C(Nc1ccc(-c2ccccc2)cc1)C1=C(O)C(Cc2ccccc2)OC1=O,0.028251069597899914
HKEJNATYDZLNIG-UHFFFAOYSA-N,Cc1cccc(C)c1C(=O)Nc1nc(-c2ccccn2)cc2ccccc12,0.0217057588044554
QMGMALTZHHCWGS-UHFFFAOYSA-N,NC(=O)c1[nH]c2ccc(S(N)(=O)=O)cc2c1-c1ccccc1,0.011504830996273085
LZRXPKDKRFTIGM-UHFFFAOYSA-N,CCc1nc(N)nc(N)c1C#CCc1ccccc1,0.08888663686811923
WFHHOSJOWHWDDB-UHFFFAOYSA-N,CCCCCc1ccc(C(=O)NCCn2cc(CCCCCc3cnc(N)[nH]3)nn2)cc1,0.05266420561820269
YQNQNVDNTFHQSW-UHFFFAOYSA-N,CC(=O)Oc1ccccc1C(=O)Nc1ncc([N+](=O)[O-])s1,0.06063700281083584
BOFQWVMAQOTZIW-UHFFFAOYSA-N,O=C(O)c1ccc(-n2nc(-c3ccccc3O)nc2-c2ccccc2O)cc1,0.018406074633821844
YIQPUIGJQJDJOS-UHFFFAOYSA-N,c1cc(CN2CCCNCCNCCCNCC2)ccc1CN1CCCNCCNCCCNCC1,0.0832101171836257
UBCHPRBFMUDMNC-UHFFFAOYSA-N,CC(N)C12CC3CC(CC(C3)C1)C2,0.012762339641631116
KQOXLKOJHVFTRN-UHFFFAOYSA-N,Cc1cc(CCCOc2c(C)cc(-c3noc(C(F)(F)F)n3)cc2C)on1,0.043075461476109925
OPAKEJZFFCECPN-XQRVVYSFSA-N,O=C(/C=C\n1cnc(-c2cc(C(F)(F)F)cc(C(F)(F)F)c2)n1)NNc1ccccn1,0.029643153306096792
QKKIWEILHCXECO-UHFFFAOYSA-N,CN1CCN(Cc2ccc(-c3cnc4[nH]cc(-c5ccc6[nH]ccc6c5)c4c3)cc2)CC1,0.09972119741141797
ZKXLQCIOURANAD-UHFFFAOYSA-N,CC1(C)CC(NC(=O)C(=O)Nc2ccc(Cl)cc2)CC(C)(C)N1,0.03979417425580323
XMYKNCNAZKMVQN-NYYWCZLTSA-N,NC(=S)N/N=C/c1ncccc1N,0.3421283259987831
PXZXYRKDDXKDTK-UHFFFAOYSA-N,c1cnc(NCc2ccc(CNc3ncccn3)cc2)nc1,0.012953163217753172
URVCVNNBOXIDES-UHFFFAOYSA-N,Cc1ccn2c(C(=O)NCc3ccccc3)c(C)nc2c1,0.03302424652501941
DQRBXMBMLZLMHX-NSHDSACASA-N,Cc1cccc(CC(=O)N[C@H]2CCOC2=O)c1,0.008505050648818725
FZZLPTYUKLCVJS-UHFFFAOYSA-N,O=[N+]([O-])c1cn(Cc2nc(O)nc(O)c2Br)cn1,0.17263969108462335
KRFPGLOJAGPDAA-UHFFFAOYSA-N,Oc1ccc2[nH]c(-c3ccccc3)nc2c1,0.209459188580513
VMEJANRODATDOF-UHFFFAOYSA-N,COc1cc2c(O)c3c(c(-c4ccc5c(c4)OCO5)c2cc1OC)C(=O)OC3,0.01053707825485617
WHTVZRBIWZFKQO-UHFFFAOYSA-N,CCN(CC)CCCC(C)Nc1ccnc2cc(Cl)ccc12,0.1726745892316103
LNPDTQAFDNKSHK-UHFFFAOYSA-N,Cc1onc(-c2ccccc2)c1-c1ccc(S(N)(=O)=O)cc1,0.02267570924013853
UXZRTYHETXEXGZ-UHFFFAOYSA-N,O=C(Nc1nnc(-c2ccc(Cl)cc2)o1)c1nc2ccccc2s1,0.03710064254701138
WHPVVFZPXKODBB-UHFFFAOYSA-N,Oc1c(C(Nc2ccccn2)c2ccccc2)ccc2cccnc12,0.16865051537752151
YGUDSHJNJUBIHP-UHFFFAOYSA-N,O=C(NC12CC3CC(CC(C3)C1)C2)c1cc2ccccc2[nH]1,0.03586858427152038
AMSSKRNHQKLQOW-UHFFFAOYSA-N,CCCC1(C2CC2)c2cc(Cl)ccc2NC(=O)N1C,0.038194980239495635
ZSMKPYXVUIWTCT-UHFFFAOYSA-N,Cc1ccc(S(=O)(=O)Nc2cccc3cccnc23)cc1,0.04463878497481346
ARDZNPZYNMTXDH-UHFFFAOYSA-N,CC(C)(C)c1ccc(C(Cn2cccc(C(F)(F)F)c2=O)NC2Cc3ccccc3C2)cc1,0.24222840815782548
XGTCMQWFALJKJB-UHFFFAOYSA-N,CCCCc1ccc(-c2nc(C)c(C(=O)OC)s2)cc1,0.026941554341465234
OQBWPSLLJDBFNI-UHFFFAOYSA-N,Nc1nc(C(F)(F)F)cc2c1[nH]c(=O)n2Cc1ccccc1,0.17773064281791448
XRECTZIEBJDKEO-UHFFFAOYSA-N,Nc1nc(O)ncc1F,0.03475865465588868
GKNPSSNBBWDAGH-UHFFFAOYSA-N,C[N+]1(C)CCCC(OC(=O)C(O)(c2ccccc2)c2ccccc2)C1,0.029114016494713724
MDOJTZQKHMAPBK-UHFFFAOYSA-N,NC(=O)c1ccc(I)c([N+](=O)[O-])c1,0.18536585718393325
IWCWQNVIUXZOMJ-MISYRCLQSA-N,CC(C)c1cc2c(cc1S(=O)(=O)O)[C@@]1(C)CCC[C@@](C)(C(=O)O)[C@@H]1CC2,0.034243757231161
BIBHQRGCGJCTRJ-UHFFFAOYSA-N,COc1ccc(CNC(=O)C(NS(=O)(=O)c2ccc3nc(C)sc3c2)C(C)C)cc1,0.029547137394547462
IPEHBUMCGVEMRF-UHFFFAOYSA-N,NC(=O)c1cnccn1,0.035736129625001924
MJIHNNLFOKEZEW-UHFFFAOYSA-N,Cc1c(OCC(F)(F)F)ccnc1CS(=O)c1nc2ccccc2[nH]1,0.11265933656832203
XRBKJDHRNLCVHP-UHFFFAOYSA-N,COc1cc(C(C(=O)NC2CCCCC2)N(C(=O)Cc2c[nH]c3ccccc23)c2ccc(C(C)C)cc2)cc(OC)c1OC,0.03467795355245471
KJFBVJALEQWJBS-XUXIUFHCSA-N,CC(C)Nc1nc2cc(Cl)c(Cl)cc2n1[C@H]1O[C@@H](CO)[C@H](O)[C@@H]1O,0.10831070467829704
IPSYPUKKXMNCNQ-PLKHDWLOSA-N,CNC(=O)C1O[C@@H](n2cnc3c(NCc4cccc(I)c4)nc(Cl)nc32)[C@H](O)[C@@H]1O,0.12301094867289067
FJLRLRNXJLDEIR-UHFFFAOYSA-N,N#Cc1c(F)c(Cl)c(NCc2ccccc2)c(C#N)c1F,0.02455688491172623
ROFHCHDLNGIYAX-UHFFFAOYSA-N,CCc1cc(Cc2cnc(N)nc2N)cc2c1N(C)CCC2C,0.03693534154444933
QBFUKKFEXBNTJX-UHFFFAOYSA-N,Cc1c[nH]c(=O)nc1NCc1ccccc1,0.025489102490246295
CSMBFVQVRVUQMI-CXIOKZBNSA-N,Nc1nc(-c2ccccc2)nc2c1ncn2[C@@H]1O[C@H](COS(=O)(=O)NC(=O)c2ccccc2O)[C@@H](O)[C@H]1O,0.14136480763554574
TYMRLRRVMHJFTF-UHFFFAOYSA-N,NCc1ccc(S(N)(=O)=O)cc1,0.0054915125987463394
QJBUEINIMXZUED-UHFFFAOYSA-N,CC(C)Cn1c(=O)n(C)c(=O)c2c(-c3cncn3C)n(Cc3cccc4ccccc34)nc21,0.012733992550056427
NRGWKXPKGOBGSH-UHFFFAOYSA-N,Cc1cc(O)c2c(c1)C(=O)c1c(I)c(O)c(I)c(O)c1C2=O,0.11537710139527917
ORQFDHFZSMXRLM-IYBDPMFKSA-N,COc1ccc(C[C@@H](C)[C@@H](C)Cc2ccc(OC)c(OC)c2)cc1OC,0.18098423704504968
IKYRKAUVHXFIEV-UHFFFAOYSA-N,CN(C(=O)C1(c2ccc(Cl)cc2)CCC1)c1ccccc1,0.17753951326012612
ZYGWKDDRPATRQB-UHFFFAOYSA-N,O=C(O)c1sccc1S(=O)(=O)n1ccc2cc(Br)ccc21,0.023085409903433173
NVBCATDOLBSLLJ-UHFFFAOYSA-N,CCCCc1ccc(-c2cc(C(=O)O)cc(-c3ccc(Cl)cc3)n2)cc1,0.08992663621902466
MYPWSRSRUZNFDA-UHFFFAOYSA-N,C=CCc1cc(Cc2cnc(N)nc2N)cc(OC)c1O,0.08589901868253946
QGCUBJONLOMFPY-UHFFFAOYSA-N,Nc1nc(NC2Cc3ccc(F)cc3C2)nc(N2CCCCC2)n1,0.12193823643028737
LCUJVPKQAPUUAQ-UHFFFAOYSA-N,O=C(O)c1cc(-c2ccc(Br)cc2)nc2ccc(Cl)cc12,0.1495669472962618
YDSHHDISKUSKFW-UHFFFAOYSA-N,Oc1c(C(Nc2nc3ccccc3s2)c2ccc(OC(F)F)cc2)ccc2cccnc12,0.14110592603683472
QGJZLNKBHJESQX-FZFNOLFKSA-N,C=C(C)[C@@H]1CC[C@]2(C(=O)O)CC[C@]3(C)[C@H](CC[C@@H]4[C@@]5(C)CC[C@H](O)C(C)(C)[C@@H]5CC[C@]43C)[C@@H]12,0.09241674132645131
HBUBKKRHXORPQB-GIMIYPNGSA-N,Nc1nc(F)nc2c1ncn2[C@H]1O[C@@H](CO)[C@H](O)[C@@H]1O,0.13855312317609786
PLHJCIYEEKOWNM-HHHXNRCGSA-N,Cn1cncc1[C@@](N)(c1ccc(Cl)cc1)c1ccc2c(c1)c(-c1cccc(Cl)c1)cc(=O)n2C,0.05473407888785005
NHYDBJFGZCQFEO-UHFFFAOYSA-N,Cn1c2ccccc2c(=O)c2c(O)cccc21,0.3102633789181709
GXALXAKNHIROPE-QAQDUYKDSA-N,O=C(O)C[C@H]1CC[C@H](c2ccc(-c3ccc(Nc4ccc(C(F)(F)F)nc4)cn3)cc2)CC1,0.1227902140468359
QDBVSOZTVKXUES-UHFFFAOYSA-N,CN(C)CCCNC(=O)c1ccc(-c2cc(O)c3ncccc3c2)cc1,0.06442649140954018
IVZKZONQVYTCKC-UHFFFAOYSA-N,Cc1nc(N(C)C(=O)Cc2ccc(-c3ccccn3)cc2)sc1S(N)(=O)=O,0.022946033696644007
LSNKWEWHGABPNH-UHFFFAOYSA-N,CC(=O)Nc1cc(NS(=O)(=O)c2ccc(Cl)cc2)cc2c(Cl)n[nH]c12,0.015216817660257221
WUDYUQXXUZPWMX-HKALDPMFSA-N,C[C@H](NC(CC(=O)c1ccccc1C(F)(F)F)C(=O)O)c1ccccc1,0.03250628719106317
XSKKWZTWZQFYNU-UHFFFAOYSA-N,Nc1c(C(=O)NCc2ccco2)c2nc3ccccc3nc2n1CCN1CCCCC1,0.05395550336688757
PRTMCDUZAVNQLB-UHFFFAOYSA-N,O=C(Cn1cnc2ccccc2c1=O)Nc1ccccc1,0.03545195404440164
GCXWAEJLLFKQFQ-UHFFFAOYSA-N,CCOc1ccc(C(=O)NCCc2ccccc2)cc1,0.039605190977454185
WKXGYUANKKYRFY-UHFFFAOYSA-N,Nc1cc(-c2nc3ccccc3[nH]2)n[nH]c1=O,0.08862622119486332
NNTYBKTXMKBRFA-CQSZACIVSA-N,O=c1cc(NCCCN[C@@H]2CCOc3c(Br)cc(Br)cc32)[nH]c2ccsc12,0.052037767693400384
DJYPPKXJBSHHDF-UHFFFAOYSA-N,CC(C)Nc1ncnc2c1cnn2-c1ccc(Cl)cc1,0.035660904459655286
WQJZXSSAMGZVTM-UHFFFAOYSA-N,COc1c(F)c(F)cc2c(=O)c(C(=O)O)cn(C3CC3)c12,0.8133468270301819
CRSBMRJNJIXPFW-UHFFFAOYSA-N,CCC(C)NCC(O)Cn1c2ccc(Cl)cc2c2cc(Cl)ccc21,0.2076181575655937
QUHARGDBJJUOEB-UHFFFAOYSA-N,CCc1cc(O)c(Oc2ccc(C(N)=O)cc2F)cc1F,0.0778233040124178
VKALDCMAEMVTMA-UHFFFAOYSA-N,CN1c2ccc(Cl)cc2N(c2ccccc2)C(=O)c2cn(Cc3ccc(CN4CCOCC4)cc3)nc21,0.06937611205503344
RCGCZPXSRLLKCK-UHFFFAOYSA-N,O=P(O)(O)C(CCCc1cccc(Oc2ccccc2)c1)S(=O)(=O)O,0.03733400730416179
GDVBJOIZLSFPKV-UHFFFAOYSA-N,CC(C)(C)c1ccc(C(=O)NC(=O)N2CCCc3ccccc32)cc1,0.005356627260334789
ROSNVSQTEGHUKU-UHFFFAOYSA-N,O=C(NO)C1(CS(=O)(=O)c2ccc(Oc3ccc(Cl)cc3)cc2)CCOCC1,0.046818243060261014
QVPPQDAPAFWTCK-UHFFFAOYSA-N,O=C(NNC(=S)Nc1ccc(Cl)cc1)c1ccncc1,0.05296955965459347
RNRTXDQLRRSXNM-UHFFFAOYSA-N,OB1OCc2c1ccc(Cl)c2F,0.2823625072836876
AXQWSKSKNKFXCX-LOSGSANQSA-N,CC(C)CCN1C(=O)C(C2=NS(=O)(=O)c3cc(NS(C)(=O)=O)ccc3N2)=C(O)[C@@H]2[C@H]3CC[C@H](C3)[C@@H]21,0.040588272642344235
MPNGLQDRSJNLPL-UHFFFAOYSA-N,O=C(CSc1nnc(Br)n1-c1ccc(C2CC2)c2ccccc12)Nc1ccc(C(=O)O)cc1Cl,0.14014229718595744
LFWXWAVDSWFXHT-MRXNPFEDSA-N,C[C@H](c1cccc2ccccc12)N(C)Cc1ccccc1,0.12197500765323639
NNARXJVWUPPZIP-UUWRZZSWSA-N,C=CCN(C(=O)OCc1ccc([N+](=O)[O-])cc1)C1CCN(CC[C@](C)(CN(C)S(=O)(=O)c2ccccc2)c2ccccc2)CC1,0.04839115221984684
SIBDJDZVNXVLEX-QGZVFWFLSA-N,C[C@@H](NC(=O)c1cccc(-c2c[nH]c(-c3cc4ccccc4cn3)n2)c1)c1ccc(F)cc1,0.03277227655053139
KMUNHOKTIVSFRA-KXFIGUGUSA-N,Nc1nc2c(ncn2/C=C2/CC2(CO)CO)c(=O)[nH]1,0.04826999339275062
RXVFRMXAXTXYKU-UHFFFAOYSA-N,CN1C(=O)C(c2ccccc2)C(=O)N(c2ccccc2)c2cc(C(F)(F)F)ccc21,0.07166257388889789
GHVRAPBHFZUHHM-UHFFFAOYSA-N,COc1ccc(C(C)(C)C)cc1NC(=O)C(=O)c1ccc(OCCN2CCOCC2)c2ccccc12,0.05026873461902141
YTAOBBFIOAEMLL-MNWMYKRDSA-N,N#C/C(=C1/SC[C@H](c2ccc(Cl)cc2Cl)S1)n1ccnc1,0.010603899936904781
ODSMLDZBFVDLKY-UHFFFAOYSA-N,CN(C)c1[nH]c(=O)ncc1F,0.03026118890848011
BNZXYKLBWJQVLH-UHFFFAOYSA-N,O=C(NC(=O)N1CCCc2ccccc21)c1ccc(Cl)cc1Cl,0.030147737264633177
XPHDEHGEYDSHQE-UHFFFAOYSA-N,Cc1cc(NS(=O)(=O)c2ccc(-c3ccc(F)cc3F)cc2)no1,0.01349445355590433
RABXUTUHXGTCQM-UHFFFAOYSA-N,CCCNc1ccc(S(=O)(=O)Nc2cc(C)on2)cc1,0.0036476278852205723
PTCGDEVVHUXTMP-UHFFFAOYSA-N,CC(C)Oc1cccc(NC(=O)c2ccccc2C(F)(F)F)c1,0.04039714075624943
FJAZFZVVYUKQSH-UHFFFAOYSA-N,O=C1C=C(c2ccccc2)S(=O)(=O)c2ccccc21,0.01611951633822173
KCUPNJVFRBGYFW-UHFFFAOYSA-N,O=C(Nc1[nH]c(=O)ncc1F)c1ccccc1,0.027372588589787483
UBUFVRJUGFJQSI-PPJSLLJVSA-N,CC(C)(C)NC(=O)[C@@H]1CN(Cc2cnc3occc3c2)CCN1C[C@@H](O)C[C@@H](Cc1ccccc1)C(=O)N[C@H]1c2ccccc2C[C@H]1O,0.05191372111439705
SUFPWYYDCOKDLL-UHFFFAOYSA-N,Cc1cc(-c2ccccc2)c(C(=O)C(=O)Nc2ccc(N3CCN(c4ncc(F)cn4)CC3)cc2)n1C,0.0666494918987155
MMAKATGSYRJQPM-UHFFFAOYSA-N,Cc1cc(CCOc2c(C)cc(-c3nnn(C)n3)cc2C)on1,0.015537850803229957
DOHVAKFYAHLCJP-UHFFFAOYSA-N,Nc1nc2c(Cc3cccnc3)c[nH]c2c(=O)[nH]1,0.03260428607463837
UZJAIYJXBYWENR-AREMUKBSSA-N,O=C(O)COc1cccc2c1CC[C@](O)(COC(=O)N(c1ccccc1)c1ccccc1)C2,0.02009046021848917
DBNZTRPIBJSUIX-WAYWQWQTSA-N,CC(C)Oc1ccc(-n2cnc3cc(/C=C\c4ccc(C(C)(C)O)cc4)ccc32)cc1,0.10084721632301807
GBOYJIHYACSLGN-UHFFFAOYSA-N,O=C(NCc1ncc(C(F)(F)F)cc1Cl)c1c(Cl)cccc1Cl,0.15992500223219394
USDBYXDVVOKZMJ-UHFFFAOYSA-N,O=C(NC(=O)N1CCCc2ccccc21)c1cccc(Cl)c1,0.018631357653066515
XGYYVDZJWSDWDE-IBGZPJMESA-N,CN(O)C(=O)c1cc2c(CN3CCC[C@H]3C(N)=O)cn(Cc3ccc(F)cc3)c2cn1,0.044726622151210906
TZVPHEKAVUIROV-UHFFFAOYSA-N,COC(=O)Nc1nc2c(C)cccc2[nH]1,0.09999302253127099
QVWDCUMRWIBGJX-UHFFFAOYSA-N,Cc1cc(C)n(O)c(=O)c1,0.03184809309896082
HHCIGERYCJXKQX-UHFFFAOYSA-N,CNc1nc(=O)[nH]cc1F,0.02660969300195575
UTHBRSYQYAZHOI-UHFFFAOYSA-N,CCNC(=O)Nc1cn2c(-c3ncc(CC)cn3)cc(-c3cccnc3)cc2n1,0.013995077181607484
KJEUORQIESDSSV-UHFFFAOYSA-N,O=S(=O)(NCB(O)O)c1ccc(-c2nnn[nH]2)cc1C(F)(F)F,0.006421955427504145
LNGBIKCCEMPBEN-SANMLTNESA-N,NC(=O)C(c1ccccc1)(c1ccccc1)[C@H]1CCCN(CCc2ccc3c(c2)CCO3)C1,0.2744671911001205
QYLLDHFWLPHBMT-UHFFFAOYSA-N,Cc1cc(C)n2nc(C(=O)NS(=O)(=O)c3c(C)cccc3OC(F)(F)F)nc2n1,0.007739765541191446
